corridor,src_name,dst_name,src_state,dst_state,median_delay_ratio,median_actual,median_osrm,median_dist_km,n_traversals,sla_breach_rate,total_excess_min,ratio_ftl,ratio_carting,ratio_morning,ratio_afternoon,ratio_evening,ratio_night
IND000000ACB -> IND562132AAA,Gurgaon_Bilaspur_HB (Haryana),Bangalore_Nelmngla_H (Karnataka),Haryana,Karnataka,1.852,2865.5,1548.0,2065.063,66,1.0,89334.0,1.852,,1.846,1.913,1.867,1.828
IND562132AAA -> IND000000ACB,Bangalore_Nelmngla_H (Karnataka),Gurgaon_Bilaspur_HB (Haryana),Karnataka,Haryana,1.819,2786.0,1530.0,2089.217,44,1.0,55820.0,1.819,,1.881,1.775,1.845,1.849
IND000000ACB -> IND712311AAA,Gurgaon_Bilaspur_HB (Haryana),Kolkata_Dankuni_HB (West Bengal),Haryana,West Bengal,2.032,2063.5,1016.0,1427.93,48,1.0,55636.0,2.032,,,2.195,1.894,2.026
IND781018AAB -> IND110037AAM,Guwahati_Hub (Assam),Delhi_Airport_H (Delhi),Assam,Delhi,2.53,3347.0,1323.0,1807.937,17,1.0,34802.0,2.53,,,,2.53,
IND000000ACB -> IND501359AAE,Gurgaon_Bilaspur_HB (Haryana),Hyderabad_Shamshbd_H (Telangana),Haryana,Telangana,1.91,2229.0,1165.0,1562.702,29,1.0,33048.0,1.91,,,2.094,1.894,1.882
IND000000ACB -> IND421302AAG,Gurgaon_Bilaspur_HB (Haryana),Bhiwandi_Mankoli_HB (Maharashtra),Haryana,Maharashtra,1.927,1858.0,963.0,1322.402,33,1.0,31005.0,1.927,,1.996,1.921,1.944,1.83
IND421302AAG -> IND000000ACB,Bhiwandi_Mankoli_HB (Maharashtra),Gurgaon_Bilaspur_HB (Haryana),Maharashtra,Haryana,1.998,1935.5,968.0,1322.628,26,1.0,25710.0,1.998,,2.031,,1.883,1.977
IND000000ACB -> IND600056AAB,Gurgaon_Bilaspur_HB (Haryana),MAA_Poonamallee_HB (Tamil Nadu),Haryana,Tamil Nadu,1.861,2995.5,1610.0,2190.224,14,1.0,21102.0,1.861,,1.877,,,1.845
IND421302AAG -> IND110037AAM,Bhiwandi_Mankoli_HB (Maharashtra),Delhi_Airport_H (Delhi),Maharashtra,Delhi,2.081,2098.0,1007.0,1366.365,19,1.0,21082.0,2.081,,2.077,,,2.091
IND854326AAB -> IND000000ACB,Purnia_Central_H_2 (Bihar),Gurgaon_Bilaspur_HB (Haryana),Bihar,Haryana,2.186,2032.5,930.0,1269.708,18,1.0,19929.0,2.186,,,2.139,2.233,
IND421302AAG -> IND562132AAA,Bhiwandi_Mankoli_HB (Maharashtra),Bangalore_Nelmngla_H (Karnataka),Maharashtra,Karnataka,1.858,1321.0,709.0,968.846,30,1.0,19060.0,1.858,,1.782,1.777,1.73,1.901
IND110037AAM -> IND421302AAG,Delhi_Airport_H (Delhi),Bhiwandi_Mankoli_HB (Maharashtra),Delhi,Maharashtra,1.991,1985.5,997.0,1367.775,18,1.0,18691.0,1.991,,,,2.018,1.991
IND000000ACB -> IND751002AAB,Gurgaon_Bilaspur_HB (Haryana),Bhubaneshwar_Hub (Orissa),Haryana,Orissa,2.04,2379.0,1167.0,1638.7,15,1.0,18644.0,2.04,,,,2.04,2.044
IND000000ACB -> IND160002AAC,Gurgaon_Bilaspur_HB (Haryana),Chandigarh_Mehmdpur_H (Punjab),Haryana,Punjab,2.205,467.5,211.0,280.284,58,1.0,18417.0,2.205,,2.28,2.026,2.161,2.316
IND562132AAA -> IND302014AAA,Bangalore_Nelmngla_H (Karnataka),Jaipur_Hub (Rajasthan),Karnataka,Rajasthan,1.944,2656.0,1366.0,1854.751,14,1.0,18292.0,1.944,,,,1.944,
IND562132AAA -> IND751002AAB,Bangalore_Nelmngla_H (Karnataka),Bhubaneshwar_Hub (Orissa),Karnataka,Orissa,2.074,2169.0,1047.0,1416.699,15,1.0,17516.0,2.074,,2.106,2.091,2.062,
IND751002AAB -> IND562132AAA,Bhubaneshwar_Hub (Orissa),Bangalore_Nelmngla_H (Karnataka),Orissa,Karnataka,2.263,2396.0,1058.0,1423.141,13,1.0,17275.0,2.263,,,2.312,2.144,
IND000000ACB -> IND411033AAA,Gurgaon_Bilaspur_HB (Haryana),Pune_Tathawde_H (Maharashtra),Haryana,Maharashtra,1.77,1785.5,1010.0,1361.705,22,1.0,17087.0,1.77,,,,1.77,1.73
IND395023AAA -> IND562132AAA,Surat_HUB (Gujarat),Bangalore_Nelmngla_H (Karnataka),Gujarat,Karnataka,1.944,1679.0,863.0,1193.111,20,1.0,16235.0,1.944,,1.945,,,1.75
IND160002AAC -> IND000000ACB,Chandigarh_Mehmdpur_H (Punjab),Gurgaon_Bilaspur_HB (Haryana),Punjab,Haryana,1.991,421.0,211.0,280.268,66,1.0,15856.0,1.991,,1.919,2.148,2.014,2.18
IND462022AAA -> IND000000ACB,Bhopal_Trnsport_H (Madhya Pradesh),Gurgaon_Bilaspur_HB (Haryana),Madhya Pradesh,Haryana,1.913,1113.0,584.0,814.209,26,1.0,14769.0,1.913,,,,1.916,1.842
IND000000ACB -> IND842001AAA,Gurgaon_Bilaspur_HB (Haryana),Muzaffrpur_Bbganj_I (Bihar),Haryana,Bihar,2.047,1509.0,737.0,995.455,19,1.0,14710.0,2.047,,2.05,,,2.043
IND421302AAG -> IND712311AAA,Bhiwandi_Mankoli_HB (Maharashtra),Kolkata_Dankuni_HB (West Bengal),Maharashtra,West Bengal,2.116,2924.0,1383.0,1933.685,9,1.0,13921.0,2.116,,,,2.116,2.111
IND847226AAA -> IND842001AAA,Jaynagar_Wardno6_D (Bihar),Muzaffrpur_Bbganj_I (Bihar),Bihar,Bihar,8.976,754.0,84.0,118.731,21,1.0,13868.0,8.976,,,,,8.976
IND000000ACB -> IND521225AAB,Gurgaon_Bilaspur_HB (Haryana),Vijayawada_Rynapadu_H (Andhra Pradesh),Haryana,Andhra Pradesh,1.949,2501.0,1282.0,1728.334,11,1.0,13690.0,1.949,,,,,1.949
IND411033AAA -> IND000000ACB,Pune_Tathawde_H (Maharashtra),Gurgaon_Bilaspur_HB (Haryana),Maharashtra,Haryana,1.72,1746.5,1015.0,1361.728,18,1.0,13519.0,1.72,,1.684,,1.765,1.747
IND501359AAE -> IND462022AAA,Hyderabad_Shamshbd_H (Telangana),Bhopal_Trnsport_H (Madhya Pradesh),Telangana,Madhya Pradesh,2.098,1290.5,614.0,865.892,20,1.0,13461.0,2.098,,,2.288,2.102,2.016
IND421302AAG -> IND501359AAE,Bhiwandi_Mankoli_HB (Maharashtra),Hyderabad_Shamshbd_H (Telangana),Maharashtra,Telangana,1.987,1107.5,557.0,778.519,24,1.0,13287.0,1.987,,1.99,1.956,2.218,
IND712311AAA -> IND781018AAB,Kolkata_Dankuni_HB (West Bengal),Guwahati_Hub (Assam),West Bengal,Assam,3.187,2184.5,687.0,953.493,8,1.0,13240.0,3.187,,,,3.467,3.088
IND421302AAG -> IND131028AAB,Bhiwandi_Mankoli_HB (Maharashtra),Sonipat_Kundli_H (Haryana),Maharashtra,Haryana,1.912,1986.5,1038.0,1427.242,14,1.0,13239.0,1.912,,,,1.917,1.898
IND562132AAA -> IND462022AAA,Bangalore_Nelmngla_H (Karnataka),Bhopal_Trnsport_H (Madhya Pradesh),Karnataka,Madhya Pradesh,1.934,1994.0,1031.0,1393.662,13,1.0,13179.0,1.934,,1.933,,,2.033
IND395023AAA -> IND110037AAM,Surat_HUB (Gujarat),Delhi_Airport_H (Delhi),Gujarat,Delhi,1.836,1543.5,841.0,1118.718,18,1.0,13090.0,1.836,,,1.836,,
IND411033AAA -> IND421302AAG,Pune_Tathawde_H (Maharashtra),Bhiwandi_Mankoli_HB (Maharashtra),Maharashtra,Maharashtra,1.99,201.0,101.0,129.649,107,1.0,12654.0,1.99,,2.151,1.96,1.875,2.125
IND000000ACB -> IND834002AAB,Gurgaon_Bilaspur_HB (Haryana),Ranchi_Hub (Jharkhand),Haryana,Jharkhand,1.885,1604.5,851.0,1192.9,16,1.0,12410.0,1.885,,,,1.887,1.885
IND000000ACB -> IND821115AAB,Gurgaon_Bilaspur_HB (Haryana),Sasaram_Central_I_2 (Bihar),Haryana,Bihar,2.053,1326.5,646.0,900.899,18,1.0,12290.0,2.053,,,,1.91,2.056
IND209304AAA -> IND000000ACB,Kanpur_Central_H_6 (Uttar Pradesh),Gurgaon_Bilaspur_HB (Haryana),Uttar Pradesh,Haryana,1.96,643.0,328.0,445.706,35,1.0,12025.0,1.96,,2.02,1.902,2.126,1.905
IND382430AAB -> IND000000ACB,Ahmedabad_East_H_1 (Gujarat),Gurgaon_Bilaspur_HB (Haryana),Gujarat,Haryana,1.852,1169.0,630.0,876.266,17,1.0,11823.0,1.852,,2.317,1.815,1.787,
IND712311AAA -> IND000000ACB,Kolkata_Dankuni_HB (West Bengal),Gurgaon_Bilaspur_HB (Haryana),West Bengal,Haryana,1.884,1986.0,1054.0,1435.191,11,1.0,11559.0,1.884,,,1.884,,
IND110064AAA -> IND000000ACB,Delhi_Mayapuri_PC (Delhi),Gurgaon_Bilaspur_HB (Haryana),Delhi,Haryana,1.929,108.0,53.0,57.28,39,1.0,11555.0,,1.929,12.167,,1.327,13.596
IND176310AAA -> IND145001AAA,Chamba_Bangotu_D (Himachal Pradesh),Pathankot_DC (Punjab),Himachal Pradesh,Punjab,6.178,1065.0,172.0,124.227,13,1.0,11464.0,6.178,,6.204,5.788,,
IND462022AAA -> IND209304AAA,Bhopal_Trnsport_H (Madhya Pradesh),Kanpur_Central_H_6 (Uttar Pradesh),Madhya Pradesh,Uttar Pradesh,2.079,822.0,395.0,545.681,25,1.0,11018.0,2.079,,,,2.038,2.094
IND175015AAA -> IND174001AAA,JognderNgr_Dhelu_D (Himachal Pradesh),BilaspurHP_Indsarea_D (Himachal Pradesh),Himachal Pradesh,Himachal Pradesh,7.263,966.0,133.0,122.076,13,1.0,10899.0,7.263,,7.263,,,
IND421302AAG -> IND444005AAB,Bhiwandi_Mankoli_HB (Maharashtra),Akola_Gaurkshn_I (Maharashtra),Maharashtra,Maharashtra,2.381,937.0,391.0,549.995,20,1.0,10879.0,2.381,,,2.381,2.382,
IND000000ACB -> IND131028AAB,Gurgaon_Bilaspur_HB (Haryana),Sonipat_Kundli_H (Haryana),Haryana,Haryana,2.074,200.0,98.0,104.688,92,1.0,10841.0,,2.074,2.031,2.333,2.041,2.0
IND751002AAB -> IND712311AAA,Bhubaneshwar_Hub (Orissa),Kolkata_Dankuni_HB (West Bengal),Orissa,West Bengal,2.043,658.0,322.0,433.6,25,1.0,10259.0,2.043,,2.071,1.793,,1.929
IND825409AAA -> IND000000ACB,JhumriTlya_RadhaCpx_D (Jharkhand),Gurgaon_Bilaspur_HB (Haryana),Jharkhand,Haryana,1.937,1496.5,772.0,1050.337,14,1.0,10188.0,1.937,,,,,1.937
IND712311AAA -> IND751002AAB,Kolkata_Dankuni_HB (West Bengal),Bhubaneshwar_Hub (Orissa),West Bengal,Orissa,1.919,595.0,311.0,434.566,27,1.0,10142.0,1.919,,,,2.249,1.91
IND444005AAB -> IND421302AAG,Akola_Gaurkshn_I (Maharashtra),Bhiwandi_Mankoli_HB (Maharashtra),Maharashtra,Maharashtra,2.307,905.5,392.0,549.665,20,1.0,10131.0,2.307,,2.307,,,
IND847404AAB -> IND842001AAA,Jhanjharpur_Nagar_D (Bihar),Muzaffrpur_Bbganj_I (Bihar),Bihar,Bihar,8.322,633.0,76.0,107.894,18,1.0,10082.0,8.322,,7.181,,,8.597
IND110037AAM -> IND209304AAA,Delhi_Airport_H (Delhi),Kanpur_Central_H_6 (Uttar Pradesh),Delhi,Uttar Pradesh,2.117,707.0,335.0,464.835,25,1.0,9900.0,2.117,,2.108,,2.096,2.132
IND131028AAB -> IND000000ACB,Sonipat_Kundli_H (Haryana),Gurgaon_Bilaspur_HB (Haryana),Haryana,Haryana,1.906,184.5,97.0,108.474,86,0.988,9799.0,,1.906,1.704,1.866,1.948,2.224
IND501359AAE -> IND411033AAA,Hyderabad_Shamshbd_H (Telangana),Pune_Tathawde_H (Maharashtra),Telangana,Maharashtra,2.042,914.0,447.0,596.183,20,1.0,9388.0,2.042,,,2.062,2.042,
IND781018AAB -> IND712311AAA,Guwahati_Hub (Assam),Kolkata_Dankuni_HB (West Bengal),Assam,West Bengal,2.959,2043.0,689.5,954.999,6,1.0,9256.0,2.959,,2.53,3.467,2.842,
IND000000ACB -> IND382430AAB,Gurgaon_Bilaspur_HB (Haryana),Ahmedabad_East_H_1 (Gujarat),Haryana,Gujarat,1.861,1176.0,632.0,873.113,17,1.0,9159.0,1.861,,,1.788,1.868,
IND712311AAA -> IND421302AAG,Kolkata_Dankuni_HB (West Bengal),Bhiwandi_Mankoli_HB (Maharashtra),West Bengal,Maharashtra,2.309,3096.0,1342.0,1884.216,5,1.0,9140.0,2.309,,,,2.408,2.283
IND421302AAG -> IND411033AAA,Bhiwandi_Mankoli_HB (Maharashtra),Pune_Tathawde_H (Maharashtra),Maharashtra,Maharashtra,2.196,211.0,97.0,130.802,72,1.0,9108.0,2.196,,2.411,2.263,2.041,2.676
IND000000ACB -> IND462022AAA,Gurgaon_Bilaspur_HB (Haryana),Bhopal_Trnsport_H (Madhya Pradesh),Haryana,Madhya Pradesh,1.855,1090.5,588.0,813.957,18,1.0,8914.0,1.855,,,,1.702,1.859
IND847223AAA -> IND842001AAA,Benipatti_WardNo1_D (Bihar),Muzaffrpur_Bbganj_I (Bihar),Bihar,Bihar,10.297,659.0,65.0,85.871,15,1.0,8631.0,10.297,,6.769,,,10.531
IND834002AAB -> IND000000ACB,Ranchi_Hub (Jharkhand),Gurgaon_Bilaspur_HB (Haryana),Jharkhand,Haryana,1.96,1670.5,852.5,1162.427,10,1.0,8401.0,1.96,,1.959,1.961,,
IND845305AAA -> IND842001AAA,Raxaul_KairiyaT_D (Bihar),Muzaffrpur_Bbganj_I (Bihar),Bihar,Bihar,5.839,560.5,96.0,136.04,20,1.0,8364.0,5.839,,2.594,,,5.969
IND411033AAA -> IND403726AAA,Pune_Tathawde_H (Maharashtra),Goa_Hub (Goa),Maharashtra,Goa,2.049,798.0,389.0,511.485,20,1.0,8317.0,2.049,,2.049,,2.059,1.997
IND152026AAA -> IND000000ACA,Muktsar_DPC (Punjab),Ludhiana_MilrGanj_HB (Punjab),Punjab,Punjab,4.533,548.0,121.0,159.736,19,1.0,8103.0,4.533,,,,4.533,
IND421302AAG -> IND462022AAA,Bhiwandi_Mankoli_HB (Maharashtra),Bhopal_Trnsport_H (Madhya Pradesh),Maharashtra,Madhya Pradesh,2.198,1214.5,553.0,768.122,12,1.0,7924.0,2.198,,,2.139,2.212,2.186
IND342301AAA -> IND342005AAD,Phalodi_PalikDPP_D (Rajasthan),Jodhpur_Basni_I (Rajasthan),Rajasthan,Rajasthan,5.859,750.0,127.0,163.35,14,1.0,7921.0,5.859,,,5.859,,
IND844505AAB -> IND842001AAA,HazratJandaha_HajiprRD_D (Bihar),Muzaffrpur_Bbganj_I (Bihar),Bihar,Bihar,11.779,606.5,52.0,73.674,14,1.0,7878.0,11.779,,4.294,,,12.019
IND721102AAA -> IND712311AAA,Midnapore_Talkui_D (West Bengal),Kolkata_Dankuni_HB (West Bengal),West Bengal,West Bengal,7.9,711.0,92.0,125.327,13,1.0,7866.0,7.9,,,3.194,,8.074
IND473331AAA -> IND473226AAA,Ashokngr_Bypassrd_D (Madhya Pradesh),Guna_Raghogrh_D (Madhya Pradesh),Madhya Pradesh,Madhya Pradesh,1.982,162.5,81.0,77.336,16,1.0,7524.0,1.982,,1.982,6.463,,
IND713205AAB -> IND712311AAA,Durgapur_Central_I_1 (West Bengal),Kolkata_Dankuni_HB (West Bengal),West Bengal,West Bengal,7.516,793.0,105.0,148.609,12,1.0,7472.0,7.516,,,7.623,,1.769
IND421302AAG -> IND382430AAB,Bhiwandi_Mankoli_HB (Maharashtra),Ahmedabad_East_H_1 (Gujarat),Maharashtra,Gujarat,2.068,740.5,358.0,492.767,18,1.0,7176.0,2.068,,2.038,2.052,2.081,
IND560099AAB -> IND560300AAA,Bengaluru_Bomsndra_HB (Karnataka),Bengaluru_KGAirprt_HB (Karnataka),Karnataka,Karnataka,1.833,110.0,57.0,54.349,121,0.926,7001.0,,1.833,2.526,1.624,1.345,2.621
IND722151AAA -> IND723130AAA,Simlapal_Central_D_1 (West Bengal),Hura_Central_D_1 (West Bengal),West Bengal,West Bengal,15.06,1054.0,70.0,89.352,8,1.0,6881.0,15.06,,16.36,13.457,,1.536
IND560300AAA -> IND560099AAB,Bengaluru_KGAirprt_HB (Karnataka),Bengaluru_Bomsndra_HB (Karnataka),Karnataka,Karnataka,2.454,136.0,56.0,52.916,86,0.895,6878.0,,2.454,3.171,2.973,1.522,2.491
IND177033AAA -> IND160002AAC,Nadaun_Ward6_D (Himachal Pradesh),Chandigarh_Mehmdpur_H (Punjab),Himachal Pradesh,Punjab,2.887,583.0,201.0,214.307,18,1.0,6706.0,2.887,,2.887,,,
IND411033AAA -> IND521225AAB,Pune_Tathawde_H (Maharashtra),Vijayawada_Rynapadu_H (Andhra Pradesh),Maharashtra,Andhra Pradesh,1.937,1325.0,684.0,912.038,10,1.0,6701.0,1.937,,1.928,,,1.946
IND411033AAA -> IND431603AAA,Pune_Tathawde_H (Maharashtra),Nanded_Aswningr_I (Maharashtra),Maharashtra,Maharashtra,2.264,729.0,322.0,446.946,15,1.0,6562.0,2.264,,2.261,,,2.344
IND000000ACB -> IND209304AAA,Gurgaon_Bilaspur_HB (Haryana),Kanpur_Central_H_6 (Uttar Pradesh),Haryana,Uttar Pradesh,2.28,732.0,321.0,444.321,15,1.0,6466.0,2.28,,,,2.271,2.29
IND501359AAE -> IND751002AAB,Hyderabad_Shamshbd_H (Telangana),Bhubaneshwar_Hub (Orissa),Telangana,Orissa,2.027,1487.5,735.0,1037.954,8,1.0,6284.0,2.027,,,,,2.027
IND788026AAC -> IND781018AAB,Silchar_Sirikona_H (Assam),Guwahati_Hub (Assam),Assam,Assam,2.398,586.5,246.0,337.554,18,1.0,6255.0,2.398,,2.679,,2.382,2.445
IND000000ACB -> IND390022AAA,Gurgaon_Bilaspur_HB (Haryana),Vadodara_Karelibaug_DPC (Gujarat),Haryana,Gujarat,1.783,1239.0,695.0,913.377,11,1.0,6164.0,1.783,,,,1.783,
IND421302AAG -> IND834002AAB,Bhiwandi_Mankoli_HB (Maharashtra),Ranchi_Hub (Jharkhand),Maharashtra,Jharkhand,2.333,2659.0,1140.0,1589.835,4,1.0,6056.0,2.333,,,,,2.333
IND562132AAA -> IND560300AAA,Bangalore_Nelmngla_H (Karnataka),Bengaluru_KGAirprt_HB (Karnataka),Karnataka,Karnataka,1.723,83.0,48.0,38.23,151,0.967,6008.0,,1.723,1.98,1.7,1.388,2.175
IND134109AAA -> IND160002AAC,Chandigarh_Panchkula (Chandigarh),Chandigarh_Mehmdpur_H (Punjab),Chandigarh,Punjab,12.838,475.0,37.0,43.66,15,1.0,5996.0,,12.838,13.686,,,1.515
IND400072AAD -> IND421302AAG,Mumbai_Chndivli_PC (Maharashtra),Bhiwandi_Mankoli_HB (Maharashtra),Maharashtra,Maharashtra,2.727,58.0,21.0,25.67,99,1.0,5938.0,,2.727,3.957,4.017,2.375,2.476
IND560300AAA -> IND562132AAA,Bengaluru_KGAirprt_HB (Karnataka),Bangalore_Nelmngla_H (Karnataka),Karnataka,Karnataka,1.802,91.0,51.0,42.224,108,0.981,5847.0,,1.802,1.885,1.59,1.314,2.471
IND395023AAA -> IND411033AAA,Surat_HUB (Gujarat),Pune_Tathawde_H (Maharashtra),Gujarat,Maharashtra,2.69,780.0,291.0,394.827,11,1.0,5818.0,2.69,,2.669,,,2.796
IND249407AAA -> IND131028AAB,Haridwar (Uttarakhand),Sonipat_Kundli_H (Haryana),Uttarakhand,Haryana,2.734,488.0,178.0,194.811,18,1.0,5760.0,2.734,,2.725,2.743,,
IND781018AAB -> IND788026AAC,Guwahati_Hub (Assam),Silchar_Sirikona_H (Assam),Assam,Assam,2.721,679.0,249.0,341.154,12,1.0,5536.0,2.721,,,,,2.721
IND416012AAA -> IND395023AAA,Kolhapur_Shivaji_I (Maharashtra),Surat_HUB (Gujarat),Maharashtra,Gujarat,1.714,845.0,492.0,623.403,15,1.0,5525.0,1.714,,,1.714,,
IND000000ACB -> IND201301AAM,Gurgaon_Bilaspur_HB (Haryana),Noida_Sector63_L (Uttar Pradesh),Haryana,Uttar Pradesh,2.62,212.0,81.0,92.044,39,1.0,5497.0,,2.62,,3.348,2.518,2.62
IND403726AAA -> IND411033AAA,Goa_Hub (Goa),Pune_Tathawde_H (Maharashtra),Goa,Maharashtra,1.951,757.0,390.0,510.203,14,1.0,5496.0,1.951,,,3.031,1.939,2.28
IND562132AAA -> IND411033AAA,Bangalore_Nelmngla_H (Karnataka),Pune_Tathawde_H (Maharashtra),Karnataka,Maharashtra,1.691,1069.0,631.0,852.093,13,1.0,5480.0,1.691,,1.691,,,
IND411033AAA -> IND562132AAA,Pune_Tathawde_H (Maharashtra),Bangalore_Nelmngla_H (Karnataka),Maharashtra,Karnataka,1.786,1102.0,615.0,840.751,10,1.0,5312.0,1.786,,,,1.758,2.22
IND743270AAA -> IND712311AAA,Helencha_ColnyDPP_D (West Bengal),Kolkata_Dankuni_HB (West Bengal),West Bengal,West Bengal,15.351,1136.0,73.0,98.56,5,1.0,5299.0,15.351,,,,,15.351
IND821115AAB -> IND000000ACB,Sasaram_Central_I_2 (Bihar),Gurgaon_Bilaspur_HB (Haryana),Bihar,Haryana,2.083,1348.0,647.0,870.34,7,1.0,5280.0,2.083,,,,,2.083
IND712311AAA -> IND834002AAB,Kolkata_Dankuni_HB (West Bengal),Ranchi_Hub (Jharkhand),West Bengal,Jharkhand,2.348,655.0,285.0,393.78,13,1.0,5277.0,2.348,,,2.178,2.355,
IND562132AAA -> IND560099AAB,Bangalore_Nelmngla_H (Karnataka),Bengaluru_Bomsndra_HB (Karnataka),Karnataka,Karnataka,1.667,85.0,50.0,50.105,127,0.992,5247.0,1.514,1.765,1.792,1.633,1.525,1.761
IND834002AAB -> IND827013AAA,Ranchi_Hub (Jharkhand),Bokaro_KSClny_DC (Jharkhand),Jharkhand,Jharkhand,4.333,390.0,89.0,123.302,17,1.0,5198.0,,4.333,,4.333,,
IND000000ACA -> IND160002AAC,Ludhiana_MilrGanj_HB (Punjab),Chandigarh_Mehmdpur_H (Punjab),Punjab,Punjab,2.065,131.0,62.0,88.797,71,1.0,5070.0,2.073,1.831,1.935,2.315,1.984,2.065
IND382430AAB -> IND395023AAA,Ahmedabad_East_H_1 (Gujarat),Surat_HUB (Gujarat),Gujarat,Gujarat,1.845,372.5,203.0,272.697,30,1.0,5025.0,1.845,,,1.839,1.851,
IND562132AAA -> IND712311AAA,Bangalore_Nelmngla_H (Karnataka),Kolkata_Dankuni_HB (West Bengal),Karnataka,West Bengal,2.222,3044.0,1370.0,1851.241,3,1.0,5018.0,2.222,,2.026,2.318,,
IND431517AAB -> IND411033AAA,Ambajogai_BnsllNgr_D (Maharashtra),Pune_Tathawde_H (Maharashtra),Maharashtra,Maharashtra,2.768,639.5,230.5,318.564,12,1.0,4912.0,2.768,,2.805,,,2.715
IND851127AAA -> IND842001AAA,Manjhaul_Purbari_D (Bihar),Muzaffrpur_Bbganj_I (Bihar),Bihar,Bihar,4.333,416.0,96.0,130.743,16,1.0,4862.0,4.333,,,,,4.333
IND474003AAA -> IND000000ACB,Gwalior_HrihrNgr_I (Madhya Pradesh),Gurgaon_Bilaspur_HB (Haryana),Madhya Pradesh,Haryana,1.635,425.0,261.0,316.019,26,1.0,4689.0,1.635,,,1.732,1.603,1.475
IND306401AAB -> IND305001AAC,Pali_Nayagaon_I (Rajasthan),Ajmer_FoySGRRD_I (Rajasthan),Rajasthan,Rajasthan,2.931,359.5,123.0,166.742,20,1.0,4671.0,,2.931,2.943,2.205,,
IND585307AAB -> IND585104AAA,Chincholi_Mainroad_D (Karnataka),Gulbarga_Nehrugnj_I (Karnataka),Karnataka,Karnataka,4.433,297.0,67.0,72.758,17,1.0,4627.0,,4.433,4.277,,,5.562
IND530012AAA -> IND501359AAE,Visakhapatnam_Gajuwaka_IP (Andhra Pradesh),Hyderabad_Shamshbd_H (Telangana),Andhra Pradesh,Telangana,2.018,877.0,433.0,602.579,10,1.0,4607.0,2.018,,,1.986,2.074,1.972
IND713364AAB -> IND712311AAA,Rupnarayanpur_Salanpur_D (West Bengal),Kolkata_Dankuni_HB (West Bengal),West Bengal,West Bengal,4.424,655.0,146.0,207.479,12,1.0,4595.0,4.424,,1.87,,,4.832
IND206001AAA -> IND000000ACB,Etawah_MhraChng_D (Uttar Pradesh),Gurgaon_Bilaspur_HB (Haryana),Uttar Pradesh,Haryana,1.959,457.5,233.0,310.436,20,1.0,4547.0,1.959,,,,,1.959
IND411033AAA -> IND413002AAA,Pune_Tathawde_H (Maharashtra),Solapur_Central_I_2 (Maharashtra),Maharashtra,Maharashtra,1.774,375.0,212.0,281.159,27,1.0,4464.0,1.774,,,1.778,1.634,1.981
IND000000ACB -> IND302014AAA,Gurgaon_Bilaspur_HB (Haryana),Jaipur_Hub (Rajasthan),Haryana,Rajasthan,1.879,319.5,169.0,221.269,30,1.0,4451.0,1.879,,1.894,1.907,,1.864
IND683511AAA -> IND562132AAA,Aluva_Peedika_H (Kerala),Bangalore_Nelmngla_H (Karnataka),Kerala,Karnataka,2.062,881.5,426.0,483.475,10,1.0,4401.0,2.062,,2.062,,,
IND131028AAB -> IND244001AAA,Sonipat_Kundli_H (Haryana),Moradabad_DC (Uttar Pradesh),Haryana,Uttar Pradesh,1.944,313.0,159.0,201.237,19,1.0,4390.0,1.944,,1.944,,,1.929
IND421302AAG -> IND401104AAA,Bhiwandi_Mankoli_HB (Maharashtra),Mumbai_MiraRd_IP (Maharashtra),Maharashtra,Maharashtra,2.756,65.0,25.0,28.875,78,1.0,4361.0,,2.756,2.727,3.0,2.444,2.56
IND400072AAB -> IND421302AAG,Mumbai Hub (Maharashtra),Bhiwandi_Mankoli_HB (Maharashtra),Maharashtra,Maharashtra,2.958,66.0,23.0,27.434,63,1.0,4357.0,,2.958,3.131,3.804,2.2,3.54
IND501359AAE -> IND533106AAA,Hyderabad_Shamshbd_H (Telangana),Rajamundry_AtoNgrRd_I (Andhra Pradesh),Telangana,Andhra Pradesh,2.214,663.5,299.0,421.568,12,1.0,4333.0,2.214,,,,,2.214
IND421302AAG -> IND400102AAC,Bhiwandi_Mankoli_HB (Maharashtra),Mumbai_Jogshwri_I (Maharashtra),Maharashtra,Maharashtra,2.669,77.5,28.0,32.988,62,1.0,4244.0,,2.669,3.369,2.578,1.846,3.103
IND000000ACT -> IND160002AAC,Delhi_Gateway_HB (Delhi),Chandigarh_Mehmdpur_H (Punjab),Delhi,Punjab,2.037,383.0,188.0,226.199,21,1.0,4180.0,2.037,,2.074,,,2.024
IND852111AAA -> IND854326AAB,Simrahi_Bazar_D (Bihar),Purnia_Central_H_2 (Bihar),Bihar,Bihar,4.036,339.0,84.0,118.238,17,1.0,4171.0,4.036,,,,,4.036
IND560099AAB -> IND562132AAA,Bengaluru_Bomsndra_HB (Karnataka),Bangalore_Nelmngla_H (Karnataka),Karnataka,Karnataka,1.519,84.5,56.0,46.428,102,0.892,4148.0,1.308,1.607,1.982,1.796,1.404,1.483
IND125001AAA -> IND110037AAM,Hisar_ModelTwn_P (Haryana),Delhi_Airport_H (Delhi),Haryana,Delhi,3.642,488.0,132.0,172.491,11,1.0,4120.0,3.642,,4.917,3.609,,
IND000000ACB -> IND121002AAB,Gurgaon_Bilaspur_HB (Haryana),Faridabad_Mthurard_L (Haryana),Haryana,Haryana,1.877,122.0,66.0,77.759,57,1.0,4109.0,,1.877,,2.515,1.632,2.0
IND147105AAA -> IND160002AAC,Patran_MheshNGR_D (Punjab),Chandigarh_Mehmdpur_H (Punjab),Punjab,Punjab,8.412,715.0,85.0,105.649,7,1.0,4093.0,8.412,,,,,8.412
IND421302AAG -> IND400072AAB,Bhiwandi_Mankoli_HB (Maharashtra),Mumbai Hub (Maharashtra),Maharashtra,Maharashtra,2.545,54.0,22.0,27.315,105,1.0,4092.0,,2.545,2.835,2.4,1.9,2.784
IND422011AAD -> IND421302AAG,Nashik_TgrniaRD_I (Maharashtra),Bhiwandi_Mankoli_HB (Maharashtra),Maharashtra,Maharashtra,2.289,212.0,97.0,136.222,21,1.0,4086.0,2.289,,,,2.289,
IND110044AAB -> IND000000ACB,Del_Okhla_PC (Delhi),Gurgaon_Bilaspur_HB (Haryana),Delhi,Haryana,1.73,104.5,61.0,65.238,76,1.0,4080.0,,1.73,2.074,1.78,1.689,
IND472001AAA -> IND485001AAC,Tikamgarh_MndiRoad_D (Madhya Pradesh),Satna_Central_I_2 (Madhya Pradesh),Madhya Pradesh,Madhya Pradesh,2.314,430.5,186.0,242.313,16,1.0,4068.0,2.314,,2.3,,,2.327
IND829121AAA -> IND834002AAB,Peterbar_GagiDPP_D (Jharkhand),Ranchi_Hub (Jharkhand),Jharkhand,Jharkhand,7.175,452.0,62.0,85.346,11,1.0,4063.0,7.41,7.031,,,,7.175
IND413002AAA -> IND421302AAG,Solapur_Central_I_2 (Maharashtra),Bhiwandi_Mankoli_HB (Maharashtra),Maharashtra,Maharashtra,2.443,728.0,297.0,397.475,9,1.0,4038.0,2.443,,,,,2.443
IND203390AAA -> IND201301AAF,Anupshahar_DcntCLY_D (Uttar Pradesh),Noida_Sec 02_DPC (Uttar Pradesh),Uttar Pradesh,Uttar Pradesh,2.596,250.5,96.0,103.098,20,1.0,4038.0,2.596,,2.596,,,
IND263153AAB -> IND131028AAB,Rudrapur_UdhamNgr_H (Uttarakhand),Sonipat_Kundli_H (Haryana),Uttarakhand,Haryana,2.018,460.0,227.0,273.453,17,1.0,3945.0,2.018,,,,2.018,
IND413002AAA -> IND501359AAE,Solapur_Central_I_2 (Maharashtra),Hyderabad_Shamshbd_H (Telangana),Maharashtra,Telangana,1.77,476.0,269.0,350.207,17,1.0,3938.0,1.77,,1.801,1.724,,
IND834002AAB -> IND826004AAA,Ranchi_Hub (Jharkhand),Dhanbad_Kalynpur_I (Jharkhand),Jharkhand,Jharkhand,2.421,305.0,126.0,168.671,21,1.0,3935.0,,2.421,2.394,2.51,,
IND560099AAB -> IND683511AAA,Bengaluru_Bomsndra_HB (Karnataka),Aluva_Peedika_H (Kerala),Karnataka,Kerala,1.638,710.0,432.0,472.08,14,1.0,3892.0,1.638,,,1.524,1.704,1.665
IND486661AAA -> IND211002AAB,Sidhi_Padra_D (Madhya Pradesh),Allahabad_Central_H_1 (Uttar Pradesh),Madhya Pradesh,Uttar Pradesh,5.236,843.0,161.0,195.694,5,1.0,3878.0,5.236,,4.984,,,6.925
IND457226AAA -> IND382430AAB,Jaora_RtlamNka_D (Madhya Pradesh),Ahmedabad_East_H_1 (Gujarat),Madhya Pradesh,Gujarat,1.795,526.0,294.0,391.92,16,1.0,3834.0,1.795,,1.795,,,
IND000000ACB -> IND110095AAB,Gurgaon_Bilaspur_HB (Haryana),Delhi_Jhilmil_L (Delhi),Haryana,Delhi,1.936,150.5,76.5,71.639,36,0.583,3830.0,,1.936,,1.058,1.091,3.291
IND413401AAA -> IND411033AAA,Barshi_Kurduwdi_D (Maharashtra),Pune_Tathawde_H (Maharashtra),Maharashtra,Maharashtra,2.135,374.0,175.0,237.85,19,1.0,3812.0,2.135,,,,,2.135
IND842001AAA -> IND854326AAB,Muzaffrpur_Bbganj_I (Bihar),Purnia_Central_H_2 (Bihar),Bihar,Bihar,1.902,388.0,204.0,288.693,19,1.0,3793.0,1.902,,1.902,,,
IND500010AAB -> IND501359AAE,Hyderabad_Alwal_L (Telangana),Hyderabad_Shamshbd_H (Telangana),Telangana,Telangana,3.378,125.0,36.0,44.96,39,1.0,3772.0,,3.378,3.378,3.513,3.088,
IND573201AAB -> IND575004AAB,Hassan_Pandrnga_I (Karnataka),Mangalore_Kuntikna_H (Karnataka),Karnataka,Karnataka,3.23,400.5,125.0,176.579,14,1.0,3729.0,3.23,,,3.274,2.89,
IND821115AAB -> IND209304AAA,Sasaram_Central_I_2 (Bihar),Kanpur_Central_H_6 (Uttar Pradesh),Bihar,Uttar Pradesh,1.946,631.5,325.0,457.147,12,1.0,3655.0,1.946,,,1.981,1.946,
IND411033AAA -> IND501359AAE,Pune_Tathawde_H (Maharashtra),Hyderabad_Shamshbd_H (Telangana),Maharashtra,Telangana,1.648,791.0,480.0,632.285,11,1.0,3632.0,1.648,,,,1.665,1.647
IND562132AAA -> IND421302AAG,Bangalore_Nelmngla_H (Karnataka),Bhiwandi_Mankoli_HB (Maharashtra),Karnataka,Maharashtra,1.708,1242.0,727.0,977.6,7,1.0,3614.0,1.708,,,1.795,1.694,
IND306401AAB -> IND302014AAA,Pali_Nayagaon_I (Rajasthan),Jaipur_Hub (Rajasthan),Rajasthan,Rajasthan,1.959,425.0,214.0,301.481,17,1.0,3558.0,1.959,,1.959,,,
IND524003AAA -> IND501359AAE,Nellore_DC (Andhra Pradesh),Hyderabad_Shamshbd_H (Telangana),Andhra Pradesh,Telangana,1.693,611.5,361.5,495.985,14,1.0,3534.0,1.693,,,,,1.693
IND110037AAK -> IND000000ACB,Delhi_Kapshera_L (Delhi),Gurgaon_Bilaspur_HB (Haryana),Delhi,Haryana,2.158,81.0,38.0,38.746,42,1.0,3480.0,,2.158,1.842,1.4,1.65,2.797
IND302014AAA -> IND000000ACB,Jaipur_Hub (Rajasthan),Gurgaon_Bilaspur_HB (Haryana),Rajasthan,Haryana,1.927,316.0,164.0,221.452,23,1.0,3473.0,1.927,,,1.846,1.801,1.994
IND246424AAA -> IND246174AAA,Chamoli_CGRoad_D (Uttarakhand),SrinagarUK_Srikot_D (Uttarakhand),Uttarakhand,Uttarakhand,1.256,175.0,139.0,92.95,16,0.625,3427.0,1.256,,1.39,1.214,,
IND533106AAA -> IND501359AAE,Rajamundry_AtoNgrRd_I (Andhra Pradesh),Hyderabad_Shamshbd_H (Telangana),Andhra Pradesh,Telangana,2.199,653.0,298.0,419.768,8,1.0,3409.0,2.199,,2.117,,,2.205
IND600056AAB -> IND562132AAA,MAA_Poonamallee_HB (Tamil Nadu),Bangalore_Nelmngla_H (Karnataka),Tamil Nadu,Karnataka,1.846,460.5,249.0,321.848,16,1.0,3404.0,1.846,,,1.884,1.846,1.801
IND712311AAA -> IND700088AAA,Kolkata_Dankuni_HB (West Bengal),Kolkata_TrtllaRD_L (West Bengal),West Bengal,West Bengal,3.586,104.0,30.0,29.509,30,1.0,3400.0,,3.586,3.362,4.028,3.379,4.138
IND000000ABD -> IND562132AAA,Pallakad_ChndrNgr_D (Kerala),Bangalore_Nelmngla_H (Karnataka),Kerala,Karnataka,1.704,630.5,370.0,443.667,12,1.0,3364.0,1.704,,1.682,,,1.708
IND756100AAC -> IND758034AAA,Bhadrak_Central_I_2 (Orissa),Joda_Central_D_1 (Orissa),Orissa,Orissa,2.276,378.0,180.0,243.69,13,1.0,3362.0,2.276,,,3.298,1.958,
IND852139AAB -> IND854326AAB,Triveninganj_Central_D_1 (Bihar),Purnia_Central_H_2 (Bihar),Bihar,Bihar,3.171,241.0,75.0,106.636,21,1.0,3335.0,3.171,,3.166,,,3.539
IND832109AAB -> IND834002AAB,Jamshedpur_Central_I_3 (Jharkhand),Ranchi_Hub (Jharkhand),Jharkhand,Jharkhand,2.506,219.5,87.0,120.091,22,1.0,3335.0,2.506,,,,,2.506
IND473226AAA -> IND474003AAA,Guna_Raghogrh_D (Madhya Pradesh),Gwalior_HrihrNgr_I (Madhya Pradesh),Madhya Pradesh,Madhya Pradesh,1.671,490.5,294.0,248.769,10,1.0,3334.0,1.671,,1.671,,,
IND395023AAA -> IND382430AAB,Surat_HUB (Gujarat),Ahmedabad_East_H_1 (Gujarat),Gujarat,Gujarat,1.797,336.0,187.0,260.01,21,1.0,3331.0,1.797,,1.821,,,1.731
IND562132AAA -> IND416012AAA,Bangalore_Nelmngla_H (Karnataka),Kolhapur_Shivaji_I (Maharashtra),Karnataka,Maharashtra,1.618,708.0,437.5,598.388,12,1.0,3317.0,1.618,,,,1.618,
IND845455AAB -> IND842001AAA,Narktiganj_Central_DPP_2 (Bihar),Muzaffrpur_Bbganj_I (Bihar),Bihar,Bihar,2.312,289.0,125.0,169.849,17,1.0,3252.0,2.312,,2.319,2.184,,2.442
IND741201AAC -> IND712311AAA,Ranaghat_ArickDPP_D (West Bengal),Kolkata_Dankuni_HB (West Bengal),West Bengal,West Bengal,15.272,870.5,57.0,80.205,4,1.0,3233.0,15.272,,14.298,,,15.807
IND302014AAA -> IND313001AAB,Jaipur_Hub (Rajasthan),Udaipur_Mangri_I (Rajasthan),Rajasthan,Rajasthan,1.906,547.0,287.0,404.938,12,1.0,3203.0,1.906,,,,1.906,
IND313001AAB -> IND382430AAB,Udaipur_Mangri_I (Rajasthan),Ahmedabad_East_H_1 (Gujarat),Rajasthan,Gujarat,2.132,405.0,190.0,268.871,14,1.0,3188.0,2.132,,2.132,,,
IND562132AAA -> IND600056AAB,Bangalore_Nelmngla_H (Karnataka),MAA_Poonamallee_HB (Tamil Nadu),Karnataka,Tamil Nadu,1.948,471.5,242.0,319.415,14,1.0,3169.0,1.948,,1.994,1.698,,1.942
IND421302AAG -> IND000000AFT,Bhiwandi_Mankoli_HB (Maharashtra),Mumbai_Sanpada_I (Maharashtra),Maharashtra,Maharashtra,2.5,50.0,20.0,22.632,54,1.0,3153.0,,2.5,3.3,5.737,2.255,2.429
IND401602AAA -> IND401501AAA,Dahanu_KetyDPP_D (Maharashtra),Boisar_OstwlEmp_D (Maharashtra),Maharashtra,Maharashtra,7.308,194.0,26.0,28.538,17,1.0,3150.0,,7.308,6.846,,,7.345
IND209304AAA -> IND110037AAM,Kanpur_Central_H_6 (Uttar Pradesh),Delhi_Airport_H (Delhi),Uttar Pradesh,Delhi,2.23,784.0,341.5,468.206,6,1.0,3111.0,2.23,,2.428,2.032,,
IND515004AAA -> IND501359AAE,Anantapur_KamaStrt_I (Andhra Pradesh),Hyderabad_Shamshbd_H (Telangana),Andhra Pradesh,Telangana,1.741,424.0,243.0,338.818,17,1.0,3108.0,1.741,,,1.741,,
IND400102AAC -> IND421302AAG,Mumbai_Jogshwri_I (Maharashtra),Bhiwandi_Mankoli_HB (Maharashtra),Maharashtra,Maharashtra,3.567,101.5,30.0,32.938,28,1.0,3078.0,,3.567,5.533,,2.782,4.906
IND131028AAB -> IND160002AAC,Sonipat_Kundli_H (Haryana),Chandigarh_Mehmdpur_H (Punjab),Haryana,Punjab,1.76,230.5,130.0,181.917,30,1.0,3067.0,1.76,,1.651,1.771,,1.794
IND421302AAG -> IND400015AAA,Bhiwandi_Mankoli_HB (Maharashtra),Mumbai_CottonGreen_DPC (Maharashtra),Maharashtra,Maharashtra,2.455,78.0,32.0,42.871,49,1.0,3060.0,,2.455,3.188,2.576,2.254,2.586
IND201301AAM -> IND000000ACB,Noida_Sector63_L (Uttar Pradesh),Gurgaon_Bilaspur_HB (Haryana),Uttar Pradesh,Haryana,1.897,230.0,79.0,96.131,27,1.0,3059.0,,1.897,,2.038,1.877,2.026
IND273304AAA -> IND273014AAB,Nichlaul_Wardno13_D (Uttar Pradesh),Gorakhpur_Matriprm_IP (Uttar Pradesh),Uttar Pradesh,Uttar Pradesh,3.93,251.5,63.0,88.257,14,1.0,3056.0,,3.93,4.875,,,3.93
IND421302AAG -> IND395023AAA,Bhiwandi_Mankoli_HB (Maharashtra),Surat_HUB (Gujarat),Maharashtra,Gujarat,2.263,428.0,189.0,253.549,11,1.0,3010.0,2.263,,2.724,2.255,,2.223
IND673592AAA -> IND562132AAA,SultnBthry_Kollgpra_D (Kerala),Bangalore_Nelmngla_H (Karnataka),Kerala,Karnataka,2.078,464.5,224.0,285.063,12,1.0,3005.0,2.078,,,,,2.078
IND501359AAE -> IND413002AAA,Hyderabad_Shamshbd_H (Telangana),Solapur_Central_I_2 (Maharashtra),Telangana,Maharashtra,1.948,485.0,250.0,327.377,11,1.0,2986.0,1.948,,,1.948,,
IND110037AAM -> IND202001AAB,Delhi_Airport_H (Delhi),Aligarh_KhirByps_I (Uttar Pradesh),Delhi,Uttar Pradesh,1.795,232.5,129.0,152.921,26,1.0,2958.0,1.795,,1.822,1.694,,1.985
IND416602AAC -> IND411033AAA,Kankavali_NrdawDPP_D (Maharashtra),Pune_Tathawde_H (Maharashtra),Maharashtra,Maharashtra,2.243,655.0,292.0,357.505,7,1.0,2919.0,2.243,,2.243,,,
IND121002AAB -> IND000000ACB,Faridabad_Mthurard_L (Haryana),Gurgaon_Bilaspur_HB (Haryana),Haryana,Haryana,2.094,134.0,65.0,76.421,29,1.0,2907.0,,2.094,2.047,1.495,2.303,2.094
IND249201AAA -> IND249407AAA,Rishikesh_DC (Uttarakhand),Haridwar (Uttarakhand),Uttarakhand,Uttarakhand,6.951,184.0,27.0,21.899,14,1.0,2892.0,6.951,,5.889,,,7.346
IND210427AAA -> IND209304AAA,Mahoba_Mlkpura_D (Uttar Pradesh),Kanpur_Central_H_6 (Uttar Pradesh),Uttar Pradesh,Uttar Pradesh,2.992,360.0,118.0,164.19,9,1.0,2878.0,2.992,,2.992,3.996,,
IND580028AAA -> IND591123AAC,Hubli_Adargchi_IP (Karnataka),Ramdurg_GndhiNGR_D (Karnataka),Karnataka,Karnataka,1.925,167.5,87.0,111.957,18,1.0,2875.0,1.925,,1.966,1.862,1.931,
IND283203AAA -> IND110037AAM,Firozabad_Sudmpuri_D (Uttar Pradesh),Delhi_Airport_H (Delhi),Uttar Pradesh,Delhi,2.214,434.0,196.0,257.583,13,1.0,2873.0,2.196,2.214,,,,2.214
IND248001AAA -> IND131028AAB,Dehradun (Uttarakhand),Sonipat_Kundli_H (Haryana),Uttarakhand,Haryana,2.051,439.0,214.5,246.83,12,1.0,2847.0,2.051,,2.0,2.145,,2.079
IND221706AAA -> IND273014AAB,Ratanpura_MubarDPP_D (Uttar Pradesh),Gorakhpur_Matriprm_IP (Uttar Pradesh),Uttar Pradesh,Uttar Pradesh,3.92,338.0,87.0,117.092,11,1.0,2832.0,3.92,,3.92,,,
IND000000ACT -> IND000000ACB,Delhi_Gateway_HB (Delhi),Gurgaon_Bilaspur_HB (Haryana),Delhi,Haryana,1.359,57.0,42.0,43.659,100,0.7,2829.0,1.209,1.674,2.006,2.279,1.25,1.675
IND382430AAB -> IND313001AAB,Ahmedabad_East_H_1 (Gujarat),Udaipur_Mangri_I (Rajasthan),Gujarat,Rajasthan,1.982,387.5,195.0,273.434,14,1.0,2760.0,1.982,,,1.99,1.974,
IND751002AAB -> IND754103AAA,Bhubaneshwar_Hub (Orissa),Jagatsghpr_Markndpr_D (Orissa),Orissa,Orissa,10.122,415.0,42.0,58.525,7,1.0,2743.0,10.122,,,10.122,,
IND757037AAA -> IND756100AAC,Karanjia_Sarubali_D (Orissa),Bhadrak_Central_I_2 (Orissa),Orissa,Orissa,2.783,333.0,122.5,167.105,12,1.0,2736.0,2.783,,2.362,,,2.862
IND000000ACB -> IND302022AAD,Gurgaon_Bilaspur_HB (Haryana),Jaipur_RIICO_L (Rajasthan),Haryana,Rajasthan,1.691,286.5,168.5,221.442,20,1.0,2727.0,1.691,,,1.688,1.774,
IND580028AAA -> IND403726AAA,Hubli_Adargchi_IP (Karnataka),Goa_Hub (Goa),Karnataka,Goa,2.453,341.0,141.0,183.294,13,1.0,2720.0,2.453,,2.453,,,
IND501359AAE -> IND500010AAB,Hyderabad_Shamshbd_H (Telangana),Hyderabad_Alwal_L (Telangana),Telangana,Telangana,2.739,113.5,41.5,50.89,32,1.0,2702.0,,2.739,,2.9,2.664,2.608
IND400072AAB -> IND400015AAA,Mumbai Hub (Maharashtra),Mumbai_CottonGreen_DPC (Maharashtra),Maharashtra,Maharashtra,3.147,53.5,17.0,18.629,60,1.0,2682.0,,3.147,,3.118,2.824,4.283
IND144001AAC -> IND160002AAC,Jalandhar_Sodal Road (Punjab),Chandigarh_Mehmdpur_H (Punjab),Punjab,Punjab,2.545,285.0,112.0,159.832,15,1.0,2682.0,,2.545,,2.498,2.634,
IND816109AAA -> IND826004AAA,Sahebganj_BaraLoha_D (Jharkhand),Dhanbad_Kalynpur_I (Jharkhand),Jharkhand,Jharkhand,1.818,445.0,244.5,300.816,10,1.0,2670.0,1.818,,1.818,,,
IND462022AAA -> IND842003AAB,Bhopal_Trnsport_H (Madhya Pradesh),Jabalpur_Adhartal_IP (Madhya Pradesh),Madhya Pradesh,Madhya Pradesh,2.462,539.0,217.0,289.274,8,1.0,2660.0,2.462,,2.398,,,2.555
IND600056AAB -> IND501359AAE,MAA_Poonamallee_HB (Tamil Nadu),Hyderabad_Shamshbd_H (Telangana),Tamil Nadu,Telangana,1.802,876.0,486.0,678.099,7,1.0,2658.0,1.802,,,,1.773,1.852
IND485001AAC -> IND486771AAA,Satna_Central_I_2 (Madhya Pradesh),Churhat_Central_DPP_1 (Madhya Pradesh),Madhya Pradesh,Madhya Pradesh,6.473,589.0,90.0,121.954,5,1.0,2655.0,6.473,,6.731,5.133,,
IND477001AAB -> IND474003AAA,Bhind_EtwahDPP_D (Madhya Pradesh),Gwalior_HrihrNgr_I (Madhya Pradesh),Madhya Pradesh,Madhya Pradesh,4.811,255.0,55.0,76.788,11,1.0,2648.0,4.811,,5.519,,,3.596
IND600032AAB -> IND600056AAB,Chennai_Hub (Tamil Nadu),MAA_Poonamallee_HB (Tamil Nadu),Tamil Nadu,Tamil Nadu,1.892,61.5,32.5,36.479,64,1.0,2644.0,,1.892,2.323,1.746,1.75,1.818
IND580028AAA -> IND590016AAA,Hubli_Adargchi_IP (Karnataka),Belgaum_Dc (Karnataka),Karnataka,Karnataka,2.173,161.0,74.0,102.788,13,1.0,2635.0,2.173,,2.217,2.154,2.392,
IND796321AAB -> IND796009AAA,Champhai_AwmpiVng_D (Mizoram),Aizawl_HunthrVg_I (Mizoram),Mizoram,Mizoram,4.047,525.0,131.0,185.792,3,1.0,2633.0,4.047,,,,,4.047
IND211002AAB -> IND485001AAC,Allahabad_Central_H_1 (Uttar Pradesh),Satna_Central_I_2 (Madhya Pradesh),Uttar Pradesh,Madhya Pradesh,2.474,329.0,133.0,185.396,13,1.0,2602.0,2.474,,,,,2.474
IND321606AAA -> IND301001AAB,Kherli_GodamDPP_D (Rajasthan),Alwar_Central_I_1 (Rajasthan),Rajasthan,Rajasthan,7.297,503.5,69.0,77.839,6,1.0,2568.0,7.297,,6.181,,,7.696
IND160002AAC -> IND174001AAA,Chandigarh_Mehmdpur_H (Punjab),BilaspurHP_Indsarea_D (Himachal Pradesh),Punjab,Himachal Pradesh,2.043,285.0,139.0,180.081,16,1.0,2561.0,2.043,,,,2.043,
IND723202AAA -> IND713205AAB,Jhalda_GMukrDPP_D (West Bengal),Durgapur_Central_I_1 (West Bengal),West Bengal,West Bengal,2.25,326.0,144.5,195.461,14,1.0,2538.0,2.25,,2.295,1.799,,1.753
IND313001AAB -> IND306401AAB,Udaipur_Mangri_I (Rajasthan),Pali_Nayagaon_I (Rajasthan),Rajasthan,Rajasthan,2.049,287.0,141.0,189.127,17,1.0,2537.0,2.049,,,,,2.049
IND411033AAA -> IND411014AAA,Pune_Tathawde_H (Maharashtra),PNQ Vadgaon Sheri DPC (Maharashtra),Maharashtra,Maharashtra,2.625,75.0,28.0,25.934,43,1.0,2518.0,,2.625,2.964,,1.933,2.567
IND688009AAA -> IND686028AAB,Alappuzha_Pazhvedu_D (Kerala),Kottayam_Central_H_1 (Kerala),Kerala,Kerala,3.676,163.5,45.0,45.362,16,1.0,2512.0,,3.676,,,,3.676
IND400072AAB -> IND401104AAA,Mumbai Hub (Maharashtra),Mumbai_MiraRd_IP (Maharashtra),Maharashtra,Maharashtra,3.092,48.0,16.0,20.533,72,1.0,2499.0,,3.092,,3.222,2.533,3.1
IND562132AAA -> IND501359AAE,Bangalore_Nelmngla_H (Karnataka),Hyderabad_Shamshbd_H (Telangana),Karnataka,Telangana,1.701,724.5,425.0,543.774,8,1.0,2475.0,1.701,,,1.665,1.868,
IND401209AAA -> IND401104AAA,Mumbai_Virar_DC (Maharashtra),Mumbai_MiraRd_IP (Maharashtra),Maharashtra,Maharashtra,6.727,142.0,21.0,26.627,23,1.0,2474.0,,6.727,2.926,,,6.773
IND600056AAB -> IND600008AAC,MAA_Poonamallee_HB (Tamil Nadu),Chennai_Egmore_DPC (Tamil Nadu),Tamil Nadu,Tamil Nadu,3.0,100.5,34.0,43.134,32,1.0,2459.0,,3.0,3.0,2.441,2.179,4.206
IND400072AAB -> IND000000AFT,Mumbai Hub (Maharashtra),Mumbai_Sanpada_I (Maharashtra),Maharashtra,Maharashtra,2.526,48.0,20.0,22.367,67,1.0,2427.0,,2.526,3.263,2.454,2.274,2.85
IND411033AAA -> IND431136AAC,Pune_Tathawde_H (Maharashtra),Aurangabad_Central_H_1 (Maharashtra),Maharashtra,Maharashtra,2.192,376.0,172.0,235.202,12,1.0,2412.0,2.192,,2.17,,,2.215
IND521225AAB -> IND501359AAE,Vijayawada_Rynapadu_H (Andhra Pradesh),Hyderabad_Shamshbd_H (Telangana),Andhra Pradesh,Telangana,1.784,455.0,255.0,316.079,11,1.0,2409.0,1.784,,1.937,,,1.749
IND421302AAG -> IND413002AAA,Bhiwandi_Mankoli_HB (Maharashtra),Solapur_Central_I_2 (Maharashtra),Maharashtra,Maharashtra,2.065,636.0,310.0,411.728,7,1.0,2403.0,2.065,,,,2.065,
IND274301AAB -> IND273014AAB,Kaptanganj_Subshngr_D (Uttar Pradesh),Gorakhpur_Matriprm_IP (Uttar Pradesh),Uttar Pradesh,Uttar Pradesh,4.712,173.5,37.0,52.434,16,1.0,2401.0,4.712,,4.757,4.083,,
IND244221AAA -> IND131028AAB,Amroha_SamitiRd_D (Uttar Pradesh),Sonipat_Kundli_H (Haryana),Uttar Pradesh,Haryana,1.873,243.0,127.0,163.492,21,1.0,2388.0,1.873,,,,1.496,1.889
IND342902A1B -> IND302014AAA,,Jaipur_Hub (Rajasthan),,Rajasthan,2.342,431.0,185.0,243.836,9,1.0,2363.0,2.342,,2.342,,,
IND501359AAE -> IND523002AAA,Hyderabad_Shamshbd_H (Telangana),Ongole_SubhVRTL_I (Andhra Pradesh),Telangana,Andhra Pradesh,1.716,465.0,273.0,363.466,12,1.0,2356.0,1.716,,,,1.722,1.62
IND600056AAB -> IND560099AAB,MAA_Poonamallee_HB (Tamil Nadu),Bengaluru_Bomsndra_HB (Karnataka),Tamil Nadu,Karnataka,1.719,404.0,235.0,313.467,13,1.0,2352.0,1.719,,,1.719,,
IND712311AAA -> IND742101AAC,Kolkata_Dankuni_HB (West Bengal),Baharampur_Chuanpur_I (West Bengal),West Bengal,West Bengal,2.849,443.0,158.0,215.519,8,1.0,2349.0,2.849,,2.849,,,
IND000000ACB -> IND125001AAA,Gurgaon_Bilaspur_HB (Haryana),Hisar_ModelTwn_P (Haryana),Haryana,Haryana,2.201,295.0,135.0,170.243,15,1.0,2349.0,2.201,,2.237,1.783,,
IND248001AAD -> IND131028AAB,Dehradun_Nirjanpur_L (Uttarakhand),Sonipat_Kundli_H (Haryana),Uttarakhand,Haryana,2.079,449.0,212.0,245.496,9,1.0,2346.0,2.328,2.079,2.389,1.878,,2.274
IND691551AAA -> IND691001AAB,Adoor_Town_D (Kerala),Kollam_Central_H_1 (Kerala),Kerala,Kerala,2.432,97.0,39.5,41.651,20,1.0,2341.0,,2.432,,,,2.432
IND262802AAA -> IND262723AAB,Gola_BkgnRoad_D (Uttar Pradesh),Dhaurahara_TahsilRD_D (Uttar Pradesh),Uttar Pradesh,Uttar Pradesh,2.536,175.0,69.0,92.452,21,1.0,2338.0,2.536,,2.667,2.518,,
IND431136AAC -> IND411033AAA,Aurangabad_Central_H_1 (Maharashtra),Pune_Tathawde_H (Maharashtra),Maharashtra,Maharashtra,1.93,330.0,172.0,235.462,13,1.0,2329.0,1.93,,,1.865,1.942,
IND501359AAE -> IND585104AAA,Hyderabad_Shamshbd_H (Telangana),Gulbarga_Nehrugnj_I (Karnataka),Telangana,Karnataka,1.667,280.0,168.0,216.129,21,1.0,2327.0,1.667,,1.772,1.665,,
IND756032AAA -> IND712311AAA,Jaleswar_NaturDPP_D (Orissa),Kolkata_Dankuni_HB (West Bengal),Orissa,West Bengal,2.375,323.0,137.0,189.095,9,1.0,2320.0,2.375,,,2.375,,
IND121004AAB -> IND000000ACB,FBD_Balabhgarh_DPC (Haryana),Gurgaon_Bilaspur_HB (Haryana),Haryana,Haryana,1.809,118.5,65.0,76.115,34,1.0,2316.0,,1.809,1.794,,1.862,
IND302014AAA -> IND305001AAC,Jaipur_Hub (Rajasthan),Ajmer_FoySGRRD_I (Rajasthan),Rajasthan,Rajasthan,2.514,269.5,107.5,144.812,14,1.0,2289.0,2.514,,2.514,,,
IND302014AAA -> IND110037AAM,Jaipur_Hub (Rajasthan),Delhi_Airport_H (Delhi),Rajasthan,Delhi,1.737,353.5,202.0,264.937,14,1.0,2284.0,1.737,,2.465,,1.737,1.723
IND382430AAB -> IND370201AAA,Ahmedabad_East_H_1 (Gujarat),Gandhidham_Sector1A_IP (Gujarat),Gujarat,Gujarat,1.494,478.0,320.5,312.836,12,1.0,2274.0,1.494,,,1.494,,
IND281121AAB -> IND110037AAM,Vrindavan_MathuraRD_D (Uttar Pradesh),Delhi_Airport_H (Delhi),Uttar Pradesh,Delhi,2.15,254.0,119.0,153.046,13,1.0,2242.0,2.15,,,,,2.15
IND751002AAB -> IND530012AAA,Bhubaneshwar_Hub (Orissa),Visakhapatnam_Gajuwaka_IP (Andhra Pradesh),Orissa,Andhra Pradesh,1.671,557.0,332.0,454.203,10,1.0,2238.0,1.671,,1.694,1.637,,
IND585314AAA -> IND585104AAA,Aland_RazaviRd_D (Karnataka),Gulbarga_Nehrugnj_I (Karnataka),Karnataka,Karnataka,4.757,177.0,38.0,41.096,16,1.0,2235.0,,4.757,4.757,,,
IND151001AAA -> IND160002AAC,Bhatinda_DPC (Punjab),Chandigarh_Mehmdpur_H (Punjab),Punjab,Punjab,1.535,244.0,159.0,203.286,21,1.0,2235.0,1.535,,,,1.535,
IND403702AAA -> IND575004AAB,Canacona_CharRsta_D (Goa),Mangalore_Kuntikna_H (Karnataka),Goa,Karnataka,1.997,528.0,264.0,301.882,8,1.0,2213.0,1.997,,1.809,,,2.118
IND532001AAB -> IND530012AAA,Srikakulam_Kuslpram_I (Andhra Pradesh),Visakhapatnam_Gajuwaka_IP (Andhra Pradesh),Andhra Pradesh,Andhra Pradesh,2.102,175.5,84.0,114.746,22,1.0,2209.0,,2.102,2.157,,,2.084
IND811399AAA -> IND209304AAA,Noida_Sector02_C (Uttar Pradesh),Kanpur_Central_H_6 (Uttar Pradesh),Uttar Pradesh,Uttar Pradesh,1.636,526.0,322.0,432.659,10,1.0,2204.0,1.636,,,,1.636,
IND131028AAB -> IND244235AAA,Sonipat_Kundli_H (Haryana),Gajraula_JawaharN_D (Uttar Pradesh),Haryana,Uttar Pradesh,1.704,213.0,122.0,153.999,21,1.0,2194.0,1.704,,1.704,,,
IND000000ACB -> IND110064AAA,Gurgaon_Bilaspur_HB (Haryana),Delhi_Mayapuri_PC (Delhi),Haryana,Delhi,1.603,95.5,58.0,55.774,48,0.896,2194.0,,1.603,,1.655,1.272,2.19
IND395009AAA -> IND395023AAD,Surat_Central_D_12 (Gujarat),Surat_Central_I_4 (Gujarat),Gujarat,Gujarat,9.583,155.5,17.0,17.524,16,1.0,2190.0,,9.583,3.278,,,9.667
IND209304AAA -> IND282001AAA,Kanpur_Central_H_6 (Uttar Pradesh),Agra_Idgah_P (Uttar Pradesh),Uttar Pradesh,Uttar Pradesh,2.409,463.0,183.0,259.684,9,1.0,2186.0,2.409,,2.462,1.515,,
IND811399AAA -> IND110044AAB,Noida_Sector02_C (Uttar Pradesh),Del_Okhla_PC (Delhi),Uttar Pradesh,Delhi,3.044,52.5,16.0,13.89,40,1.0,2182.0,,3.044,,2.944,3.278,
IND600056AAB -> IND600032AAB,MAA_Poonamallee_HB (Tamil Nadu),Chennai_Hub (Tamil Nadu),Tamil Nadu,Tamil Nadu,2.329,78.0,33.0,36.613,52,1.0,2180.0,,2.329,2.677,1.818,1.455,2.691
IND500039AAC -> IND501359AAE,Hyderabad_Uppal_I (Telangana),Hyderabad_Shamshbd_H (Telangana),Telangana,Telangana,4.037,126.0,27.0,34.745,15,1.0,2179.0,,4.037,4.019,3.885,8.125,2.516
IND302014AAA -> IND301001AAB,Jaipur_Hub (Rajasthan),Alwar_Central_I_1 (Rajasthan),Rajasthan,Rajasthan,1.914,221.0,117.0,144.592,21,1.0,2170.0,1.914,,,1.914,,
IND796009AAA -> IND796321AAB,Aizawl_HunthrVg_I (Mizoram),Champhai_AwmpiVng_D (Mizoram),Mizoram,Mizoram,4.95,648.5,131.0,186.15,4,1.0,2159.0,4.95,,5.278,4.95,,
IND742101AAC -> IND712311AAA,Baharampur_Chuanpur_I (West Bengal),Kolkata_Dankuni_HB (West Bengal),West Bengal,West Bengal,2.919,453.0,160.0,218.237,7,1.0,2131.0,2.919,,,2.919,,
IND313001AAB -> IND327001AAB,Udaipur_Mangri_I (Rajasthan),Banswara_KhandDPP_D (Rajasthan),Rajasthan,Rajasthan,2.742,414.0,151.0,212.602,8,1.0,2113.0,2.742,,3.417,2.199,,
IND842001AAA -> IND847212AAA,Muzaffrpur_Bbganj_I (Bihar),Madhubani_Bardivan_D (Bihar),Bihar,Bihar,2.192,160.0,73.0,98.315,22,1.0,2075.0,2.192,,,,2.192,
IND798601AAA -> IND785001AAA,Mokokchung_Central_D_1 (Nagaland),Jorhat_RicMilRd_D (Assam),Nagaland,Assam,3.921,298.0,77.0,105.944,5,1.0,2072.0,,3.921,,,,3.921
IND210501AAB -> IND209304AAA,Bewar_BndhuTRH_D (Uttar Pradesh),Kanpur_Central_H_6 (Uttar Pradesh),Uttar Pradesh,Uttar Pradesh,2.462,224.0,91.0,115.458,16,1.0,2060.0,,2.462,1.896,,,2.484
IND416012AAA -> IND415612AAA,Kolhapur_Shivaji_I (Maharashtra),Ratnagiri_MjgaonRd_D (Maharashtra),Maharashtra,Maharashtra,2.861,277.5,97.0,134.236,10,1.0,2058.0,2.861,,,,2.876,2.703
IND110037AAM -> IND121004AAB,Delhi_Airport_H (Delhi),FBD_Balabhgarh_DPC (Haryana),Delhi,Haryana,2.156,63.5,27.0,28.88,46,1.0,2050.0,,2.156,,2.542,1.6,3.433
IND785690AAB -> IND785682AAA,Sonari_Central_DPP_1 (Assam),Sivasagar_Babupaty_D (Assam),Assam,Assam,4.188,144.5,33.0,46.062,16,1.0,2045.0,,4.188,,,,4.188
IND523002AAA -> IND600056AAB,Ongole_SubhVRTL_I (Andhra Pradesh),MAA_Poonamallee_HB (Tamil Nadu),Andhra Pradesh,Tamil Nadu,1.731,438.0,253.0,331.128,11,1.0,2043.0,1.731,,1.731,,,
IND305001AAC -> IND306401AAB,Ajmer_FoySGRRD_I (Rajasthan),Pali_Nayagaon_I (Rajasthan),Rajasthan,Rajasthan,2.008,249.0,123.0,166.607,15,1.0,2036.0,2.008,,,2.008,,
IND505122AAA -> IND506002AAA,Jammikunta_ConduDPP_D (Telangana),Warangal_HunterRd_I (Telangana),Telangana,Telangana,3.232,133.0,40.0,48.406,16,1.0,2035.0,3.232,,,,,3.232
IND574221AAA -> IND562132AAA,Kadaba_AnugrDPP_D (Karnataka),Bangalore_Nelmngla_H (Karnataka),Karnataka,Karnataka,2.584,553.0,215.0,280.83,6,1.0,2031.0,2.584,,,,,2.584
IND794101AAA -> IND781018AAB,Tura_Sracmplx_D (Meghalaya),Guwahati_Hub (Assam),Meghalaya,Assam,2.409,383.0,159.0,207.362,9,1.0,2024.0,2.409,,2.409,,,2.349
IND211002AAB -> IND209304AAA,Allahabad_Central_H_1 (Uttar Pradesh),Kanpur_Central_H_6 (Uttar Pradesh),Uttar Pradesh,Uttar Pradesh,1.855,262.5,138.0,196.009,16,1.0,2021.0,1.855,,,,,1.855
IND390022AAA -> IND395023AAA,Vadodara_Karelibaug_DPC (Gujarat),Surat_HUB (Gujarat),Gujarat,Gujarat,1.775,216.0,121.0,167.028,21,1.0,2018.0,1.775,,,,1.775,1.751
IND411033AAA -> IND416012AAA,Pune_Tathawde_H (Maharashtra),Kolhapur_Shivaji_I (Maharashtra),Maharashtra,Maharashtra,1.636,360.0,220.0,249.272,13,1.0,2005.0,1.636,,1.61,,,1.655
IND562132AAA -> IND518002AAA,Bangalore_Nelmngla_H (Karnataka),Kurnool_AbbasNgr_I (Andhra Pradesh),Karnataka,Andhra Pradesh,1.587,453.0,286.0,346.258,12,1.0,1997.0,1.587,,,,1.665,1.535
IND786181AAC -> IND786001AAB,Margherita_CivilHPL_D (Assam),Dibrugarh_Bokule_H (Assam),Assam,Assam,3.233,194.0,60.0,84.971,14,1.0,1991.0,,3.233,3.417,,,2.692
IND424006AAA -> IND421302AAG,Dhule_MIDCAvdn_I (Maharashtra),Bhiwandi_Mankoli_HB (Maharashtra),Maharashtra,Maharashtra,2.217,454.0,201.5,284.775,8,1.0,1974.0,2.217,,2.217,,,
IND751002AAB -> IND760003AAB,Bhubaneshwar_Hub (Orissa),Berhampur_Khajuria_I (Orissa),Orissa,Orissa,2.03,272.0,135.5,181.195,12,1.0,1963.0,2.03,,2.03,,,
IND160002AAC -> IND143001AAA,Chandigarh_Mehmdpur_H (Punjab),Amritsar_DPC (Punjab),Punjab,Punjab,1.983,354.0,177.0,247.073,11,1.0,1961.0,1.983,,1.983,,,
IND712311AAA -> IND700026AAC,Kolkata_Dankuni_HB (West Bengal),CCU_Lake Avenue_DPC (West Bengal),West Bengal,West Bengal,2.5,90.0,36.0,33.64,29,1.0,1957.0,,2.5,,2.333,2.118,2.941
IND160002AAC -> IND144001AAB,Chandigarh_Mehmdpur_H (Punjab),Jalandhar_DPC (Punjab),Punjab,Punjab,2.162,243.0,112.0,158.58,13,1.0,1952.0,2.162,,2.176,2.036,,
IND400015AAB -> IND421302AAG,Mumbai_CotnGren_M (Maharashtra),Bhiwandi_Mankoli_HB (Maharashtra),Maharashtra,Maharashtra,3.172,92.0,32.0,42.62,23,1.0,1939.0,,3.172,3.414,3.5,2.516,2.467
IND503111AAC -> IND501359AAE,Kamareddy_Devenply_I (Telangana),Hyderabad_Shamshbd_H (Telangana),Telangana,Telangana,2.233,230.0,103.0,137.878,13,1.0,1939.0,2.233,,,,2.0,2.272
IND000000ABG -> IND501359AAF,Hyderabad_Bownplly_C (Telangana),Hyderabad_Shamshbd_P (Telangana),Telangana,Telangana,7.0,191.0,27.0,32.683,11,1.0,1938.0,,7.0,,7.0,,
IND563125AAB -> IND560300AAB,Chintamani_Central_D_2 (Karnataka),Bangalore_East_I_20 (Karnataka),Karnataka,Karnataka,4.358,219.5,48.5,54.207,12,1.0,1936.0,,4.358,,,,4.358
IND500050AAA -> IND501359AAE,Patancheru_Ameenpur_I (Telangana),Hyderabad_Shamshbd_H (Telangana),Telangana,Telangana,2.419,75.0,32.0,36.074,21,1.0,1926.0,,2.419,2.741,2.562,1.554,1.847
IND562132AAA -> IND560083AAB,Bangalore_Nelmngla_H (Karnataka),Bengaluru_Bnnrghta_L (Karnataka),Karnataka,Karnataka,1.506,60.0,39.0,41.634,50,0.98,1921.0,,1.506,1.625,,1.494,1.375
IND131028AAB -> IND247667AAB,Sonipat_Kundli_H (Haryana),Roorkee_IOTCEncl_L (Uttarakhand),Haryana,Uttarakhand,1.929,270.0,140.0,163.766,15,1.0,1903.0,1.929,,,1.929,,
IND507117AAB -> IND507303AAA,Manuguru_AskNagar_D (Telangana),Sathupally_VidyaNGR_D (Telangana),Telangana,Telangana,1.978,183.0,93.0,123.408,18,1.0,1901.0,1.978,,1.819,,,2.074
IND382430AAB -> IND384205AAA,Ahmedabad_East_H_1 (Gujarat),Mehsana_Panchot_IP (Gujarat),Gujarat,Gujarat,1.53,128.5,85.0,95.137,20,1.0,1884.0,1.53,,1.568,1.629,1.331,
IND506167AAB -> IND501359AAE,Jangaon_Hanmkond_D (Telangana),Hyderabad_Shamshbd_H (Telangana),Telangana,Telangana,2.218,173.0,79.0,109.036,16,1.0,1883.0,2.218,,,,,2.218
IND401104AAB -> IND421302AAG,Mumbai_MiraRoad_M (Maharashtra),Bhiwandi_Mankoli_HB (Maharashtra),Maharashtra,Maharashtra,2.923,74.0,25.0,28.465,23,1.0,1882.0,,2.923,2.042,4.341,2.175,
IND560058AAD -> IND562132AAA,Bengaluru_Peenya_L (Karnataka),Bangalore_Nelmngla_H (Karnataka),Karnataka,Karnataka,1.702,39.5,23.0,15.082,36,0.944,1880.0,,1.702,1.524,1.825,,2.091
IND416404AAA -> IND416012AAA,Jath_Shivprsad_D (Maharashtra),Kolhapur_Shivaji_I (Maharashtra),Maharashtra,Maharashtra,4.81,481.0,100.0,138.359,6,1.0,1852.0,4.81,,4.77,,,5.22
IND501359AAE -> IND518002AAA,Hyderabad_Shamshbd_H (Telangana),Kurnool_AbbasNgr_I (Andhra Pradesh),Telangana,Andhra Pradesh,1.779,245.5,138.0,194.036,16,1.0,1851.0,1.779,,1.779,,,
IND160002AAC -> IND173212AAA,Chandigarh_Mehmdpur_H (Punjab),Solan_MohanPrk_D (Himachal Pradesh),Punjab,Himachal Pradesh,2.143,188.5,88.0,99.599,18,1.0,1850.0,2.143,,,,2.143,
IND000000ACB -> IND121004AAB,Gurgaon_Bilaspur_HB (Haryana),FBD_Balabhgarh_DPC (Haryana),Haryana,Haryana,1.797,115.0,65.0,77.921,31,1.0,1837.0,,1.797,,1.719,1.712,2.121
IND273014AAB -> IND277303AAC,Gorakhpur_Matriprm_IP (Uttar Pradesh),Sikandarpur_Central_D_3 (Uttar Pradesh),Uttar Pradesh,Uttar Pradesh,1.98,198.0,101.0,129.462,18,1.0,1831.0,1.98,,,,1.96,2.163
IND742401AAA -> IND742102AAB,Ghanashyampur_NditaDPP_D (West Bengal),Berhampore_Central_I_2 (West Bengal),West Bengal,West Bengal,3.015,199.0,66.0,63.38,12,1.0,1824.0,,3.015,4.355,,,3.015
IND444602AAA -> IND444005AAB,Amravati_DC (Maharashtra),Akola_Gaurkshn_I (Maharashtra),Maharashtra,Maharashtra,2.081,155.0,74.0,96.842,21,1.0,1823.0,2.081,,2.288,,,2.081
IND131028AAB -> IND136118AAA,Sonipat_Kundli_H (Haryana),Kurukshetra_DC (Haryana),Haryana,Haryana,1.989,187.0,95.0,128.696,17,1.0,1820.0,1.989,,,,1.989,
IND507303AAA -> IND507002AAA,Sathupally_VidyaNGR_D (Telangana),Khammam_NSTRoad_I (Telangana),Telangana,Telangana,2.469,134.5,55.0,77.759,18,1.0,1820.0,2.469,,2.537,2.4,,
IND712311AAA -> IND700065AAA,Kolkata_Dankuni_HB (West Bengal),CCU_Beliaghata_DPC (West Bengal),West Bengal,West Bengal,3.364,74.0,22.0,21.221,29,1.0,1819.0,,3.364,,5.458,3.286,3.273
IND160002AAC -> IND142001AAB,Chandigarh_Mehmdpur_H (Punjab),Moga_DPC (Punjab),Punjab,Punjab,1.836,222.0,118.5,164.471,18,1.0,1816.0,1.836,,,1.836,,
IND466116AAA -> IND462022AAA,Ashta_ShantiNg_D (Madhya Pradesh),Bhopal_Trnsport_H (Madhya Pradesh),Madhya Pradesh,Madhya Pradesh,2.386,174.0,74.0,103.422,13,1.0,1815.0,2.386,,2.386,2.381,,
IND518102AAA -> IND518002AAA,Srisailam_Sishumdr_D (Andhra Pradesh),Kurnool_AbbasNgr_I (Andhra Pradesh),Andhra Pradesh,Andhra Pradesh,1.969,258.0,131.5,175.912,14,1.0,1802.0,1.969,,,,,1.969
IND712103AAA -> IND712310AAE,Hoogly_Bandel_D (West Bengal),Kolkata_North_I_4 (West Bengal),West Bengal,West Bengal,3.655,106.0,30.0,31.458,23,1.0,1801.0,,3.655,3.767,,,3.067
IND243503AAB -> IND244901AAB,Faridpur_ShjnprRD_D (Uttar Pradesh),Rampur_RoshnBgh_I (Uttar Pradesh),Uttar Pradesh,Uttar Pradesh,2.773,183.0,66.0,93.749,11,1.0,1797.0,2.773,,2.773,,,2.73
IND423701AAB -> IND422011AAD,Vaijiapur_YeolaRD_D (Maharashtra),Nashik_TgrniaRD_I (Maharashtra),Maharashtra,Maharashtra,2.15,180.0,83.0,113.552,18,1.0,1792.0,,2.15,2.15,,,
IND000000ACB -> IND122001AAA,Gurgaon_Bilaspur_HB (Haryana),GGN_DPC (Haryana),Haryana,Haryana,1.727,60.0,34.0,35.462,57,0.93,1789.0,,1.727,1.795,1.838,1.42,1.972
IND000000ACB -> IND000000AEL,Gurgaon_Bilaspur_HB (Haryana),Delhi_PunjabiB_L (Delhi),Haryana,Delhi,1.77,108.0,62.0,60.669,23,1.0,1777.0,,1.77,,1.905,1.572,3.794
IND506314AAA -> IND506002AAA,Rayaparthi_Perkadrd_D (Telangana),Warangal_HunterRd_I (Telangana),Telangana,Telangana,3.552,87.0,24.0,34.205,16,1.0,1769.0,3.552,,2.52,,,4.0
IND462001AAA -> IND462022AAA,Bhopal_Old City (Madhya Pradesh),Bhopal_Trnsport_H (Madhya Pradesh),Madhya Pradesh,Madhya Pradesh,3.917,48.0,13.0,14.264,28,1.0,1758.0,,3.917,8.143,,,3.538
IND562132AAA -> IND560058AAD,Bangalore_Nelmngla_H (Karnataka),Bengaluru_Peenya_L (Karnataka),Karnataka,Karnataka,1.762,36.0,20.0,15.8,57,0.895,1757.0,,1.762,2.053,1.316,1.436,1.684
IND400011AAA -> IND400072AAD,LowerParel_CP (Maharashtra),Mumbai_Chndivli_PC (Maharashtra),Maharashtra,Maharashtra,2.722,48.0,18.0,19.63,53,1.0,1756.0,,2.722,,3.056,2.316,
IND600056AAB -> IND600110AAA,MAA_Poonamallee_HB (Tamil Nadu),Chennai_Madhavaram_L (Tamil Nadu),Tamil Nadu,Tamil Nadu,2.595,95.0,36.5,45.478,28,1.0,1756.0,,2.595,2.836,2.222,2.518,2.595
IND421302AAG -> IND400072AAJ,Bhiwandi_Mankoli_HB (Maharashtra),Mumbai_Tejpal_I (Maharashtra),Maharashtra,Maharashtra,2.595,59.5,23.0,27.462,38,1.0,1751.0,,2.595,4.0,3.375,1.917,3.0
IND401104AAA -> IND400072AAB,Mumbai_MiraRd_IP (Maharashtra),Mumbai Hub (Maharashtra),Maharashtra,Maharashtra,2.875,46.0,16.0,20.312,31,1.0,1748.0,,2.875,5.844,,2.375,6.375
IND262501AAA -> IND263153AAB,Pithorgarh_Kumud_D (Uttarakhand),Rudrapur_UdhamNgr_H (Uttarakhand),Uttarakhand,Uttarakhand,2.005,429.0,214.0,233.075,8,1.0,1745.0,2.005,,2.005,,,
IND110044AAB -> IND131028AAB,Del_Okhla_PC (Delhi),Sonipat_Kundli_H (Haryana),Delhi,Haryana,1.623,86.0,52.0,43.178,40,1.0,1735.0,,1.623,,2.115,1.358,
IND521333AAA -> IND521225AAB,Kaikaluru_Atapaka_D (Andhra Pradesh),Vijayawada_Rynapadu_H (Andhra Pradesh),Andhra Pradesh,Andhra Pradesh,2.522,169.0,68.0,94.275,14,1.0,1734.0,2.522,,,,,2.522
IND577201AAA -> IND562132AAA,Shimoga_DC (Karnataka),Bangalore_Nelmngla_H (Karnataka),Karnataka,Karnataka,1.794,384.0,214.5,288.775,10,1.0,1729.0,1.794,,,,,1.794
IND481661AAA -> IND842003AAB,Mandla_Mharajpr_D (Madhya Pradesh),Jabalpur_Adhartal_IP (Madhya Pradesh),Madhya Pradesh,Madhya Pradesh,3.238,259.0,73.0,104.296,9,1.0,1723.0,3.238,,3.623,3.238,,
IND501359AAE -> IND515004AAA,Hyderabad_Shamshbd_H (Telangana),Anantapur_KamaStrt_I (Andhra Pradesh),Telangana,Andhra Pradesh,1.786,434.0,243.0,337.884,9,1.0,1721.0,1.786,,,,1.675,1.786
IND160002AAC -> IND000000ACA,Chandigarh_Mehmdpur_H (Punjab),Ludhiana_MilrGanj_HB (Punjab),Punjab,Punjab,1.984,126.5,63.0,89.611,28,1.0,1713.0,1.984,,1.892,1.609,,2.016
IND249407AAA -> IND246149AAA,Haridwar (Uttarakhand),Kotdwara_Nzbadrd_D (Uttarakhand),Uttarakhand,Uttarakhand,2.46,142.5,57.0,74.87,18,1.0,1708.0,2.46,,,,,2.46
IND700136AAG -> IND712310AAA,Kolkata_Narynpur_C (West Bengal),Kolkata_Dankuni_P (West Bengal),West Bengal,West Bengal,4.263,84.0,20.0,23.59,23,1.0,1705.0,,4.263,,4.239,4.263,
IND160002AAC -> IND151001AAA,Chandigarh_Mehmdpur_H (Punjab),Bhatinda_DPC (Punjab),Punjab,Punjab,1.713,274.0,158.0,203.919,15,1.0,1700.0,1.713,,1.713,1.557,,1.726
IND395001AAA -> IND395023AAD,Surat_Central_D_9 (Gujarat),Surat_Central_I_4 (Gujarat),Gujarat,Gujarat,10.143,139.5,14.0,14.478,14,1.0,1699.0,,10.143,4.071,,,10.286
IND415408AAC -> IND416012AAA,Shirala_Central_DPP_3 (Maharashtra),Kolhapur_Shivaji_I (Maharashtra),Maharashtra,Maharashtra,4.367,214.0,48.0,54.242,9,1.0,1691.0,4.367,,4.367,,,
IND000000ACK -> IND501359AAF,Hyderabad_Chikdply_C (Telangana),Hyderabad_Shamshbd_P (Telangana),Telangana,Telangana,3.274,71.0,21.0,25.955,32,1.0,1687.0,,3.274,,3.274,,
IND792130AAB -> IND786001AAB,Khonsa_Central_D_1 (Arunachal Pradesh),Dibrugarh_Bokule_H (Assam),Arunachal Pradesh,Assam,2.882,245.0,84.5,105.395,10,1.0,1687.0,,2.882,2.882,,,
IND521225AAB -> IND507002AAA,Vijayawada_Rynapadu_H (Andhra Pradesh),Khammam_NSTRoad_I (Telangana),Andhra Pradesh,Telangana,1.801,208.0,115.0,154.21,14,1.0,1683.0,1.801,,,1.801,,
IND209304AAA -> IND211002AAB,Kanpur_Central_H_6 (Uttar Pradesh),Allahabad_Central_H_1 (Uttar Pradesh),Uttar Pradesh,Uttar Pradesh,1.576,240.0,139.0,196.457,21,0.905,1682.0,1.576,,,1.5,1.576,
IND000000AEL -> IND000000ACB,Delhi_PunjabiB_L (Delhi),Gurgaon_Bilaspur_HB (Haryana),Delhi,Haryana,1.845,108.0,58.0,63.129,17,1.0,1670.0,,1.845,1.831,1.777,1.847,10.474
IND421302AAG -> IND400102AAB,Bhiwandi_Mankoli_HB (Maharashtra),Mumbai_Jogeshwri_L (Maharashtra),Maharashtra,Maharashtra,2.308,65.0,29.0,32.95,33,1.0,1668.0,,2.308,3.326,4.464,1.963,3.0
IND382421AAA -> IND382430AAB,Gandhinagar_DC (Gujarat),Ahmedabad_East_H_1 (Gujarat),Gujarat,Gujarat,4.028,145.0,31.0,38.182,15,1.0,1667.0,,4.028,4.028,,,
IND246149AAA -> IND249407AAA,Kotdwara_Nzbadrd_D (Uttarakhand),Haridwar (Uttarakhand),Uttarakhand,Uttarakhand,2.69,155.0,57.0,74.447,15,1.0,1662.0,2.69,,3.018,,,2.687
IND144001AAB -> IND000000ACA,Jalandhar_DPC (Punjab),Ludhiana_MilrGanj_HB (Punjab),Punjab,Punjab,2.358,122.0,53.0,75.647,23,1.0,1658.0,2.358,,,,2.708,2.302
IND126112AAA -> IND131028AAB,Safidon_HatRDDPP_D (Haryana),Sonipat_Kundli_H (Haryana),Haryana,Haryana,2.264,163.0,72.0,89.514,16,0.938,1653.0,2.264,,2.264,,,
IND582101AAB -> IND580028AAA,Gadag_Cdosclrd_D (Karnataka),Hubli_Adargchi_IP (Karnataka),Karnataka,Karnataka,2.904,135.0,46.0,62.063,18,1.0,1649.0,2.904,,,,,2.904
IND834002AAB -> IND832109AAB,Ranchi_Hub (Jharkhand),Jamshedpur_Central_I_3 (Jharkhand),Jharkhand,Jharkhand,2.339,202.0,87.0,119.87,14,1.0,1647.0,2.339,,,2.299,2.454,
IND400102AAB -> IND421302AAG,Mumbai_Jogeshwri_L (Maharashtra),Bhiwandi_Mankoli_HB (Maharashtra),Maharashtra,Maharashtra,2.057,59.5,30.0,33.2,20,1.0,1642.0,,2.057,3.0,,1.677,
IND221313AAA -> IND211002AAB,Varanasi_Central_H_4 (Uttar Pradesh),Allahabad_Central_H_1 (Uttar Pradesh),Uttar Pradesh,Uttar Pradesh,4.054,375.0,93.0,130.922,6,1.0,1640.0,4.054,,4.21,3.57,,
IND396191AAC -> IND421302AAG,Vapi_IndEstat_I (Gujarat),Bhiwandi_Mankoli_HB (Maharashtra),Gujarat,Maharashtra,2.61,327.5,126.0,163.114,8,1.0,1625.0,2.61,,2.325,,,2.704
IND421601AAB -> IND421302AAG,Asangaon_Shahapur_D (Maharashtra),Bhiwandi_Mankoli_HB (Maharashtra),Maharashtra,Maharashtra,3.814,120.5,31.0,42.63,14,1.0,1624.0,,3.814,1.9,,,3.871
IND460001AAA -> IND480334AAA,Betul_PatelWrd_D (Madhya Pradesh),Pandhurna_Mataward_D (Madhya Pradesh),Madhya Pradesh,Madhya Pradesh,2.215,145.0,66.0,87.274,21,1.0,1622.0,2.215,,1.387,2.28,,
IND712310AAE -> IND712124AAA,Kolkata_North_I_4 (West Bengal),Hooghly_DC (West Bengal),West Bengal,West Bengal,3.731,69.0,19.0,19.129,30,1.0,1620.0,,3.731,3.158,,4.0,3.778
IND501359AAE -> IND506002AAA,Hyderabad_Shamshbd_H (Telangana),Warangal_HunterRd_I (Telangana),Telangana,Telangana,1.775,216.0,122.0,171.076,16,1.0,1617.0,1.775,,1.775,1.791,,
IND221010AAB -> IND233001AAA,Varanasi_MahmurGj_IP (Uttar Pradesh),Ghazipur_Kaithwal_D (Uttar Pradesh),Uttar Pradesh,Uttar Pradesh,11.214,628.0,56.0,78.735,3,1.0,1613.0,11.214,,12.375,9.848,,
IND380021AAA -> IND382430AAB,AMD_Rakhial (Gujarat),Ahmedabad_East_H_1 (Gujarat),Gujarat,Gujarat,3.167,38.0,13.0,16.892,32,1.0,1611.0,,3.167,3.167,,,3.167
IND441912AAA -> IND441107AAB,Bhandara_KaremDPP_D (Maharashtra),Savner_Wagodha_D (Maharashtra),Maharashtra,Maharashtra,2.703,200.0,75.0,103.676,11,1.0,1609.0,,2.703,2.573,,,2.851
IND530012AAA -> IND532001AAB,Visakhapatnam_Gajuwaka_IP (Andhra Pradesh),Srikakulam_Kuslpram_I (Andhra Pradesh),Andhra Pradesh,Andhra Pradesh,1.764,142.5,82.0,111.871,24,1.0,1609.0,,1.764,2.432,,1.75,2.296
IND209304AAA -> IND221313AAA,Kanpur_Central_H_6 (Uttar Pradesh),Varanasi_Central_H_4 (Uttar Pradesh),Uttar Pradesh,Uttar Pradesh,2.056,475.0,231.0,326.265,6,1.0,1600.0,2.056,,,2.056,,
IND121004AAB -> IND110037AAM,FBD_Balabhgarh_DPC (Haryana),Delhi_Airport_H (Delhi),Haryana,Delhi,2.583,65.0,25.0,28.294,37,1.0,1600.0,,2.583,2.958,,2.167,2.6
IND516115AAA -> IND517501AAB,Rajampet_RSRoad_D (Andhra Pradesh),Tirupati_Balajicly_I (Andhra Pradesh),Andhra Pradesh,Andhra Pradesh,2.227,149.0,67.0,90.146,17,1.0,1590.0,,2.227,2.227,,,
IND400015AAA -> IND400072AAB,Mumbai_CottonGreen_DPC (Maharashtra),Mumbai Hub (Maharashtra),Maharashtra,Maharashtra,2.846,48.0,17.0,18.035,36,1.0,1587.0,,2.846,3.706,,2.353,4.412
IND000000ACT -> IND131028AAB,Delhi_Gateway_HB (Delhi),Sonipat_Kundli_H (Haryana),Delhi,Haryana,1.648,89.0,56.0,43.345,39,0.949,1584.0,,1.648,2.098,1.747,1.426,
IND518002AAA -> IND562132AAA,Kurnool_AbbasNgr_I (Andhra Pradesh),Bangalore_Nelmngla_H (Karnataka),Andhra Pradesh,Karnataka,1.521,432.0,285.0,346.644,11,1.0,1576.0,1.521,,,1.521,,
IND143001AAA -> IND144001AAB,Amritsar_DPC (Punjab),Jalandhar_DPC (Punjab),Punjab,Punjab,2.273,140.0,63.0,85.884,19,1.0,1572.0,2.273,,,,2.273,
IND173025AAA -> IND160002AAC,PaontSahib_Gurudwar_D (Himachal Pradesh),Chandigarh_Mehmdpur_H (Punjab),Himachal Pradesh,Punjab,2.374,235.0,100.0,106.439,11,1.0,1571.0,2.374,,2.198,,,2.507
IND712311AAA -> IND721306AAA,Kolkata_Dankuni_HB (West Bengal),Kharagpur_DC (West Bengal),West Bengal,West Bengal,2.089,211.0,101.0,130.643,14,1.0,1567.0,2.089,,,2.039,2.103,
IND421302AAG -> IND422011AAD,Bhiwandi_Mankoli_HB (Maharashtra),Nashik_TgrniaRD_I (Maharashtra),Maharashtra,Maharashtra,1.732,168.0,97.0,136.903,21,1.0,1563.0,1.732,,,1.732,1.685,
IND321022AAA -> IND121004AAB,Kaman_BsstdDPP_D (Rajasthan),FBD_Balabhgarh_DPC (Haryana),Rajasthan,Haryana,3.244,266.0,83.0,106.935,9,1.0,1563.0,,3.244,,,,3.244
IND712311AAA -> IND713205AAB,Kolkata_Dankuni_HB (West Bengal),Durgapur_Central_I_1 (West Bengal),West Bengal,West Bengal,2.119,223.5,105.0,148.642,12,1.0,1563.0,2.119,,2.124,1.934,2.133,
IND411036AAA -> IND411033AAA,Pune_Mundhawa_L (Maharashtra),Pune_Tathawde_H (Maharashtra),Maharashtra,Maharashtra,2.31,66.0,29.0,28.468,33,1.0,1546.0,,2.31,3.429,3.231,1.742,2.387
IND821109AAA -> IND802213AAB,Mohania_Bhabua_D (Bihar),Dinara_Wardno7_D (Bihar),Bihar,Bihar,5.125,170.0,32.0,45.24,11,1.0,1545.0,5.125,,,,,5.125
IND321001AAA -> IND301001AAB,Bharatpur_DC (Rajasthan),Alwar_Central_I_1 (Rajasthan),Rajasthan,Rajasthan,6.206,602.0,97.0,106.631,3,1.0,1540.0,6.206,,,,,6.206
IND533401AAA -> IND533106AAA,Tuni_Eaglvari_D (Andhra Pradesh),Rajamundry_AtoNgrRd_I (Andhra Pradesh),Andhra Pradesh,Andhra Pradesh,2.274,158.0,68.0,92.659,17,1.0,1530.0,2.274,,,,,2.274
IND608301AAA -> IND639104AAB,Lalpet_PriyrNGR_D (Tamil Nadu),Kulithalai_AnnaNGR_D (Tamil Nadu),Tamil Nadu,Tamil Nadu,1.749,209.0,119.0,148.471,16,1.0,1520.0,1.749,,1.95,,,1.733
IND125001AAA -> IND000000ACB,Hisar_ModelTwn_P (Haryana),Gurgaon_Bilaspur_HB (Haryana),Haryana,Haryana,2.004,270.5,135.0,170.451,10,1.0,1503.0,2.004,,,1.993,2.015,
IND518002AAA -> IND501359AAE,Kurnool_AbbasNgr_I (Andhra Pradesh),Hyderabad_Shamshbd_H (Telangana),Andhra Pradesh,Telangana,1.844,265.0,143.5,199.606,12,1.0,1492.0,1.844,,1.844,,,
IND731301AAA -> IND713205AAB,Nanoor_Central_DPP_1 (West Bengal),Durgapur_Central_I_1 (West Bengal),West Bengal,West Bengal,1.944,138.0,71.0,76.581,19,1.0,1490.0,1.944,,1.843,1.944,,2.157
IND110037AAM -> IND110035AAC,Delhi_Airport_H (Delhi),Delhi_North_R_8 (Delhi),Delhi,Delhi,2.286,46.0,20.0,18.352,36,0.917,1489.0,,2.286,3.045,,1.85,5.073
IND842001AAA -> IND846004AAA,Muzaffrpur_Bbganj_I (Bihar),Darbhanga (Bihar),Bihar,Bihar,2.19,109.0,50.0,68.322,22,1.0,1486.0,2.19,,,,2.19,
IND508377AAB -> IND501359AAE,Haliya_PeroorRD_D (Telangana),Hyderabad_Shamshbd_H (Telangana),Telangana,Telangana,1.804,212.0,115.0,155.382,12,1.0,1486.0,1.804,,2.12,,,1.8
IND000000AEM -> IND110037AAB,Gurgaon_Bilaspur_RP (Haryana),Del_B_RPC (Delhi),Haryana,Delhi,4.0,168.0,40.0,41.592,11,1.0,1482.0,,4.0,4.452,,2.07,5.188
IND560083AAB -> IND562132AAA,Bengaluru_Bnnrghta_L (Karnataka),Bangalore_Nelmngla_H (Karnataka),Karnataka,Karnataka,1.659,72.0,43.0,41.441,31,0.935,1477.0,,1.659,1.302,2.161,,1.456
IND421302AAG -> IND400015AAB,Bhiwandi_Mankoli_HB (Maharashtra),Mumbai_CotnGren_M (Maharashtra),Maharashtra,Maharashtra,2.219,71.0,31.0,42.489,31,1.0,1476.0,,2.219,2.938,2.172,1.86,2.764
IND382430AAB -> IND389001AAA,Ahmedabad_East_H_1 (Gujarat),Godhra_DC (Gujarat),Gujarat,Gujarat,1.694,166.0,98.0,136.641,21,1.0,1473.0,1.694,,,1.643,1.745,
IND501359AAE -> IND562132AAA,Hyderabad_Shamshbd_H (Telangana),Bangalore_Nelmngla_H (Karnataka),Telangana,Karnataka,1.686,715.0,425.0,542.262,5,1.0,1465.0,1.686,,1.631,,1.838,1.745
IND401209AAB -> IND401104AAA,Mumbai_Vasai_CP (Maharashtra),Mumbai_MiraRd_IP (Maharashtra),Maharashtra,Maharashtra,8.143,171.0,19.5,25.749,12,1.0,1458.0,,8.143,8.143,,,
IND271210AAA -> IND271001AAA,Tulsipur_Central_DPP_1 (Uttar Pradesh),Gonda_KotwaliN_D (Uttar Pradesh),Uttar Pradesh,Uttar Pradesh,3.073,144.5,47.0,67.169,12,1.0,1456.0,,3.073,,,,3.073
IND854326AAB -> IND852201AAA,Purnia_Central_H_2 (Bihar),Saharsa_Gangjala_D (Bihar),Bihar,Bihar,3.534,327.0,92.0,116.161,6,1.0,1453.0,3.534,,,,3.534,
IND160002AAC -> IND131028AAB,Chandigarh_Mehmdpur_H (Punjab),Sonipat_Kundli_H (Haryana),Punjab,Haryana,1.915,249.0,129.5,182.034,12,1.0,1445.0,1.915,,,,1.915,
IND583101AAA -> IND583201AAA,Bellary_Dc (Karnataka),Hospet (Karnataka),Karnataka,Karnataka,2.746,125.0,46.0,64.405,18,1.0,1441.0,2.746,,,,3.553,2.667
IND244001AAA -> IND263153AAB,Moradabad_DC (Uttar Pradesh),Rudrapur_UdhamNgr_H (Uttarakhand),Uttar Pradesh,Uttarakhand,1.966,177.0,89.5,92.531,16,1.0,1441.0,1.966,,,1.966,,
IND700065AAB -> IND712310AAA,CCU_Beleghta_CP (West Bengal),Kolkata_Dankuni_P (West Bengal),West Bengal,West Bengal,5.417,129.0,22.0,22.308,15,1.0,1439.0,,5.417,,5.417,,
IND535001AAA -> IND530012AAA,Vizianagaram_NcsRd_DC (Andhra Pradesh),Visakhapatnam_Gajuwaka_IP (Andhra Pradesh),Andhra Pradesh,Andhra Pradesh,3.51,194.0,56.0,71.773,10,1.0,1438.0,,3.51,3.501,,,3.51
IND524101AAB -> IND517501AAB,Gudur_Bngisheb_D (Andhra Pradesh),Tirupati_Balajicly_I (Andhra Pradesh),Andhra Pradesh,Andhra Pradesh,2.127,159.5,75.0,98.977,16,1.0,1433.0,2.127,,2.127,,,
IND812002AAA -> IND813203AAA,Bhagalpur_Pbroad_DC (Bihar),Kahalgaon_NdiaTola_D (Bihar),Bihar,Bihar,3.725,87.5,24.0,32.055,18,1.0,1426.0,3.725,,4.643,,,3.609
IND786001AAB -> IND786171AAA,Dibrugarh_Bokule_H (Assam),Digboi_JyotiNgr_D (Assam),Assam,Assam,3.167,155.0,53.0,73.858,13,1.0,1426.0,,3.167,,,,3.167
IND462042AAA -> IND462022AAA,Bhopal_Kolar Mandakni (Madhya Pradesh),Bhopal_Trnsport_H (Madhya Pradesh),Madhya Pradesh,Madhya Pradesh,4.9,98.0,20.0,19.145,17,1.0,1419.0,,4.9,6.8,,,3.2
IND342902AAA -> IND302014AAA,Gotan_DKLogDPP_D (Rajasthan),Jaipur_Hub (Rajasthan),Rajasthan,Rajasthan,2.387,458.0,186.0,244.434,5,1.0,1408.0,2.387,,2.387,,,
IND305001AAC -> IND305901AAA,Ajmer_FoySGRRD_I (Rajasthan),Beawar_DC (Rajasthan),Rajasthan,Rajasthan,2.023,87.0,44.0,55.779,17,1.0,1394.0,2.023,,,,2.023,
IND331304AAA -> IND332001AAB,Taranagar_RajRdDPP_D (Rajasthan),Sikar_FatehpRd_I (Rajasthan),Rajasthan,Rajasthan,4.104,441.0,109.0,134.285,4,1.0,1394.0,4.104,,3.869,,,4.572
IND816107AAA -> IND826004AAA,Pakur_Hatpada_D (Jharkhand),Dhanbad_Kalynpur_I (Jharkhand),Jharkhand,Jharkhand,1.883,387.0,205.0,278.273,8,1.0,1390.0,1.883,,1.879,,,1.985
IND742303AAB -> IND741165AAB,Domkal_Central_D_2 (West Bengal),Nazirpur_Central_D_1 (West Bengal),West Bengal,West Bengal,3.187,119.5,37.0,53.019,18,1.0,1389.0,,3.187,,,3.065,3.334
IND184121AAA -> IND160002AAC,Samba_Wardno13_D (Jammu & Kashmir),Chandigarh_Mehmdpur_H (Punjab),Jammu & Kashmir,Punjab,1.823,484.0,266.0,340.604,5,1.0,1389.0,1.823,,1.868,1.785,,
IND641062AAD -> IND643231AAA,Coimbatore_Karayam_H (Tamil Nadu),Coonoor_Fairybnk_D (Tamil Nadu),Tamil Nadu,Tamil Nadu,2.474,146.0,60.0,70.328,15,1.0,1384.0,,2.474,,,2.474,
IND160002AAC -> IND110037AAM,Chandigarh_Mehmdpur_H (Punjab),Delhi_Airport_H (Delhi),Punjab,Delhi,1.805,334.0,185.0,229.158,9,1.0,1379.0,1.805,,,1.805,,
IND209304AAA -> IND212601AAA,Kanpur_Central_H_6 (Uttar Pradesh),Fatehpur_Kotwali_D (Uttar Pradesh),Uttar Pradesh,Uttar Pradesh,2.216,159.0,68.0,96.668,16,0.938,1377.0,2.216,,,,2.224,1.985
IND700065AAA -> IND712311AAA,CCU_Beliaghata_DPC (West Bengal),Kolkata_Dankuni_HB (West Bengal),West Bengal,West Bengal,3.554,73.0,21.5,21.899,22,1.0,1375.0,,3.554,3.783,4.833,2.6,2.571
IND000000ACB -> IND110037AAK,Gurgaon_Bilaspur_HB (Haryana),Delhi_Kapshera_L (Delhi),Haryana,Delhi,1.805,67.5,38.0,38.809,38,1.0,1362.0,,1.805,,1.816,1.795,
IND385535AAA -> IND384205AAA,Deesa_HawaiPlr_DC (Gujarat),Mehsana_Panchot_IP (Gujarat),Gujarat,Gujarat,1.95,156.0,79.0,92.186,17,1.0,1359.0,1.95,,,,,1.95
IND261001AAA -> IND262701AAA,Sitapur_Chowk_D (Uttar Pradesh),Lakhimpur_Maheva_D (Uttar Pradesh),Uttar Pradesh,Uttar Pradesh,2.243,111.0,50.0,53.401,20,1.0,1357.0,2.243,,2.265,2.0,,
IND175101AAA -> IND160002AAC,Kullu_AkhraBzr_D (Himachal Pradesh),Chandigarh_Mehmdpur_H (Punjab),Himachal Pradesh,Punjab,2.283,607.0,264.5,284.941,4,1.0,1357.0,2.283,,2.283,,,
IND586211AAA -> IND585314AAA,Indi_SindgiRD_D (Karnataka),Aland_RazaviRd_D (Karnataka),Karnataka,Karnataka,1.808,174.5,96.0,104.22,16,1.0,1357.0,,1.808,1.812,,,1.804
IND508207AAB -> IND521225AAB,Miryalguda_Ragvendr_D (Telangana),Vijayawada_Rynapadu_H (Andhra Pradesh),Telangana,Andhra Pradesh,2.123,249.5,117.0,154.9,10,1.0,1347.0,2.123,,2.123,,,
IND312605AAB -> IND313001AAB,Pratapgarh_Nimachrd_D (Rajasthan),Udaipur_Mangri_I (Rajasthan),Rajasthan,Rajasthan,2.382,324.0,137.0,173.202,7,1.0,1342.0,2.382,,,,,2.382
IND212601AAA -> IND210001AAA,Fatehpur_Kotwali_D (Uttar Pradesh),Banda_GayatriN_D (Uttar Pradesh),Uttar Pradesh,Uttar Pradesh,2.336,142.5,61.0,84.968,16,1.0,1340.0,2.336,,2.379,,,2.328
IND610001AAA -> IND605010AAB,Thiruvarur_Bypasrd_D (Tamil Nadu),Pondicherry_Vasanthm_I (Pondicherry),Tamil Nadu,Pondicherry,2.071,261.0,126.0,149.459,10,1.0,1340.0,2.071,,2.071,,,
IND742102AAB -> IND713130AAA,Berhampore_Central_I_2 (West Bengal),Katwa_BSarani_D (West Bengal),West Bengal,West Bengal,2.011,187.0,93.0,96.541,13,1.0,1335.0,,2.011,,,2.011,
IND202001AAB -> IND205001AAB,Aligarh_KhirByps_I (Uttar Pradesh),Mainpuri_Agraroad_I (Uttar Pradesh),Uttar Pradesh,Uttar Pradesh,2.543,264.5,104.0,136.722,8,1.0,1334.0,2.543,,,2.543,,
IND411033AAA -> IND580028AAA,Pune_Tathawde_H (Maharashtra),Hubli_Adargchi_IP (Karnataka),Maharashtra,Karnataka,1.749,619.0,354.0,487.672,5,1.0,1330.0,1.749,,,,1.718,1.881
IND600056AAB -> IND524003AAA,MAA_Poonamallee_HB (Tamil Nadu),Nellore_DC (Andhra Pradesh),Tamil Nadu,Andhra Pradesh,1.61,241.5,150.5,186.654,14,1.0,1326.0,1.61,,,1.589,1.613,
IND411033AAA -> IND411036AAA,Pune_Tathawde_H (Maharashtra),Pune_Mundhawa_L (Maharashtra),Maharashtra,Maharashtra,1.826,49.0,29.0,25.871,32,1.0,1323.0,,1.826,2.35,,1.5,2.772
IND122004AAA -> IND122413AAE,Gurgaon_Begumpur_CP (Haryana),Gurgaon_Bilaspur_P (Haryana),Haryana,Haryana,1.765,60.0,34.0,35.791,43,1.0,1318.0,,1.765,,1.8,1.758,1.588
IND712311AAA -> IND712410AAC,Kolkata_Dankuni_HB (West Bengal),Tarkeshwar_Naraynpr_D (West Bengal),West Bengal,West Bengal,5.25,189.0,38.0,44.418,9,1.0,1314.0,5.25,,,,,5.25
IND273014AAB -> IND274001AAA,Gorakhpur_Matriprm_IP (Uttar Pradesh),Deoria_CCRoad_D (Uttar Pradesh),Uttar Pradesh,Uttar Pradesh,3.049,125.0,40.5,56.697,16,1.0,1314.0,3.049,,,,3.3,2.625
IND000000ACB -> IND282002AAD,Gurgaon_Bilaspur_HB (Haryana),,Haryana,,1.905,261.0,136.0,183.208,9,1.0,1310.0,1.905,,1.905,,,
IND600056AAB -> IND600116AAB,MAA_Poonamallee_HB (Tamil Nadu),Chennai_Porur_DPC (Tamil Nadu),Tamil Nadu,Tamil Nadu,2.353,63.5,27.0,31.085,22,1.0,1306.0,,2.353,,1.962,1.867,3.993
IND562132AAA -> IND583101AAA,Bangalore_Nelmngla_H (Karnataka),Bellary_Dc (Karnataka),Karnataka,Karnataka,1.49,323.0,219.5,292.5,10,1.0,1306.0,1.49,,,1.49,,
IND585401AAA -> IND502286AAB,Bidar (Karnataka),Narayankhed_Datatrya_D (Telangana),Karnataka,Telangana,2.392,104.0,42.0,40.921,22,1.0,1303.0,2.392,,2.244,,,2.419
IND854326AAB -> IND852131AAA,Purnia_Central_H_2 (Bihar),Supaul_SadrHsptl_D (Bihar),Bihar,Bihar,2.185,210.5,95.0,134.694,10,1.0,1301.0,2.185,,,,2.185,
IND713130AAA -> IND741123AAB,Katwa_BSarani_D (West Bengal),Chapra_NagarDPP_D (West Bengal),West Bengal,West Bengal,2.094,134.0,64.0,73.162,17,1.0,1295.0,,2.094,,,2.031,2.164
IND174101AAB -> IND160002AAC,Nalagarh_Central_DPP_2 (Himachal Pradesh),Chandigarh_Mehmdpur_H (Punjab),Himachal Pradesh,Punjab,2.506,193.0,77.0,93.295,11,1.0,1291.0,2.506,,2.503,,,2.961
IND606201AAC -> IND605601AAA,Chinnasalem_VkotRoad_D (Tamil Nadu),Villupuram_Thirumtr_IP (Tamil Nadu),Tamil Nadu,Tamil Nadu,2.074,168.0,81.0,102.441,15,1.0,1287.0,,2.074,2.074,,,
IND431112AAB -> IND431136AAC,Sillod_ZebaTWR_D (Maharashtra),Aurangabad_Central_H_1 (Maharashtra),Maharashtra,Maharashtra,3.273,180.0,56.0,75.47,11,1.0,1286.0,,3.273,,,,3.273
IND209304AAA -> IND209801AAA,Kanpur_Central_H_6 (Uttar Pradesh),Unnao_VikasRam_D (Uttar Pradesh),Uttar Pradesh,Uttar Pradesh,2.25,122.5,35.5,47.945,20,0.85,1285.0,,2.25,,,,2.25
IND826004AAA -> IND209304AAA,Dhanbad_Kalynpur_I (Jharkhand),Kanpur_Central_H_6 (Uttar Pradesh),Jharkhand,Uttar Pradesh,1.725,997.0,578.0,803.823,3,1.0,1273.0,1.725,,1.725,,,
IND501401AAC -> IND500010AAA,Medchal_MROoffce_D (Telangana),Hyderabad_Alwal_I (Telangana),Telangana,Telangana,8.904,128.5,13.5,14.096,14,1.0,1272.0,,8.904,2.133,,,11.286
IND175001AAA -> IND175101AAA,Mandi_PlaceCol_D (Himachal Pradesh),Kullu_AkhraBzr_D (Himachal Pradesh),Himachal Pradesh,Himachal Pradesh,1.973,146.0,74.0,63.483,17,1.0,1271.0,1.973,,1.863,,,2.0
IND121004AAB -> IND121102AAA,FBD_Balabhgarh_DPC (Haryana),Palwal (Haryana),Haryana,Haryana,1.931,58.0,28.0,39.852,41,1.0,1265.0,,1.931,2.071,,2.852,1.643
IND845401AAA -> IND845305AAA,Motihari_RajaBzr_D (Bihar),Raxaul_KairiyaT_D (Bihar),Bihar,Bihar,2.563,90.5,35.0,48.712,22,1.0,1264.0,2.563,,,,,2.563
IND814133AAB -> IND816109AAA,Godda_Central_D_2 (Jharkhand),Sahebganj_BaraLoha_D (Jharkhand),Jharkhand,Jharkhand,2.438,156.0,64.0,90.015,13,1.0,1262.0,2.438,,2.635,,,2.359
IND000000ACB -> IND110030AAD,Gurgaon_Bilaspur_HB (Haryana),Delhi_Kishangarh_DPC (Delhi),Haryana,Delhi,1.673,84.0,50.0,49.428,28,0.929,1261.0,,1.673,,1.58,1.808,2.523
IND786181AAC -> IND792120AAB,Margherita_CivilHPL_D (Assam),Changlang_Central_D_1 (Arunachal Pradesh),Assam,Arunachal Pradesh,5.062,162.0,33.0,48.082,9,1.0,1253.0,,5.062,6.848,,,4.848
IND842001AAA -> IND848114AAA,Muzaffrpur_Bbganj_I (Bihar),DalsinghSarai_Wardno13_D (Bihar),Bihar,Bihar,2.227,108.0,48.0,69.055,20,1.0,1249.0,2.227,,,,2.286,2.022
IND571124AAA -> IND570020AAA,Tirumakudalu_Narasipr_D (Karnataka),Mysore_Yadvgiri_IP (Karnataka),Karnataka,Karnataka,4.138,120.0,30.0,38.7,11,1.0,1238.0,4.138,,4.138,,,
IND160002AAC -> IND184104AAA,Chandigarh_Mehmdpur_H (Punjab),Kathua_BOB_D (Jammu & Kashmir),Punjab,Jammu & Kashmir,1.821,452.5,249.0,314.006,6,1.0,1236.0,1.821,,1.821,,,
IND396001AAA -> IND395023AAD,Valsad_DC (Gujarat),Surat_Central_I_4 (Gujarat),Gujarat,Gujarat,2.426,146.0,60.0,79.076,5,1.0,1236.0,,2.426,,,,2.426
IND571114AAA -> IND570020AAA,HDKote_BegurRD_D (Karnataka),Mysore_Yadvgiri_IP (Karnataka),Karnataka,Karnataka,4.135,213.0,52.0,56.667,8,1.0,1234.0,4.135,,4.135,,,
IND575004AAB -> IND562132AAA,Mangalore_Kuntikna_H (Karnataka),Bangalore_Nelmngla_H (Karnataka),Karnataka,Karnataka,2.238,559.5,250.0,334.1,4,1.0,1231.0,2.238,,,,2.36,2.204
IND516390AAA -> IND515004AAA,Pulivendula_RTCStand_D (Andhra Pradesh),Anantapur_KamaStrt_I (Andhra Pradesh),Andhra Pradesh,Andhra Pradesh,1.94,165.0,86.0,99.591,15,1.0,1231.0,1.94,,1.953,,,1.894
IND000000ACB -> IND110085AAB,Gurgaon_Bilaspur_HB (Haryana),Delhi_Rohini_DPC (Delhi),Haryana,Delhi,1.622,109.5,67.0,65.329,24,0.917,1227.0,,1.622,,1.603,1.478,2.304
IND712311AAA -> IND700028AAB,Kolkata_Dankuni_HB (West Bengal),CCU_DumDum_DPC (West Bengal),West Bengal,West Bengal,3.526,67.0,19.0,18.928,23,1.0,1226.0,,3.526,,6.947,4.226,3.079
IND142001AAB -> IND152026AAA,Moga_DPC (Punjab),Muktsar_DPC (Punjab),Punjab,Punjab,1.645,103.0,62.0,79.545,29,1.0,1225.0,1.645,,,,1.645,
IND560099AAB -> IND560058AAB,Bengaluru_Bomsndra_HB (Karnataka),Bengaluru_Peenya_IP (Karnataka),Karnataka,Karnataka,1.67,64.5,36.0,32.148,38,0.816,1223.0,,1.67,,2.377,1.191,1.662
IND360530AAB -> IND362001AAA,Jamjodhpur_Court_D (Gujarat),Junagadh_DPC (Gujarat),Gujarat,Gujarat,2.0,140.0,69.0,79.482,15,1.0,1222.0,,2.0,2.029,,,1.806
IND282001AAA -> IND110037AAM,Agra_Idgah_P (Uttar Pradesh),Delhi_Airport_H (Delhi),Uttar Pradesh,Delhi,1.668,322.0,190.0,233.202,7,1.0,1222.0,1.705,1.668,2.389,1.668,1.653,
IND629179AAA -> IND627005AAA,Marthandam_Nallur_D (Tamil Nadu),Tirunelveli_VdkkuSrt_I (Tamil Nadu),Tamil Nadu,Tamil Nadu,2.042,196.0,95.0,109.605,11,1.0,1216.0,2.042,,,,,2.042
IND562132AAA -> IND573201AAB,Bangalore_Nelmngla_H (Karnataka),Hassan_Pandrnga_I (Karnataka),Karnataka,Karnataka,1.485,197.5,132.5,165.35,16,1.0,1214.0,1.485,,1.481,1.553,,
IND263601AAA -> IND262501AAA,Almora_SuzkiSrv_D (Uttarakhand),Pithorgarh_Kumud_D (Uttarakhand),Uttarakhand,Uttarakhand,1.926,234.5,121.5,112.363,10,1.0,1202.0,1.926,,1.991,,,1.926
IND600044AAE -> IND600056AAB,Chennai_Chrompet_L (Tamil Nadu),MAA_Poonamallee_HB (Tamil Nadu),Tamil Nadu,Tamil Nadu,2.029,71.0,35.0,36.445,29,1.0,1202.0,,2.029,1.855,1.739,1.771,2.279
IND712311AAA -> IND732103AAB,Kolkata_Dankuni_HB (West Bengal),Malda_Central_I_3 (West Bengal),West Bengal,West Bengal,2.801,605.0,215.0,304.368,3,1.0,1191.0,2.801,,2.733,,,3.065
IND382430AAB -> IND380054AAA,Ahmedabad_East_H_1 (Gujarat),AMD_Memnagar (Gujarat),Gujarat,Gujarat,2.235,37.5,17.0,19.675,40,1.0,1190.0,,2.235,,,1.941,2.471
IND335051AAA -> IND335513AAA,RaisingNgr_BisnolDPP_D (Rajasthan),Hanumangarh_DC (Rajasthan),Rajasthan,Rajasthan,1.967,195.0,99.5,110.3,10,0.9,1185.0,,1.967,2.119,1.814,,
IND560300AAA -> IND560078AAC,Bengaluru_KGAirprt_HB (Karnataka),BLR_JPNagar_Pc (Karnataka),Karnataka,Karnataka,2.841,116.5,41.0,39.9,16,1.0,1184.0,,2.841,,2.024,,2.854
IND603301AAA -> IND600044AAD,Malemruvathur_Achipkam_D (Tamil Nadu),Chennai_Chrompet_DPC (Tamil Nadu),Tamil Nadu,Tamil Nadu,2.356,135.5,58.0,74.925,14,1.0,1184.0,,2.356,,,,2.356
IND421302AAG -> IND400072AAA,Bhiwandi_Mankoli_HB (Maharashtra),Mumbai_Tejpal_M (Maharashtra),Maharashtra,Maharashtra,2.435,56.0,22.0,27.385,29,1.0,1181.0,,2.435,2.6,2.392,2.091,3.304
IND742102AAB -> IND712311AAA,Berhampore_Central_I_2 (West Bengal),Kolkata_Dankuni_HB (West Bengal),West Bengal,West Bengal,2.594,415.0,160.0,218.873,4,1.0,1179.0,2.594,,,2.619,2.381,
IND712310AAE -> IND711303AAA,Kolkata_North_I_4 (West Bengal),Bagnan_Harop_D (West Bengal),West Bengal,West Bengal,2.402,97.5,40.0,54.091,18,1.0,1179.0,,2.402,,,2.402,
IND502286AAB -> IND502220AAC,Narayankhed_Datatrya_D (Telangana),Zahirabad_Mohim_D (Telangana),Telangana,Telangana,2.1,102.0,49.0,57.436,22,1.0,1177.0,2.1,,2.058,,,2.18
IND583119AAA -> IND583101AAA,Sandur_WrdN1DPP_D (Karnataka),Bellary_Dc (Karnataka),Karnataka,Karnataka,4.233,182.0,44.0,53.576,9,1.0,1170.0,4.233,,,,,4.233
IND263153AAB -> IND244715AAA,Rudrapur_UdhamNgr_H (Uttarakhand),Ramnagar_BhwniGnj_D (Uttarakhand),Uttarakhand,Uttarakhand,1.704,158.5,93.0,80.269,16,1.0,1168.0,1.704,,,,1.704,
IND415709AAA -> IND416012AAA,Khed_Mahad_D (Maharashtra),Kolhapur_Shivaji_I (Maharashtra),Maharashtra,Maharashtra,2.476,412.0,165.0,198.082,5,1.0,1167.0,2.476,,2.297,,,2.487
IND462022AAA -> IND466001AAA,Bhopal_Trnsport_H (Madhya Pradesh),Sehore_Mangalam_D (Madhya Pradesh),Madhya Pradesh,Madhya Pradesh,2.849,122.5,43.0,49.691,14,1.0,1166.0,2.849,,2.849,,,
IND400701AAB -> IND421302AAG,Mumbai_Pawane_L (Maharashtra),Bhiwandi_Mankoli_HB (Maharashtra),Maharashtra,Maharashtra,2.475,49.5,20.0,22.873,26,1.0,1165.0,,2.475,2.475,4.068,2.15,3.238
IND632006AAA -> IND600056AAB,Vellore_GndhiNgr_IP (Tamil Nadu),MAA_Poonamallee_HB (Tamil Nadu),Tamil Nadu,Tamil Nadu,1.783,148.0,83.0,105.996,17,1.0,1156.0,1.783,,1.783,1.756,1.939,
IND415612AAA -> IND415408AAC,Ratnagiri_MjgaonRd_D (Maharashtra),Shirala_Central_DPP_3 (Maharashtra),Maharashtra,Maharashtra,2.612,234.0,90.0,117.199,8,1.0,1156.0,2.612,,,,,2.612
IND450331AAA -> IND452001AAC,Burhanpur_StRoad_D (Madhya Pradesh),Jalgaon_DC (Maharashtra),Madhya Pradesh,Maharashtra,2.243,156.0,69.0,96.877,13,1.0,1155.0,,2.243,2.243,,,
IND210001AAA -> IND210427AAA,Banda_GayatriN_D (Uttar Pradesh),Mahoba_Mlkpura_D (Uttar Pradesh),Uttar Pradesh,Uttar Pradesh,3.823,152.0,40.0,54.867,10,1.0,1154.0,3.823,,3.752,,,3.998
IND494334AAB -> IND493445AAB,Kanker_KrisnKunj_D (Chhattisgarh),Mahasamund_RajpurRD_D (Chhattisgarh),Chhattisgarh,Chhattisgarh,1.769,230.0,131.0,173.82,11,1.0,1153.0,1.769,,1.769,,,
IND401209AAB -> IND421302AAH,Mumbai_Vasai_CP (Maharashtra),Bhiwandi_Mankoli_GW (Maharashtra),Maharashtra,Maharashtra,2.706,87.0,34.0,35.548,19,1.0,1149.0,,2.706,,2.596,3.486,
IND500008AAC -> IND501359AAE,Hyderabad_Tolichwk_I (Telangana),Hyderabad_Shamshbd_H (Telangana),Telangana,Telangana,3.059,70.5,22.0,24.568,12,1.0,1148.0,,3.059,3.391,2.625,2.27,12.539
IND562132AAA -> IND515004AAA,Bangalore_Nelmngla_H (Karnataka),Anantapur_KamaStrt_I (Andhra Pradesh),Karnataka,Andhra Pradesh,1.537,280.5,183.0,203.426,12,1.0,1140.0,1.537,,1.537,,,
IND802158AAB -> IND821115AAB,Jagdishpur_Wardno13_D (Bihar),Sasaram_Central_I_2 (Bihar),Bihar,Bihar,2.408,167.0,71.0,86.578,11,1.0,1140.0,2.408,,4.042,,,2.38
IND421302AAG -> IND410401AAA,Bhiwandi_Mankoli_HB (Maharashtra),Lonavala_NngrgnRd_D (Maharashtra),Maharashtra,Maharashtra,2.463,164.0,67.0,88.8,11,1.0,1135.0,2.463,,,,2.463,
IND209304AAA -> IND208019AAA,Kanpur_Central_H_6 (Uttar Pradesh),Kanpur_Rawatpur_D (Uttar Pradesh),Uttar Pradesh,Uttar Pradesh,4.806,78.5,16.0,16.285,18,1.0,1133.0,,4.806,,,5.688,4.5
IND518422AAB -> IND518102AAA,Atmakur_IndraNgr_D (Andhra Pradesh),Srisailam_Sishumdr_D (Andhra Pradesh),Andhra Pradesh,Andhra Pradesh,2.046,157.5,76.0,108.501,14,1.0,1131.0,2.046,,,,,2.046
IND712311AAA -> IND700053AAA,Kolkata_Dankuni_HB (West Bengal),CCU_New Alipore_DPC (West Bengal),West Bengal,West Bengal,2.8,84.0,29.0,29.399,15,1.0,1130.0,,2.8,,5.967,3.204,2.767
IND121102AAA -> IND121004AAB,Palwal (Haryana),FBD_Balabhgarh_DPC (Haryana),Haryana,Haryana,3.993,115.0,29.0,40.228,12,1.0,1126.0,,3.993,,,,3.993
IND562132AAA -> IND560002AAA,Bangalore_Nelmngla_H (Karnataka),Bengaluru_KHRoad_I (Karnataka),Karnataka,Karnataka,2.846,75.0,27.0,24.534,25,0.96,1123.0,,2.846,3.111,2.346,1.456,3.222
IND382430AAB -> IND382345AAA,Ahmedabad_East_H_1 (Gujarat),Amdavad_East (Gujarat),Gujarat,Gujarat,2.211,34.0,16.0,20.076,34,1.0,1123.0,,2.211,,,2.0,2.235
IND411033AAA -> IND411021AAA,Pune_Tathawde_H (Maharashtra),PNQ Pashan DPC (Maharashtra),Maharashtra,Maharashtra,1.923,24.0,12.0,11.17,41,0.732,1121.0,,1.923,1.917,,1.833,2.045
IND600056AAB -> IND600044AAE,MAA_Poonamallee_HB (Tamil Nadu),Chennai_Chrompet_L (Tamil Nadu),Tamil Nadu,Tamil Nadu,1.873,66.5,35.0,35.82,34,1.0,1119.0,,1.873,2.162,1.842,1.662,2.057
IND382430AAB -> IND380005AAA,Ahmedabad_East_H_1 (Gujarat),Amd_Chandkheda_Dc (Gujarat),Gujarat,Gujarat,2.119,51.0,23.0,27.066,36,1.0,1119.0,,2.119,,,1.636,2.333
IND341510AAB -> IND305001AAC,Merta_Central_DPP_1 (Rajasthan),Ajmer_FoySGRRD_I (Rajasthan),Rajasthan,Rajasthan,2.373,130.5,55.0,73.677,14,1.0,1111.0,2.373,,2.373,,,
IND721212AAA -> IND712310AAE,Ghatal_KrshDPP_D (West Bengal),Kolkata_North_I_4 (West Bengal),West Bengal,West Bengal,2.327,176.5,78.0,100.271,10,1.0,1111.0,,2.327,,,,2.327
IND606801AAB -> IND632006AAA,Chetpet_Blmrgnst_D (Tamil Nadu),Vellore_GndhiNgr_IP (Tamil Nadu),Tamil Nadu,Tamil Nadu,2.315,130.0,55.0,64.463,13,1.0,1110.0,2.315,,,,,2.315
IND208017AAA -> IND209304AAA,Kanpur_Central_D_5 (Uttar Pradesh),Kanpur_Central_H_6 (Uttar Pradesh),Uttar Pradesh,Uttar Pradesh,15.133,227.0,15.0,20.872,5,1.0,1109.0,,15.133,,13.658,,16.227
IND140118AAA -> IND160002AAC,AnandprShb_PnjPiara_D (Punjab),Chandigarh_Mehmdpur_H (Punjab),Punjab,Punjab,1.556,172.0,104.0,108.287,17,1.0,1094.0,1.556,,1.724,,,1.49
IND401104AAA -> IND401208AAA,Mumbai_MiraRd_IP (Maharashtra),Nalasopara (Maharashtra),Maharashtra,Maharashtra,2.556,46.0,18.0,23.5,37,1.0,1092.0,,2.556,2.412,,2.667,3.611
IND635601AAB -> IND635802AAB,Tiruppattur_KoilStrt_D (Tamil Nadu),Ambur_Central_D_2 (Tamil Nadu),Tamil Nadu,Tamil Nadu,4.368,148.5,34.0,41.467,10,1.0,1091.0,,4.368,,,,4.368
IND410206AAB -> IND000000AFT,Mumbai_Panvel_D (Maharashtra),Mumbai_Sanpada_I (Maharashtra),Maharashtra,Maharashtra,2.303,40.0,17.0,20.458,36,1.0,1086.0,,2.303,2.778,,,2.263
IND382715AAA -> IND382430AAB,Kadi_KaranNGR_D (Gujarat),Ahmedabad_East_H_1 (Gujarat),Gujarat,Gujarat,1.982,108.0,54.0,60.922,18,1.0,1085.0,1.982,,,,,1.982
IND68004AAA -> IND678683AAA,Thrissur_Poothole_D (Kerala),Vadakkencherry_Robinson_D (Kerala),Kerala,Kerala,2.42,89.5,37.0,32.898,14,1.0,1082.0,2.42,,,,,2.42
IND000000AAL -> IND411033AAA,Pune_PC (Maharashtra),Pune_Tathawde_H (Maharashtra),Maharashtra,Maharashtra,2.695,74.5,27.0,24.501,18,1.0,1081.0,,2.695,3.385,2.76,2.417,2.08
IND313001AAB -> IND312001AAA,Udaipur_Mangri_I (Rajasthan),Chittaurgarh_DC (Rajasthan),Rajasthan,Rajasthan,2.076,164.0,79.0,108.423,13,1.0,1079.0,2.076,,,2.076,,
IND614620AAA -> IND630561AAA,Manamelkudi_TmpleSrt_D (Tamil Nadu),Sivaganga_Wardno3_D (Tamil Nadu),Tamil Nadu,Tamil Nadu,1.904,140.0,74.0,105.144,16,1.0,1078.0,,1.904,,,,1.904
IND261201AAB -> IND261001AAA,Biswan_PatelNGR_D (Uttar Pradesh),Sitapur_Chowk_D (Uttar Pradesh),Uttar Pradesh,Uttar Pradesh,2.645,87.0,32.0,37.215,19,1.0,1077.0,2.645,,2.656,,,2.455
IND842003AAB -> IND483501AAA,Jabalpur_Adhartal_IP (Madhya Pradesh),Katni_Bargawan_DC (Madhya Pradesh),Madhya Pradesh,Madhya Pradesh,2.638,153.0,58.0,80.42,11,1.0,1077.0,2.638,,,,2.552,2.638
IND461111AAA -> IND460001AAA,Itarsi_DivrsnRd_D (Madhya Pradesh),Betul_PatelWrd_D (Madhya Pradesh),Madhya Pradesh,Madhya Pradesh,1.878,115.5,62.0,86.032,20,1.0,1072.0,1.878,,1.878,1.895,,
IND577598AAB -> IND573142AAA,Madikeri_MuthpTmp_D (Karnataka),Ramanathapura_Central_D_2 (Karnataka),Karnataka,Karnataka,1.897,110.0,56.0,66.358,17,1.0,1072.0,1.897,,1.825,,,2.089
IND560048AAB -> IND562132AAA,Bengaluru_Hoodi_IP (Karnataka),Bangalore_Nelmngla_H (Karnataka),Karnataka,Karnataka,1.894,89.0,46.0,36.637,17,0.941,1070.0,,1.894,2.745,1.394,1.5,1.8
IND210431AAA -> IND209304AAA,Rath_Mughlpra_D (Uttar Pradesh),Kanpur_Central_H_6 (Uttar Pradesh),Uttar Pradesh,Uttar Pradesh,2.369,263.0,111.0,125.92,5,1.0,1070.0,2.369,,2.335,4.634,,
IND533106AAA -> IND533308AAB,Rajamundry_AtoNgrRd_I (Andhra Pradesh),Mandapeta_Mainrd_D (Andhra Pradesh),Andhra Pradesh,Andhra Pradesh,3.637,102.0,27.5,33.004,14,1.0,1069.0,3.637,,,,3.637,
IND530012AAA -> IND764001AAC,Visakhapatnam_Gajuwaka_IP (Andhra Pradesh),Jeypore_Kelasahi_D (Orissa),Andhra Pradesh,Orissa,2.826,472.0,167.0,231.337,3,1.0,1067.0,,2.826,,,2.826,
IND571426AAA -> IND571104AAA,Krishnarajpet_MuruPost_D (Karnataka),Koppa_BMRd_D (Karnataka),Karnataka,Karnataka,1.897,148.0,80.0,86.662,15,1.0,1067.0,1.897,,,,,1.897
IND431136AAC -> IND431122AAA,Aurangabad_Central_H_1 (Maharashtra),Beed_JalnaRd_D (Maharashtra),Maharashtra,Maharashtra,2.224,218.0,98.0,137.818,9,1.0,1064.0,2.224,,,2.04,2.235,
IND110085AAB -> IND000000ACB,Delhi_Rohini_DPC (Delhi),Gurgaon_Bilaspur_HB (Haryana),Delhi,Haryana,2.698,170.0,64.0,67.551,7,1.0,1064.0,,2.698,4.406,,2.188,2.385
IND508223AAA -> IND500039AAC,Thirumalagiri_Xroad_D (Telangana),Hyderabad_Uppal_I (Telangana),Telangana,Telangana,1.77,157.5,89.0,122.585,14,1.0,1063.0,1.77,,1.611,,,1.784
IND208019AAA -> IND209304AAA,Kanpur_Rawatpur_D (Uttar Pradesh),Kanpur_Central_H_6 (Uttar Pradesh),Uttar Pradesh,Uttar Pradesh,9.406,187.0,16.5,17.468,6,1.0,1059.0,,9.406,,9.406,,
IND517583AAA -> IND516101AAA,Puttur_Artmclny_D (Andhra Pradesh),Koduru_MGRoad_D (Andhra Pradesh),Andhra Pradesh,Andhra Pradesh,2.146,102.0,48.0,68.007,19,1.0,1057.0,,2.146,2.214,,,2.146
IND151506AAA -> IND151001AAA,Jhunir_BhaRDDPP_D (Punjab),Bhatinda_DPC (Punjab),Punjab,Punjab,1.371,98.0,73.0,81.847,18,0.944,1056.0,1.371,,1.319,,,1.397
IND841424AAA -> IND841428AAA,Chhapra_Prbhunth_D (Bihar),Gopalganj_GopalDPP_D (Bihar),Bihar,Bihar,3.573,244.0,69.0,97.312,6,1.0,1049.0,3.573,,,,3.573,
IND533106AAA -> IND530012AAA,Rajamundry_AtoNgrRd_I (Andhra Pradesh),Visakhapatnam_Gajuwaka_IP (Andhra Pradesh),Andhra Pradesh,Andhra Pradesh,1.765,235.0,134.0,183.151,11,1.0,1047.0,1.765,,,1.765,,
IND713148AAA -> IND713128AAB,Panagarh_Central_D_1 (West Bengal),Guskhara_Itachnda_D (West Bengal),West Bengal,West Bengal,2.639,95.0,35.0,41.017,17,1.0,1045.0,2.639,,2.629,,,2.653
IND207302AAA -> IND202001AAB,Jalesar_ChngiDPP_D (Uttar Pradesh),Aligarh_KhirByps_I (Uttar Pradesh),Uttar Pradesh,Uttar Pradesh,5.02,249.5,51.0,68.324,6,0.667,1039.0,,5.02,1.111,,,6.53
IND332001AAB -> IND334001AAB,Sikar_FatehpRd_I (Rajasthan),Bikaner_DC (Rajasthan),Rajasthan,Rajasthan,1.62,249.5,153.5,213.51,10,1.0,1039.0,1.62,,,,1.62,
IND302022AAD -> IND000000ACB,Jaipur_RIICO_L (Rajasthan),Gurgaon_Bilaspur_HB (Haryana),Rajasthan,Haryana,1.909,314.0,165.0,222.382,7,1.0,1039.0,,1.909,,,1.909,
IND515004AAA -> IND562132AAA,Anantapur_KamaStrt_I (Andhra Pradesh),Bangalore_Nelmngla_H (Karnataka),Andhra Pradesh,Karnataka,1.725,314.0,184.0,205.109,8,1.0,1032.0,1.725,,1.739,1.711,,
IND451666AAA -> IND424006AAA,Sendhwa_VishnuVhr_D (Madhya Pradesh),Dhule_MIDCAvdn_I (Maharashtra),Madhya Pradesh,Maharashtra,2.607,212.5,79.0,111.655,8,1.0,1031.0,2.607,,,,,2.607
IND560048AAB -> IND560099AAB,Bengaluru_Hoodi_IP (Karnataka),Bengaluru_Bomsndra_HB (Karnataka),Karnataka,Karnataka,1.635,53.5,32.0,27.01,26,0.692,1030.0,,1.635,3.333,,1.121,2.194
IND560099AAB -> IND560043AAC,Bengaluru_Bomsndra_HB (Karnataka),HBR Layout PC (Karnataka),Karnataka,Karnataka,1.607,49.0,30.0,27.164,37,0.811,1030.0,,1.607,,1.727,1.188,3.206
IND160102AAC -> IND160002AAC,Chandigarh_Raiprvlg_L (Chandigarh),Chandigarh_Mehmdpur_H (Punjab),Chandigarh,Punjab,2.07,70.5,34.0,44.656,28,1.0,1029.0,,2.07,2.485,2.188,1.971,1.938
IND503111AAC -> IND503185AAA,Kamareddy_Devenply_I (Telangana),Bodhan_SuryaDPP_D (Telangana),Telangana,Telangana,1.817,109.0,60.0,79.439,20,1.0,1027.0,1.817,,,,1.525,1.885
IND382721AAA -> IND382430AAB,Gandhinagar_Kalol_DC (Gujarat),Ahmedabad_East_H_1 (Gujarat),Gujarat,Gujarat,2.732,109.0,41.0,44.003,15,1.0,1024.0,,2.732,,,,2.732
IND826004AAA -> IND815351AAA,Dhanbad_Kalynpur_I (Jharkhand),Jamtara_D (Jharkhand),Jharkhand,Jharkhand,3.389,126.0,38.0,53.675,11,1.0,1024.0,3.389,,,,3.392,3.237
IND560078AAC -> IND560099AAB,BLR_JPNagar_Pc (Karnataka),Bengaluru_Bomsndra_HB (Karnataka),Karnataka,Karnataka,3.468,77.5,23.0,22.164,20,1.0,1024.0,,3.468,3.354,3.708,3.577,3.063
IND147001AAB -> IND160002AAC,Patiala (Punjab),Chandigarh_Mehmdpur_H (Punjab),Punjab,Punjab,3.538,234.0,59.0,46.073,7,1.0,1024.0,3.538,,3.538,,,
IND600008AAC -> IND600056AAB,Chennai_Egmore_DPC (Tamil Nadu),MAA_Poonamallee_HB (Tamil Nadu),Tamil Nadu,Tamil Nadu,2.351,87.0,37.0,44.198,15,1.0,1017.0,,2.351,2.364,,3.529,2.351
IND504215AAA -> IND505001AAB,Luxettipet_ShivaDPP_D (Telangana),Karimnagar_KamnHbRD_I (Telangana),Telangana,Telangana,1.949,115.0,59.0,65.165,15,1.0,1016.0,1.949,,2.042,,,1.898
IND585104AAA -> IND586128AAA,Gulbarga_Nehrugnj_I (Karnataka),Sindagi_KalyanNg_D (Karnataka),Karnataka,Karnataka,1.932,142.0,73.0,92.522,15,1.0,1016.0,,1.932,,,,1.932
IND176048AAA -> IND175015AAA,Jahu_Sulgwan_D (Himachal Pradesh),JognderNgr_Dhelu_D (Himachal Pradesh),Himachal Pradesh,Himachal Pradesh,2.022,188.0,95.0,78.585,11,1.0,1016.0,2.022,,1.842,,,2.053
IND600016AAB -> IND600044AAC,Chennai_Alandur_C (Tamil Nadu),Chennai_Chrompet_PC (Tamil Nadu),Tamil Nadu,Tamil Nadu,2.125,70.0,33.0,36.643,22,1.0,1014.0,,2.125,,2.219,1.733,
IND402301AAA -> IND402107AAA,Mahad_Govndsgr_D (Maharashtra),Pen_BljiMrkt_D (Maharashtra),Maharashtra,Maharashtra,2.0,129.0,67.0,95.87,13,1.0,1013.0,,2.0,2.0,,,
IND273014AAB -> IND209304AAA,Gorakhpur_Matriprm_IP (Uttar Pradesh),Kanpur_Central_H_6 (Uttar Pradesh),Uttar Pradesh,Uttar Pradesh,2.339,676.0,289.0,391.515,3,1.0,1012.0,2.339,,,2.339,,
IND403401AAA -> IND403726AAB,Goa_Ponda_Dc (Goa),Goa_ZuariNgr_IP (Goa),Goa,Goa,8.595,361.0,31.0,27.117,3,1.0,1012.0,,8.595,,,,8.595
IND784176AAA -> IND781018AAB,Bishwanath_ChrliDPP_D (Assam),Guwahati_Hub (Assam),Assam,Assam,2.338,422.0,180.0,236.68,4,1.0,1009.0,2.338,,,,,2.338
IND244901AAB -> IND243002AAA,Rampur_RoshnBgh_I (Uttar Pradesh),Bareilly (Uttar Pradesh),Uttar Pradesh,Uttar Pradesh,2.351,107.0,45.0,60.456,16,1.0,1007.0,2.351,,,2.506,2.218,
IND431136AAC -> IND431203AAA,Aurangabad_Central_H_1 (Maharashtra),Jalna_BhgyaNgr_D (Maharashtra),Maharashtra,Maharashtra,2.302,122.0,54.0,74.186,15,1.0,1005.0,,2.302,3.607,,2.133,
IND125001AAA -> IND335523AAB,Hisar_ModelTwn_P (Haryana),Nohar_Central_DPP_2 (Rajasthan),Haryana,Rajasthan,3.148,372.5,118.0,127.023,4,1.0,1004.0,3.148,,,,3.148,
IND560099AAB -> IND560048AAB,Bengaluru_Bomsndra_HB (Karnataka),Bengaluru_Hoodi_IP (Karnataka),Karnataka,Karnataka,1.561,48.0,31.0,26.686,34,0.735,1003.0,,1.561,,1.615,1.112,2.647
IND641607AAA -> IND641062AAD,Tirupur_Koliplm_I (Tamil Nadu),Coimbatore_Karayam_H (Tamil Nadu),Tamil Nadu,Tamil Nadu,2.907,85.5,29.0,33.913,20,1.0,1003.0,2.907,,,2.907,,
IND712311AAA -> IND826004AAA,Kolkata_Dankuni_HB (West Bengal),Dhanbad_Kalynpur_I (Jharkhand),West Bengal,Jharkhand,1.784,319.0,176.0,249.749,7,1.0,1002.0,1.784,,,,,1.784
IND521225AAB -> IND521201AAA,Vijayawada_Rynapadu_H (Andhra Pradesh),Nuzvid_Ward17_D (Andhra Pradesh),Andhra Pradesh,Andhra Pradesh,1.566,83.0,53.0,52.892,21,1.0,998.0,1.566,,,,1.566,
IND743347AAA -> IND700053AAA,Kakdwip_KlngrDPP_D (West Bengal),CCU_New Alipore_DPC (West Bengal),West Bengal,West Bengal,3.658,234.0,63.5,83.871,6,1.0,998.0,,3.658,,,,3.658
IND560002AAA -> IND562132AAA,Bengaluru_KHRoad_I (Karnataka),Bangalore_Nelmngla_H (Karnataka),Karnataka,Karnataka,2.269,76.0,33.0,26.345,22,0.955,998.0,,2.269,2.61,1.424,0.972,
IND515801AAA -> IND515865AAB,Guntakal_Verpatem_D (Andhra Pradesh),Rayadurgam_RailGate_D (Andhra Pradesh),Andhra Pradesh,Andhra Pradesh,1.566,137.0,87.0,103.733,18,1.0,996.0,1.566,,,,1.568,1.563
IND495677AAA -> IND496001AAA,Korba_Tilknagr_DC (Chhattisgarh),Raigarh_MithmdRd_D (Chhattisgarh),Chhattisgarh,Chhattisgarh,2.18,242.0,111.0,132.061,7,1.0,995.0,2.18,,2.18,,,2.189
IND421302AAG -> IND400701AAB,Bhiwandi_Mankoli_HB (Maharashtra),Mumbai_Pawane_L (Maharashtra),Maharashtra,Maharashtra,2.449,52.0,20.5,22.881,22,1.0,995.0,,2.449,3.524,3.075,2.238,2.312
IND410401AAA -> IND421302AAG,Lonavala_NngrgnRd_D (Maharashtra),Bhiwandi_Mankoli_HB (Maharashtra),Maharashtra,Maharashtra,2.478,166.0,67.0,84.986,9,1.0,994.0,2.478,,,,,2.478
IND411021AAA -> IND411033AAA,PNQ Pashan DPC (Maharashtra),Pune_Tathawde_H (Maharashtra),Maharashtra,Maharashtra,2.0,29.0,15.0,12.915,32,0.719,992.0,,2.0,1.394,,2.208,2.533
IND741156AAA -> IND742102AAB,Plassey_BtaiRoad_D (West Bengal),Berhampore_Central_I_2 (West Bengal),West Bengal,West Bengal,3.333,110.0,33.0,45.214,13,1.0,988.0,,3.333,2.955,,,3.647
IND411033AAA -> IND000000AAL,Pune_Tathawde_H (Maharashtra),Pune_PC (Maharashtra),Maharashtra,Maharashtra,2.704,71.0,27.0,24.673,17,1.0,988.0,,2.704,,3.817,,2.5
IND781018AAB -> IND793001AAA,Guwahati_Hub (Assam),Shillong (Meghalaya),Assam,Meghalaya,2.025,201.0,99.5,126.494,10,1.0,986.0,2.025,,,2.025,,
IND302014AAB -> IND302026AAA,Jaipur_Central_I_7 (Rajasthan),Jaipur_Bhankrot_DC (Rajasthan),Rajasthan,Rajasthan,4.706,80.0,18.0,19.234,19,1.0,984.0,,4.706,,,4.765,2.691
IND712311AAA -> IND742102AAB,Kolkata_Dankuni_HB (West Bengal),Berhampore_Central_I_2 (West Bengal),West Bengal,West Bengal,3.152,498.0,158.0,215.474,3,1.0,984.0,3.152,,3.152,,,
IND110030AAD -> IND000000ACB,Delhi_Kishangarh_DPC (Delhi),Gurgaon_Bilaspur_HB (Haryana),Delhi,Haryana,3.106,146.0,47.0,45.948,7,1.0,979.0,,3.106,5.767,,1.66,4.764
IND248197AAA -> IND248122AAB,Dehradun_Selakui_D (Uttarakhand),Mussoorie_BrlwgDPP_D (Uttarakhand),Uttarakhand,Uttarakhand,2.262,92.5,45.0,42.6,16,1.0,978.0,2.262,,2.214,,,2.302
IND508001AAA -> IND501359AAE,Nalgonda_HydRoad_DC (Telangana),Hyderabad_Shamshbd_H (Telangana),Telangana,Telangana,1.754,153.5,87.0,116.509,14,1.0,975.0,1.754,,,,,1.754
IND160002AAC -> IND174307AAA,Chandigarh_Mehmdpur_H (Punjab),Bangana_Bhaleti_D (Himachal Pradesh),Punjab,Himachal Pradesh,1.354,244.5,181.0,194.456,14,1.0,971.0,1.354,,,,1.356,1.311
IND523002AAA -> IND523230AAA,Ongole_SubhVRTL_I (Andhra Pradesh),Kanigiri_Tiglgndi_D (Andhra Pradesh),Andhra Pradesh,Andhra Pradesh,1.609,111.0,69.0,77.988,21,1.0,967.0,1.609,,,1.632,1.588,
IND518002AAA -> IND584101AAA,Kurnool_AbbasNgr_I (Andhra Pradesh),Raichur_LSRoad_DC (Karnataka),Andhra Pradesh,Karnataka,1.777,166.5,91.5,100.684,14,0.929,966.0,1.777,,,,1.777,
IND825301AAA -> IND825409AAA,Hazaribag_BodomBzr_DC (Jharkhand),JhumriTlya_RadhaCpx_D (Jharkhand),Jharkhand,Jharkhand,2.668,109.5,41.0,58.414,14,1.0,958.0,2.668,,,,2.692,2.643
IND382430AAB -> IND364004AAB,Ahmedabad_East_H_1 (Gujarat),Bhavnagar_ChtrGIDC_IP (Gujarat),Gujarat,Gujarat,1.634,214.0,131.0,157.485,11,1.0,954.0,1.634,,,1.634,,
IND700053AAA -> IND712311AAA,CCU_New Alipore_DPC (West Bengal),Kolkata_Dankuni_HB (West Bengal),West Bengal,West Bengal,7.526,219.0,29.0,29.081,6,1.0,954.0,,7.526,6.586,9.69,2.0,
IND560064AAD -> IND560043AAC,Bengaluru_Bagaluru_D (Karnataka),HBR Layout PC (Karnataka),Karnataka,Karnataka,2.467,36.0,15.0,13.956,41,1.0,951.0,,2.467,2.256,2.625,,2.569
IND852113AAA -> IND852139AAB,Madhepura_Krishnpr_D (Bihar),Triveninganj_Central_D_1 (Bihar),Bihar,Bihar,2.792,67.0,24.0,35.271,19,1.0,950.0,2.792,,2.979,,,2.625
IND209111AAA -> IND285001AAD,Pukhrayan_Arulimod_D (Uttar Pradesh),Orai_Ajnari_D (Uttar Pradesh),Uttar Pradesh,Uttar Pradesh,2.171,77.0,36.0,49.936,21,1.0,946.0,2.171,,2.556,,,2.155
IND600056AAB -> IND605010AAB,MAA_Poonamallee_HB (Tamil Nadu),Pondicherry_Vasanthm_I (Pondicherry),Tamil Nadu,Pondicherry,1.432,198.0,139.0,152.584,13,1.0,945.0,1.432,,1.432,,,
IND201301AAF -> IND203205AAA,Noida_Sec 02_DPC (Uttar Pradesh),Sikandrabd_GTRoad_D (Uttar Pradesh),Uttar Pradesh,Uttar Pradesh,2.0,91.0,45.0,45.034,19,1.0,945.0,2.0,,,,1.978,2.211
IND402109AAA -> IND402301AAA,Roha_DataSagr_D (Maharashtra),Mahad_Govndsgr_D (Maharashtra),Maharashtra,Maharashtra,1.904,90.5,48.0,63.325,20,1.0,944.0,,1.904,1.875,,,2.521
IND587103AAB -> IND582209AAA,Bagalkot_Sector4_D (Karnataka),Rona_GadagRD_D (Karnataka),Karnataka,Karnataka,1.902,114.0,61.0,66.421,17,1.0,943.0,1.902,,,,,1.902
IND756100AAC -> IND758001AAA,Bhadrak_Central_I_2 (Orissa),Kendujhar_Sirjudin_D (Orissa),Orissa,Orissa,2.206,277.5,133.0,178.949,4,1.0,943.0,2.206,,,3.594,2.034,
IND000000AFT -> IND421302AAG,Mumbai_Sanpada_I (Maharashtra),Bhiwandi_Mankoli_HB (Maharashtra),Maharashtra,Maharashtra,2.524,53.0,21.0,23.498,15,1.0,937.0,,2.524,3.43,2.19,2.21,3.057
IND485001AAC -> IND471001AAA,Satna_Central_I_2 (Madhya Pradesh),Chhatarpur_Busstand_D (Madhya Pradesh),Madhya Pradesh,Madhya Pradesh,2.13,221.0,104.0,144.101,8,1.0,934.0,2.13,,,2.135,2.048,
IND581325AAA -> IND580028AAA,Dandeli_RKComplx_D (Karnataka),Hubli_Adargchi_IP (Karnataka),Karnataka,Karnataka,1.92,132.5,68.0,77.765,14,1.0,928.0,1.92,,1.928,,,1.912
IND721306AAA -> IND721507AAA,Kharagpur_DC (West Bengal),Jhargram_UBamdDPP_D (West Bengal),West Bengal,West Bengal,2.34,110.0,44.0,50.442,13,1.0,927.0,2.34,,1.909,,,2.489
IND521225AAB -> IND521301AAA,Vijayawada_Rynapadu_H (Andhra Pradesh),Gudivada_GvrCompx_D (Andhra Pradesh),Andhra Pradesh,Andhra Pradesh,1.733,78.0,45.0,61.363,19,1.0,925.0,1.733,,,,1.733,
IND614809AAA -> IND610001AAA,Pushpavanam_Thmpulam_D (Tamil Nadu),Thiruvarur_Bypasrd_D (Tamil Nadu),Tamil Nadu,Tamil Nadu,2.159,95.0,44.0,55.098,17,1.0,925.0,,2.159,2.182,2.159,,
IND211011AAA -> IND212501AAA,Allahabad_Central_D_5 (Uttar Pradesh),Soraon_BypassRD_D (Uttar Pradesh),Uttar Pradesh,Uttar Pradesh,3.952,83.0,21.0,30.427,13,1.0,922.0,,3.952,3.857,,,4.119
IND804420AAA -> IND803101AAA,Jehanabad_Madarpur_D (Bihar),BiharSarif_Soghra_D (Bihar),Bihar,Bihar,2.842,108.0,39.0,55.268,11,1.0,913.0,2.842,,,,2.842,
IND562132AAA -> IND560078AAC,Bangalore_Nelmngla_H (Karnataka),BLR_JPNagar_Pc (Karnataka),Karnataka,Karnataka,2.069,63.0,31.0,32.686,25,1.0,908.0,,2.069,2.404,2.145,1.594,2.25
IND502220AAC -> IND501359AAE,Zahirabad_Mohim_D (Telangana),Hyderabad_Shamshbd_H (Telangana),Telangana,Telangana,1.309,169.5,130.0,147.025,22,0.773,906.0,1.309,,1.309,,,
IND842001AAA -> IND845418AAB,Muzaffrpur_Bbganj_I (Bihar),Dhaka_PchpkrRD_D (Bihar),Bihar,Bihar,1.844,147.5,80.0,101.556,12,1.0,906.0,1.844,,,,1.844,
IND641062AAD -> IND642126AAA,Coimbatore_Karayam_H (Tamil Nadu),Udumalpet_Artclgrd_D (Tamil Nadu),Tamil Nadu,Tamil Nadu,1.479,107.0,72.0,71.491,17,0.941,903.0,,1.479,,,1.479,
IND751002AAB -> IND756100AAC,Bhubaneshwar_Hub (Orissa),Bhadrak_Central_I_2 (Orissa),Orissa,Orissa,1.83,165.0,87.0,123.187,12,1.0,903.0,1.83,,,,,1.83
IND500080AAB -> IND501359AAE,Hyderabad_Chikdply_I (Telangana),Hyderabad_Shamshbd_H (Telangana),Telangana,Telangana,2.333,58.0,21.0,26.359,19,1.0,901.0,,2.333,3.81,5.545,1.95,2.286
IND382430AAB -> IND380015AAB,Ahmedabad_East_H_1 (Gujarat),AMD_Satellite (Gujarat),Gujarat,Gujarat,2.333,28.0,12.0,15.379,35,1.0,901.0,,2.333,,,2.333,2.5
IND341306AAA -> IND302014AAA,Sujangarh_LdnunDPP_D (Rajasthan),Jaipur_Hub (Rajasthan),Rajasthan,Rajasthan,2.321,394.5,170.5,216.506,4,1.0,898.0,2.321,,2.321,,,
IND560043AAC -> IND562132AAA,HBR Layout PC (Karnataka),Bangalore_Nelmngla_H (Karnataka),Karnataka,Karnataka,2.051,81.5,40.0,29.391,16,1.0,897.0,,2.051,2.026,2.092,4.878,
IND609001AAA -> IND614018AAA,Mylduthuri_Thiruviz_D (Tamil Nadu),Mannargudi_Vadasari_D (Tamil Nadu),Tamil Nadu,Tamil Nadu,2.188,129.0,59.0,71.818,12,1.0,895.0,2.188,,,,,2.188
IND380006AAB -> IND382430AAB,Ahmedabad_Mithakal_D (Gujarat),Ahmedabad_East_H_1 (Gujarat),Gujarat,Gujarat,3.583,43.0,12.0,15.014,27,1.0,895.0,,3.583,3.311,,,4.75
IND600056AAB -> IND632006AAA,MAA_Poonamallee_HB (Tamil Nadu),Vellore_GndhiNgr_IP (Tamil Nadu),Tamil Nadu,Tamil Nadu,1.714,144.0,84.0,107.382,13,1.0,893.0,1.714,,1.72,,1.619,
IND472001AAA -> IND474003AAA,Tikamgarh_MndiRoad_D (Madhya Pradesh),Gwalior_HrihrNgr_I (Madhya Pradesh),Madhya Pradesh,Madhya Pradesh,2.485,507.0,204.0,225.719,3,1.0,892.0,2.485,,2.54,2.257,,
IND306401AAB -> IND342005AAD,Pali_Nayagaon_I (Rajasthan),Jodhpur_Basni_I (Rajasthan),Rajasthan,Rajasthan,1.687,91.5,54.0,69.307,18,1.0,885.0,1.687,,,,1.687,
IND641011AAA -> IND641062AAD,Cjb_West_Dc (Tamil Nadu),Coimbatore_Karayam_H (Tamil Nadu),Tamil Nadu,Tamil Nadu,4.105,150.0,35.0,35.473,9,1.0,882.0,,4.105,,,,4.105
IND400705AAA -> IND421302AAH,Mumbai_Sanpada_CP (Maharashtra),Bhiwandi_Mankoli_GW (Maharashtra),Maharashtra,Maharashtra,3.108,76.0,26.0,27.252,12,1.0,881.0,,3.108,,3.108,,
IND395023AAA -> IND396191AAC,Surat_HUB (Gujarat),Vapi_IndEstat_I (Gujarat),Gujarat,Gujarat,2.053,155.0,76.0,104.176,10,1.0,880.0,2.053,,2.36,,1.987,2.273
IND400072AAB -> IND421302AAR,Mumbai Hub (Maharashtra),Mumbai_East_I_21 (Maharashtra),Maharashtra,Maharashtra,2.043,47.0,24.0,28.558,21,1.0,876.0,,2.043,2.043,,2.118,2.318
IND263153AAB -> IND263002AAA,Rudrapur_UdhamNgr_H (Uttarakhand),Nainital_Sookhtal_D (Uttarakhand),Uttarakhand,Uttarakhand,1.402,137.0,99.0,95.388,13,1.0,871.0,1.402,,,,1.402,
IND403726AAA -> IND581303AAA,Goa_Hub (Goa),Karwar_Central_D_1 (Karnataka),Goa,Karnataka,1.659,132.0,82.0,86.255,13,1.0,869.0,1.659,,,,1.644,1.756
IND395023AAA -> IND421302AAG,Surat_HUB (Gujarat),Bhiwandi_Mankoli_HB (Maharashtra),Gujarat,Maharashtra,2.458,494.0,200.0,266.278,3,1.0,868.0,2.458,,2.458,,,2.466
IND131028AAB -> IND251001AAA,Sonipat_Kundli_H (Haryana),Muzaffrngr_MhmodNgr_D (Uttar Pradesh),Haryana,Uttar Pradesh,1.931,181.5,95.0,117.031,10,1.0,868.0,1.931,,1.773,1.946,,
IND000000AFT -> IND410209AAA,Mumbai_Sanpada_I (Maharashtra),Mumbai_Khandeshwar_Dc (Maharashtra),Maharashtra,Maharashtra,2.286,32.0,14.0,17.574,40,1.0,864.0,,2.286,2.25,,6.408,2.286
IND504293AAA -> IND505001AAB,Asifabad_PaikjNGR_D (Telangana),Karimnagar_KamnHbRD_I (Telangana),Telangana,Telangana,2.083,250.0,119.0,147.707,7,1.0,863.0,2.083,,2.331,,,2.083
IND591302AAB -> IND580028AAA,Khanapur_StatinRD_D (Karnataka),Hubli_Adargchi_IP (Karnataka),Karnataka,Karnataka,1.944,158.5,80.5,100.195,8,1.0,863.0,1.944,,,,,1.944
IND580028AAA -> IND562132AAA,Hubli_Adargchi_IP (Karnataka),Bangalore_Nelmngla_H (Karnataka),Karnataka,Karnataka,1.781,508.5,285.5,383.148,4,1.0,862.0,1.781,,,1.779,1.783,
IND741123AAB -> IND741126AAB,Chapra_NagarDPP_D (West Bengal),Nakashipara_MaxDPP_D (West Bengal),West Bengal,West Bengal,2.416,78.0,32.0,43.672,18,1.0,859.0,,2.416,,,,2.416
IND786181AAC -> IND792121AAB,Margherita_CivilHPL_D (Assam),Jairampur_Mdiclcly_D (Arunachal Pradesh),Assam,Arunachal Pradesh,3.333,100.0,29.0,42.206,11,1.0,859.0,,3.333,3.598,,,3.034
IND000000ACA -> IND144514AAA,Ludhiana_MilrGanj_HB (Punjab),Nawanshahr_DC (Punjab),Punjab,Punjab,1.817,114.5,63.0,85.459,12,0.833,858.0,1.817,,,,1.817,
IND205001AAB -> IND205135AAA,Mainpuri_Agraroad_I (Uttar Pradesh),Shikohabad_Katrmira_D (Uttar Pradesh),Uttar Pradesh,Uttar Pradesh,2.091,81.5,40.0,43.51,8,1.0,857.0,2.158,2.025,,1.95,2.158,
IND600032AAB -> IND600076AAB,Chennai_Hub (Tamil Nadu),Chennai_Madhavaram_DPC (Tamil Nadu),Tamil Nadu,Tamil Nadu,2.227,35.0,16.0,16.612,42,0.976,856.0,,2.227,2.125,3.2,1.414,2.26
IND242221AAA -> IND207247AAB,Jalalabad_farukngr_D (Uttar Pradesh),Aliganj_KaimgnjRD_D (Uttar Pradesh),Uttar Pradesh,Uttar Pradesh,3.11,283.0,90.0,89.504,5,1.0,855.0,3.11,,3.211,,,2.827
IND581314AAA -> IND403726AAA,Ankola_Kakrmath_D (Karnataka),Goa_Hub (Goa),Karnataka,Goa,1.802,202.0,113.0,120.132,9,1.0,855.0,1.802,,1.831,1.619,,
IND421302AAR -> IND421004AAA,Mumbai_East_I_21 (Maharashtra),Mumbai_Ulhasngr_DC (Maharashtra),Maharashtra,Maharashtra,3.4,36.0,11.0,14.077,27,1.0,854.0,,3.4,,,1.923,3.636
IND110037AAM -> IND282001AAA,Delhi_Airport_H (Delhi),Agra_Idgah_P (Uttar Pradesh),Delhi,Uttar Pradesh,2.041,302.0,149.0,202.207,4,1.0,851.0,2.041,,3.728,,,2.014
IND533003AAA -> IND533401AAA,Kakinada_DC (Andhra Pradesh),Tuni_Eaglvari_D (Andhra Pradesh),Andhra Pradesh,Andhra Pradesh,1.939,93.0,48.0,62.664,18,1.0,851.0,1.939,,,,1.857,2.021
IND362265AAA -> IND362720AAA,Veraval_DC (Gujarat),Kodinar_NCplxDPP_D (Gujarat),Gujarat,Gujarat,2.422,85.5,35.0,47.839,16,1.0,850.0,,2.422,,,,2.422
IND400072AAB -> IND411033AAA,Mumbai Hub (Maharashtra),Pune_Tathawde_H (Maharashtra),Maharashtra,Maharashtra,1.98,198.5,100.0,132.79,8,1.0,849.0,1.98,,,,1.98,
IND501359AAE -> IND500080AAB,Hyderabad_Shamshbd_H (Telangana),Hyderabad_Chikdply_I (Telangana),Telangana,Telangana,1.98,45.5,23.5,28.731,24,1.0,847.0,,1.98,,1.875,1.826,2.761
IND395023AAA -> IND390022AAA,Surat_HUB (Gujarat),Vadodara_Karelibaug_DPC (Gujarat),Gujarat,Gujarat,1.736,213.5,122.5,169.31,8,1.0,845.0,1.736,,,1.736,,
IND515761AAA -> IND515004AAA,Kalyandurg_Shankrpa_D (Andhra Pradesh),Anantapur_KamaStrt_I (Andhra Pradesh),Andhra Pradesh,Andhra Pradesh,1.774,94.0,53.0,57.668,19,1.0,839.0,1.774,,2.115,,,1.774
IND000000ACB -> IND124112AAA,Gurgaon_Bilaspur_HB (Haryana),Meham_GModDPP_D (Haryana),Haryana,Haryana,2.157,192.0,90.0,112.582,7,1.0,832.0,2.157,,2.157,,,
IND852201AAA -> IND852113AAA,Saharsa_Gangjala_D (Bihar),Madhepura_Krishnpr_D (Bihar),Bihar,Bihar,3.75,60.0,17.0,22.656,17,1.0,832.0,3.75,,,,,3.75
IND685514AAA -> IND625008AAA,Kattappana_Palikval_D (Kerala),Madurai_Kappalur_H (Tamil Nadu),Kerala,Tamil Nadu,1.529,260.0,169.0,151.118,9,1.0,830.0,1.529,,1.582,,,1.506
IND262122AAB -> IND244901AAB,Puranpur_MdothdRD_D (Uttar Pradesh),Rampur_RoshnBgh_I (Uttar Pradesh),Uttar Pradesh,Uttar Pradesh,2.731,278.5,102.5,143.949,4,1.0,829.0,,2.731,2.699,,,3.925
IND302020AAA -> IND302014AAB,Jaipur_VarunCly_DC (Rajasthan),Jaipur_Central_I_7 (Rajasthan),Rajasthan,Rajasthan,5.75,68.0,11.0,12.466,19,1.0,829.0,,5.75,,,,5.75
IND125001AAA -> IND335513AAA,Hisar_ModelTwn_P (Haryana),Hanumangarh_DC (Rajasthan),Haryana,Rajasthan,1.747,262.0,151.0,179.803,7,1.0,826.0,1.747,,,1.81,1.747,
IND570020AAA -> IND571602AAA,Mysore_Yadvgiri_IP (Karnataka),Krishnarajngr_JublieRD_D (Karnataka),Karnataka,Karnataka,2.637,91.5,32.5,40.866,14,1.0,826.0,2.637,,,,,2.637
IND124141AAA -> IND000000ACB,ChrkhiDdri_PuranDPP_D (Haryana),Gurgaon_Bilaspur_HB (Haryana),Haryana,Haryana,2.065,158.0,79.0,92.627,10,1.0,823.0,2.065,,,,,2.065
IND683511AAA -> IND680104AAA,Aluva_Peedika_H (Kerala),Guruvayoor_ManhrBld_D (Kerala),Kerala,Kerala,1.497,120.5,80.0,79.792,16,0.938,820.0,1.497,,,1.497,1.543,
IND000000ACB -> IND328001AAA,Gurgaon_Bilaspur_HB (Haryana),Dholpur_GtRoad_D (Rajasthan),Haryana,Rajasthan,1.818,360.0,198.0,244.709,5,1.0,815.0,1.818,,1.818,,,
IND783348AAA -> IND783129AAA,Bilasipara_Wardno5_D (Assam),Lakhipur_WrdN4DPP_D (Assam),Assam,Assam,1.876,167.0,89.0,101.538,10,1.0,814.0,1.876,,,,1.86,2.204
IND591102AAA -> IND591307AAC,Bailhongal_NamoNagr_D (Karnataka),Gokak_Bsavangr_D (Karnataka),Karnataka,Karnataka,1.976,83.0,42.0,45.763,18,1.0,813.0,1.976,,,,,1.976
IND577002AAA -> IND581115AAC,Davangere_Central_I_1 (Karnataka),Ranebennur_SriRmNGR_D (Karnataka),Karnataka,Karnataka,2.357,66.0,29.0,37.752,19,1.0,806.0,,2.357,1.741,,2.7,2.143
IND202001AAB -> IND282002AAD,Aligarh_KhirByps_I (Uttar Pradesh),,Uttar Pradesh,,2.068,155.5,74.0,92.15,10,1.0,805.0,2.068,,2.662,2.473,1.782,
IND181201AAB -> IND181152AAB,Akhnoor_ThthiCwk_D (Jammu & Kashmir),Jammu_Central_I_1 (Jammu & Kashmir),Jammu & Kashmir,Jammu & Kashmir,5.083,122.0,24.0,31.752,8,1.0,802.0,,5.083,5.13,,,4.304
IND136027AAA -> IND132039AAA,Kaithal_DC (Haryana),Assandh_MhrjaDPP_D (Haryana),Haryana,Haryana,1.824,62.0,34.0,39.4,21,1.0,802.0,1.824,,,,,1.824
IND341505AAA -> IND341503AAB,Makrana_Mwalibad_D (Rajasthan),Degana_BhukrdPP_D (Rajasthan),Rajasthan,Rajasthan,1.897,129.0,68.0,80.509,12,1.0,800.0,1.897,,2.426,,,1.853
IND184104AAA -> IND160002AAC,Kathua_BOB_D (Jammu & Kashmir),Chandigarh_Mehmdpur_H (Punjab),Jammu & Kashmir,Punjab,1.867,427.5,229.0,300.794,4,1.0,792.0,1.867,,1.867,,,
IND389001AAA -> IND389151AAA,Godhra_DC (Gujarat),Dahod_DC (Gujarat),Gujarat,Gujarat,1.7,88.0,50.0,68.492,21,1.0,791.0,1.7,,,,,1.7
IND110037AAM -> IND110085AAB,Delhi_Airport_H (Delhi),Delhi_Rohini_DPC (Delhi),Delhi,Delhi,2.022,47.5,24.0,21.94,22,1.0,790.0,,2.022,,,,2.022
IND845418AAB -> IND845438AAA,Dhaka_PchpkrRD_D (Bihar),Bettiah_BypassRd_D (Bihar),Bihar,Bihar,2.123,121.0,57.0,72.46,12,1.0,788.0,2.123,,,,,2.123
IND562132AAA -> IND560048AAB,Bangalore_Nelmngla_H (Karnataka),Bengaluru_Hoodi_IP (Karnataka),Karnataka,Karnataka,2.125,85.5,39.0,35.129,18,0.944,786.0,,2.125,2.571,2.257,1.5,2.649
IND474003AAA -> IND476111AAA,Gwalior_HrihrNgr_I (Madhya Pradesh),Ambah_MrenTirh_D (Madhya Pradesh),Madhya Pradesh,Madhya Pradesh,2.441,155.0,63.0,70.56,8,1.0,785.0,2.441,,,,2.469,2.279
IND532001AAB -> IND532127AAA,Srikakulam_Kuslpram_I (Andhra Pradesh),Rajam_SamathBv_D (Andhra Pradesh),Andhra Pradesh,Andhra Pradesh,1.933,58.0,30.0,34.429,21,1.0,785.0,1.933,,2.464,,,1.917
IND562132AAA -> IND577598AAC,Bangalore_Nelmngla_H (Karnataka),Hiriyur_TahurDPP_D (Karnataka),Karnataka,Karnataka,1.643,194.0,117.5,145.956,10,1.0,785.0,1.643,,,1.644,1.641,
IND603102AAA -> IND600056AAB,Kalpakkam_Sadras_D (Tamil Nadu),MAA_Poonamallee_HB (Tamil Nadu),Tamil Nadu,Tamil Nadu,1.858,125.0,68.0,73.268,12,1.0,783.0,1.858,,,,,1.858
IND700028AAB -> IND712311AAA,CCU_DumDum_DPC (West Bengal),Kolkata_Dankuni_HB (West Bengal),West Bengal,West Bengal,3.707,65.5,18.0,22.598,10,1.0,781.0,,3.707,5.278,,,2.941
IND500008AAF -> IND500039AAC,Hyderabad_South_D_4 (Telangana),Hyderabad_Uppal_I (Telangana),Telangana,Telangana,3.357,54.0,15.0,19.091,19,1.0,781.0,,3.357,2.941,,,3.598
IND561202AAB -> IND515134AAA,Pavagada_PnukndRD_D (Karnataka),Puttaprthi_Gokulam_D (Andhra Pradesh),Karnataka,Andhra Pradesh,1.805,117.0,64.0,65.732,14,1.0,775.0,,1.805,2.095,,,1.792
IND302014AAB -> IND302023AAA,Jaipur_Central_I_7 (Rajasthan),Ambabadi_DC (Rajasthan),Rajasthan,Rajasthan,2.737,61.0,23.0,25.457,19,1.0,774.0,,2.737,2.714,,3.409,4.143
IND209304AAA -> IND209101AAA,Kanpur_Central_H_6 (Uttar Pradesh),Akbarpur_NehruNGR_D (Uttar Pradesh),Uttar Pradesh,Uttar Pradesh,3.0,56.0,14.0,20.875,16,0.875,772.0,3.0,,,,3.0,9.639
IND462022AAA -> IND465669AAB,Bhopal_Trnsport_H (Madhya Pradesh),Narsinghgarh_Central_D_1 (Madhya Pradesh),Madhya Pradesh,Madhya Pradesh,2.125,144.5,68.0,97.116,10,1.0,772.0,2.125,,2.125,,,
IND457001AAA -> IND382430AAB,Ratlam_Khjurwli_DC (Madhya Pradesh),Ahmedabad_East_H_1 (Gujarat),Madhya Pradesh,Gujarat,1.981,521.0,264.0,371.642,3,1.0,772.0,1.981,,,,,1.981
IND673632AAA -> IND683511AAA,Kozhikode_Central_H_4 (Kerala),Aluva_Peedika_H (Kerala),Kerala,Kerala,1.73,285.5,165.0,164.836,6,1.0,771.0,1.73,,,,,1.73
IND643212AAA -> IND641062AAD,Gudalur_kalmpuza_D (Tamil Nadu),Coimbatore_Karayam_H (Tamil Nadu),Tamil Nadu,Tamil Nadu,3.288,365.0,110.0,138.551,3,1.0,769.0,,3.288,3.14,,,3.444
IND328001AAA -> IND282002AAD,Dholpur_GtRoad_D (Rajasthan),,Rajasthan,,2.697,174.0,63.0,61.463,7,1.0,769.0,2.697,,,,,2.697
IND742121AAA -> IND742102AAB,Nowda_AmtlaDPP_D (West Bengal),Berhampore_Central_I_2 (West Bengal),West Bengal,West Bengal,3.841,84.5,22.0,25.362,12,1.0,769.0,,3.841,4.182,,,3.727
IND412105AAC -> IND411017AAA,Pune_North_D_3 (Maharashtra),PNQ Rahatani DPC (Maharashtra),Maharashtra,Maharashtra,2.333,36.0,16.0,18.003,33,1.0,769.0,,2.333,2.125,,,2.533
IND813102AAA -> IND812002AAA,Banka_Wardno6_D (Bihar),Bhagalpur_Pbroad_DC (Bihar),Bihar,Bihar,2.025,81.0,40.0,43.492,17,1.0,766.0,2.025,,,,,2.025
IND242307AAB -> IND207247AAB,Tilhar_SingCLNY_D (Uttar Pradesh),Aliganj_KaimgnjRD_D (Uttar Pradesh),Uttar Pradesh,Uttar Pradesh,2.211,293.0,132.0,139.65,5,1.0,764.0,2.211,,2.015,,,2.269
IND125001AAA -> IND335524AAA,Hisar_ModelTwn_P (Haryana),Rawatsar_ShivmDPP_D (Rajasthan),Haryana,Rajasthan,1.902,312.0,164.0,167.693,5,1.0,762.0,1.902,,,1.879,1.945,
IND781124AAA -> IND781018AAB,Chhaygaon_GwhRDDPP_D (Assam),Guwahati_Hub (Assam),Assam,Assam,4.777,150.5,30.5,32.383,6,1.0,761.0,,4.777,,,,4.777
IND147001AAD -> IND160002AAC,Patiala_GainMrkt_L (Punjab),Chandigarh_Mehmdpur_H (Punjab),Punjab,Punjab,4.194,130.0,34.0,45.947,5,1.0,760.0,4.194,,4.194,,,
IND160002AAC -> IND140901AAA,Chandigarh_Mehmdpur_H (Punjab),Chandigarh_Mullanpr_DC (Chandigarh),Punjab,Chandigarh,1.447,68.0,47.0,57.037,21,1.0,760.0,,1.447,,,1.266,1.5
IND683511AAA -> IND686028AAB,Aluva_Peedika_H (Kerala),Kottayam_Central_H_1 (Kerala),Kerala,Kerala,1.987,157.0,79.0,80.288,7,1.0,759.0,1.987,,1.987,1.938,,
IND302014AAB -> IND302006AAC,Jaipur_Central_I_7 (Rajasthan),Jaipur_Central_D_10 (Rajasthan),Rajasthan,Rajasthan,2.333,43.0,19.0,19.79,22,1.0,758.0,,2.333,2.1,,6.0,4.139
IND245304AAA -> IND201007AAA,Pilkhuwa_HapurRD_D (Uttar Pradesh),GZB_Mohan_Nagar_DPC (Uttar Pradesh),Uttar Pradesh,Uttar Pradesh,2.647,90.0,35.0,31.869,13,1.0,755.0,,2.647,,,,2.647
IND282002AAD -> IND474003AAA,,Gwalior_HrihrNgr_I (Madhya Pradesh),,Madhya Pradesh,1.537,186.0,123.0,122.062,9,1.0,753.0,1.537,,,1.537,,
IND263401AAA -> IND263153AAB,Kashipur_BajprDPP_D (Uttarakhand),Rudrapur_UdhamNgr_H (Uttarakhand),Uttarakhand,Uttarakhand,1.868,71.0,38.0,39.904,15,1.0,753.0,1.868,,2.763,,,1.868
IND411033AAA -> IND400072AAB,Pune_Tathawde_H (Maharashtra),Mumbai Hub (Maharashtra),Maharashtra,Maharashtra,1.864,192.5,103.0,130.884,8,1.0,752.0,1.864,,,,1.864,
IND160002AAC -> IND160102AAC,Chandigarh_Mehmdpur_H (Punjab),Chandigarh_Raiprvlg_L (Chandigarh),Punjab,Chandigarh,1.765,60.0,35.0,44.638,25,1.0,752.0,,1.765,,1.636,1.529,1.911
IND560058AAB -> IND560099AAB,Bengaluru_Peenya_IP (Karnataka),Bengaluru_Bomsndra_HB (Karnataka),Karnataka,Karnataka,1.738,64.0,37.0,38.028,22,0.818,750.0,,1.738,1.838,,1.312,
IND110043AAA -> IND000000ACB,Delhi_Nangli_IP (Delhi),Gurgaon_Bilaspur_HB (Haryana),Delhi,Haryana,5.05,202.0,40.0,39.946,5,1.0,745.0,,5.05,8.625,,3.196,4.312
IND516269AAA -> IND516390AAA,Rayachoti_Madnpali_D (Andhra Pradesh),Pulivendula_RTCStand_D (Andhra Pradesh),Andhra Pradesh,Andhra Pradesh,1.592,121.0,75.0,82.66,15,1.0,745.0,1.592,,,,,1.592
IND635802AAB -> IND562132AAA,Ambur_Central_D_2 (Tamil Nadu),Bangalore_Nelmngla_H (Karnataka),Tamil Nadu,Karnataka,1.759,295.5,168.0,195.68,6,1.0,744.0,1.759,,1.621,,,1.81
IND626123AAA -> IND627756AAA,Sivakasi_Msstreet_DC (Tamil Nadu),Sankaran_Kovil_D (Tamil Nadu),Tamil Nadu,Tamil Nadu,1.86,92.0,49.0,48.291,17,1.0,742.0,1.86,,,,,1.86
IND631102AAA -> IND600056AAB,Sholinghur_ArkonmRD_D (Tamil Nadu),MAA_Poonamallee_HB (Tamil Nadu),Tamil Nadu,Tamil Nadu,2.071,128.5,62.0,76.023,12,1.0,741.0,2.071,,,,,2.071
IND000000ADV -> IND600044AAC,Chennai_Mdhavram_C (Tamil Nadu),Chennai_Chrompet_PC (Tamil Nadu),Tamil Nadu,Tamil Nadu,2.053,76.5,37.0,47.53,18,1.0,741.0,,2.053,,2.041,2.107,
IND140901AAA -> IND160002AAC,Chandigarh_Mullanpr_DC (Chandigarh),Chandigarh_Mehmdpur_H (Punjab),Chandigarh,Punjab,1.839,86.0,47.0,57.184,20,1.0,741.0,,1.839,1.839,,,
IND577002AAA -> IND580028AAA,Davangere_Central_I_1 (Karnataka),Hubli_Adargchi_IP (Karnataka),Karnataka,Karnataka,1.614,163.0,101.0,140.72,11,1.0,740.0,1.614,,1.614,,,
IND135001AAA -> IND173025AAA,YamunaNagar_DC (Haryana),PaontSahib_Gurudwar_D (Himachal Pradesh),Haryana,Himachal Pradesh,2.3,103.5,45.0,58.381,12,1.0,737.0,2.3,,2.413,,,2.289
IND854326AAB -> IND854311AAA,Purnia_Central_H_2 (Bihar),Araria_Wardn13_D (Bihar),Bihar,Bihar,1.7,52.0,30.0,43.149,21,1.0,736.0,1.7,,,,1.7,
IND591307AAC -> IND580028AAA,Gokak_Bsavangr_D (Karnataka),Hubli_Adargchi_IP (Karnataka),Karnataka,Karnataka,2.625,287.5,109.5,125.175,4,1.0,736.0,2.625,,,,,2.625
IND562132AAA -> IND580028AAA,Bangalore_Nelmngla_H (Karnataka),Hubli_Adargchi_IP (Karnataka),Karnataka,Karnataka,1.726,497.0,288.0,388.566,3,1.0,735.0,1.726,,,2.118,,1.716
IND517501AAB -> IND517644AAA,Tirupati_Balajicly_I (Andhra Pradesh),Sriklahsti_SDKNgr_D (Andhra Pradesh),Andhra Pradesh,Andhra Pradesh,2.448,77.5,32.0,39.909,16,1.0,733.0,2.448,,,,,2.448
IND411014AAA -> IND411048AAA,PNQ Vadgaon Sheri DPC (Maharashtra),Pune_East_D_8 (Maharashtra),Maharashtra,Maharashtra,8.243,118.0,15.0,14.054,6,1.0,732.0,,8.243,7.21,,,9.133
IND505184AAC -> IND505001AAB,Manthani_Chaitnya_D (Telangana),Karimnagar_KamnHbRD_I (Telangana),Telangana,Telangana,2.083,125.0,62.0,68.687,9,1.0,732.0,2.083,,2.163,,,1.9
IND785682AAA -> IND786001AAB,Sivasagar_Babupaty_D (Assam),Dibrugarh_Bokule_H (Assam),Assam,Assam,2.118,135.5,63.0,88.278,10,1.0,732.0,2.118,,,,2.118,
IND421502AAA -> IND421302AAR,Mumbai_Ambernath_Dc (Maharashtra),Mumbai_East_I_21 (Maharashtra),Maharashtra,Maharashtra,3.294,56.0,17.0,19.534,17,1.0,729.0,,3.294,,,,3.294
IND243301AAB -> IND244901AAB,Aonla_KdidmCLY_D (Uttar Pradesh),Rampur_RoshnBgh_I (Uttar Pradesh),Uttar Pradesh,Uttar Pradesh,1.343,113.5,85.0,69.709,10,0.8,729.0,1.343,,1.448,,,1.321
IND516101AAA -> IND516115AAA,Koduru_MGRoad_D (Andhra Pradesh),Rajampet_RSRoad_D (Andhra Pradesh),Andhra Pradesh,Andhra Pradesh,2.479,63.0,25.5,36.104,18,1.0,725.0,,2.479,2.5,,,2.231
IND761200AAA -> IND532001AAB,Paralakhemundi_Ward14_D (Orissa),Srikakulam_Kuslpram_I (Andhra Pradesh),Orissa,Andhra Pradesh,2.144,111.0,50.0,71.613,12,1.0,724.0,2.144,,2.115,2.333,,
IND224001AAA -> IND224141AAB,Faizabad_TrnspNgr_D (Uttar Pradesh),Gosainganj_Pakrela_D (Uttar Pradesh),Uttar Pradesh,Uttar Pradesh,3.15,78.0,24.0,33.928,13,1.0,723.0,3.333,2.926,3.15,,,
IND416012AAA -> IND415003AAA,Kolhapur_Shivaji_I (Maharashtra),Satara_DC (Maharashtra),Maharashtra,Maharashtra,1.911,183.5,96.0,121.396,8,1.0,721.0,1.911,,,1.906,1.917,
IND160002AAC -> IND147101AAA,Chandigarh_Mehmdpur_H (Punjab),Samana_PODPP_D (Punjab),Punjab,Punjab,2.237,148.0,59.0,73.816,9,1.0,718.0,2.237,,,,2.237,
IND742401AAA -> IND742101AAC,Ghanashyampur_NditaDPP_D (West Bengal),Baharampur_Chuanpur_I (West Bengal),West Bengal,West Bengal,3.068,184.0,66.0,63.556,5,1.0,718.0,,3.068,,,,3.068
IND842001AAA -> IND843301AAA,Muzaffrpur_Bbganj_I (Bihar),Sitamari_Durma_D (Bihar),Bihar,Bihar,3.048,173.0,52.0,71.373,6,1.0,716.0,3.048,,,,3.048,
IND68004AAA -> IND683511AAA,Thrissur_Poothole_D (Kerala),Aluva_Peedika_H (Kerala),Kerala,Kerala,2.356,120.0,51.5,55.414,10,1.0,716.0,,2.356,2.296,,,2.442
IND402107AAA -> IND402109AAA,Pen_BljiMrkt_D (Maharashtra),Roha_DataSagr_D (Maharashtra),Maharashtra,Maharashtra,2.283,68.5,30.0,40.207,18,1.0,716.0,,2.283,2.438,,,2.267
IND515004AAA -> IND515671AAA,Anantapur_KamaStrt_I (Andhra Pradesh),Dharmavram_SaiNgr_D (Andhra Pradesh),Andhra Pradesh,Andhra Pradesh,1.875,60.0,32.0,35.716,13,1.0,714.0,1.875,,,5.696,1.875,
IND000000ACB -> IND110043AAA,Gurgaon_Bilaspur_HB (Haryana),Delhi_Nangli_IP (Delhi),Haryana,Delhi,1.725,69.0,37.0,38.086,17,1.0,714.0,,1.725,,1.676,2.588,2.385
IND625008AAA -> IND626123AAA,Madurai_Kappalur_H (Tamil Nadu),Sivakasi_Msstreet_DC (Tamil Nadu),Tamil Nadu,Tamil Nadu,1.812,88.0,49.0,60.207,17,1.0,710.0,1.812,,,1.833,1.812,
IND848101AAA -> IND844505AAB,Samastipur_Haripur_D (Bihar),HazratJandaha_HajiprRD_D (Bihar),Bihar,Bihar,3.301,61.0,18.5,26.04,16,1.0,709.0,3.301,,,,,3.301
IND370615AAB -> IND370001AAA,Nakhatrana_ClgRDDPP_D (Gujarat),Bhuj_DC (Gujarat),Gujarat,Gujarat,6.062,291.0,46.0,50.004,3,1.0,707.0,6.062,,4.118,,,11.513
IND342005AAD -> IND342902AAA,Jodhpur_Basni_I (Rajasthan),Gotan_DKLogDPP_D (Rajasthan),Rajasthan,Rajasthan,2.202,207.0,94.0,102.704,5,1.0,707.0,2.202,,,,,2.202
IND846004AAA -> IND847103AAA,Darbhanga (Bihar),Benipur_Javahar_D (Bihar),Bihar,Bihar,1.792,43.0,24.0,26.18,21,1.0,706.0,1.792,,,,,1.792
IND400072AAC -> IND400011AAA,BOM_Sakinaka_RP (Maharashtra),LowerParel_CP (Maharashtra),Maharashtra,Maharashtra,3.35,56.0,17.0,18.637,17,1.0,706.0,,3.35,,,,3.35
IND509103AAB -> IND518002AAA,Wanaparthy_VallaDPP_D (Telangana),Kurnool_AbbasNgr_I (Andhra Pradesh),Telangana,Andhra Pradesh,2.224,129.0,58.0,76.449,9,1.0,706.0,2.224,,,,,2.224
IND411014AAA -> IND411033AAA,PNQ Vadgaon Sheri DPC (Maharashtra),Pune_Tathawde_H (Maharashtra),Maharashtra,Maharashtra,2.304,69.5,30.5,30.686,14,1.0,706.0,,2.304,2.061,,3.79,3.69
IND843301AAA -> IND843320AAA,Sitamari_Durma_D (Bihar),Pupri_SngihiRD_D (Bihar),Bihar,Bihar,2.6,64.5,25.0,28.18,20,1.0,705.0,2.6,,,,,2.6
IND560043AAC -> IND560099AAB,HBR Layout PC (Karnataka),Bengaluru_Bomsndra_HB (Karnataka),Karnataka,Karnataka,1.956,60.5,32.5,28.363,24,0.875,704.0,,1.956,2.364,,1.294,
IND562132AAA -> IND560085AAA,Bangalore_Nelmngla_H (Karnataka),Bengaluru_Banshkri_DC (Karnataka),Karnataka,Karnataka,1.95,55.5,30.0,30.413,18,1.0,704.0,,1.95,3.0,,1.842,2.448
IND335001AAA -> IND125104AAA,Ganga Nagar_DC (Rajasthan),Sirsa_AnprnDPP_D (Haryana),Rajasthan,Haryana,1.824,149.5,80.0,109.451,10,1.0,703.0,1.824,,,,,1.824
IND311301AAA -> IND305624AAA,Asind_BsStdDPP_D (Rajasthan),Bijainagar_Central_DPP_1 (Rajasthan),Rajasthan,Rajasthan,4.366,150.5,33.5,46.268,6,1.0,701.0,4.366,,3.379,,,4.588
IND713205AAB -> IND722143AAB,Durgapur_Central_I_1 (West Bengal),Mejia_Central_D_1 (West Bengal),West Bengal,West Bengal,3.72,93.0,25.0,32.445,9,1.0,701.0,3.72,,,,2.99,3.84
IND788151AAA -> IND788713AAA,Hailakandi_kalibari_D (Assam),Karimganj_Alngjuri_D (Assam),Assam,Assam,2.606,86.0,32.5,46.507,12,1.0,701.0,2.606,,2.553,,,2.69
IND600119AAA -> IND600016AAC,Chennai_Sholinganallur_Dc (Tamil Nadu),Chennai_Perungudi_DPC (Tamil Nadu),Tamil Nadu,Tamil Nadu,2.818,56.0,21.0,21.924,10,1.0,701.0,,2.818,2.44,,,8.855
IND303603AAB -> IND302014AAB,Renwal_ChomuRD_D (Rajasthan),Jaipur_Central_I_7 (Rajasthan),Rajasthan,Rajasthan,2.51,184.5,73.5,87.632,6,1.0,701.0,,2.51,,,,2.51
IND842003AAB -> IND480886AAA,Jabalpur_Adhartal_IP (Madhya Pradesh),Lakhnadon_Central_DPP_1 (Madhya Pradesh),Madhya Pradesh,Madhya Pradesh,2.258,149.0,66.5,93.535,8,1.0,700.0,2.258,,,,2.204,2.307
IND401104AAA -> IND421302AAG,Mumbai_MiraRd_IP (Maharashtra),Bhiwandi_Mankoli_HB (Maharashtra),Maharashtra,Maharashtra,2.482,59.0,24.5,28.065,14,1.0,699.0,,2.482,3.096,2.542,1.938,6.091
IND842001AAA -> IND845438AAA,Muzaffrpur_Bbganj_I (Bihar),Bettiah_BypassRd_D (Bihar),Bihar,Bihar,2.478,228.0,92.0,130.184,5,1.0,699.0,2.478,,,,2.591,2.12
IND783370AAC -> IND783301AAA,Kokrajhar_PigonDPP_D (Assam),Dhubri_Tetultol_D (Assam),Assam,Assam,2.635,127.5,48.0,67.644,8,1.0,698.0,2.635,,,2.585,2.635,
IND224141AAB -> IND224122AAA,Gosainganj_Pakrela_D (Uttar Pradesh),Akbarpur_Auliyapr_D (Uttar Pradesh),Uttar Pradesh,Uttar Pradesh,2.895,55.0,19.0,27.415,17,1.0,698.0,2.895,2.883,2.867,2.897,,
IND577522AAA -> IND562132AAA,Challakere_Shivangr_D (Karnataka),Bangalore_Nelmngla_H (Karnataka),Karnataka,Karnataka,1.493,209.0,140.0,183.659,10,1.0,697.0,1.493,,,,,1.493
IND573142AAA -> IND573201AAB,Ramanathapura_Central_D_2 (Karnataka),Hassan_Pandrnga_I (Karnataka),Karnataka,Karnataka,1.816,69.0,39.0,42.58,17,1.0,697.0,1.816,,1.816,,,
IND532001AAB -> IND532421AAA,Srikakulam_Kuslpram_I (Andhra Pradesh),Narasnpeta_HudcoDPP_D (Andhra Pradesh),Andhra Pradesh,Andhra Pradesh,2.9,54.0,19.0,27.454,20,1.0,695.0,2.9,,1.5,,,3.0
IND331507AAA -> IND302014AAA,Sujangarh_JngidDPP_D (Rajasthan),Jaipur_Hub (Rajasthan),Rajasthan,Rajasthan,2.401,401.0,166.0,215.951,3,1.0,694.0,2.401,,2.401,,,
IND585104AAA -> IND585330AAE,Gulbarga_Nehrugnj_I (Karnataka),Humnabad_EBroad_D (Karnataka),Karnataka,Karnataka,1.837,77.5,43.0,59.766,20,1.0,694.0,1.837,,,,1.837,
IND560002AAA -> IND560099AAB,Bengaluru_KHRoad_I (Karnataka),Bengaluru_Bomsndra_HB (Karnataka),Karnataka,Karnataka,2.622,57.0,21.5,18.147,18,1.0,693.0,,2.622,2.778,1.368,2.092,2.622
IND560300AAB -> IND563101AAB,Bangalore_East_I_20 (Karnataka),Kolar_Ambedkar_D (Karnataka),Karnataka,Karnataka,1.766,100.0,56.0,64.614,14,1.0,693.0,,1.766,,,1.766,
IND683511AAA -> IND68004AAA,Aluva_Peedika_H (Kerala),Thrissur_Poothole_D (Kerala),Kerala,Kerala,1.4,69.0,48.0,53.627,13,0.923,691.0,1.4,,,1.419,1.18,
IND600008AAA -> IND600044AAC,Chennai_Egmore_C (Tamil Nadu),Chennai_Chrompet_PC (Tamil Nadu),Tamil Nadu,Tamil Nadu,2.08,78.0,37.0,43.915,14,1.0,690.0,,2.08,,2.08,,
IND581119AAB -> IND577002AAA,Ukkadagatri_Tuminkte_D (Karnataka),Davangere_Central_I_1 (Karnataka),Karnataka,Karnataka,1.818,81.5,45.0,38.933,14,1.0,689.0,,1.818,,,,1.818
IND847103AAA -> IND847404AAB,Benipur_Javahar_D (Bihar),Jhanjharpur_Nagar_D (Bihar),Bihar,Bihar,2.0,65.0,33.0,33.27,19,1.0,685.0,2.0,,2.5,,,1.985
IND591123AAC -> IND587103AAB,Ramdurg_GndhiNGR_D (Karnataka),Bagalkot_Sector4_D (Karnataka),Karnataka,Karnataka,1.706,87.0,52.0,60.941,19,1.0,684.0,1.706,,,,1.706,
IND301001AAB -> IND321001AAB,Alwar_Central_I_1 (Rajasthan),Bharatpur_NraynDPP_D (Rajasthan),Rajasthan,Rajasthan,1.738,114.0,65.0,74.101,13,1.0,684.0,1.738,,,,1.738,
IND416510AAA -> IND416606AAA,Sawantwadi_LaxmiNgr_D (Maharashtra),Malvan_BllvMarg_D (Maharashtra),Maharashtra,Maharashtra,2.074,96.5,46.5,47.83,14,1.0,682.0,,2.074,2.064,,,2.083
IND263645AAA -> IND263601AAA,Ranikhet_Subhash_D (Uttarakhand),Almora_SuzkiSrv_D (Uttarakhand),Uttarakhand,Uttarakhand,2.047,102.0,50.5,50.054,12,1.0,681.0,2.047,,3.044,,,2.039
IND508207AAB -> IND507002AAA,Miryalguda_Ragvendr_D (Telangana),Khammam_NSTRoad_I (Telangana),Telangana,Telangana,3.0,195.0,66.0,88.868,5,1.0,680.0,3.0,,,,,3.0
IND523226AAA -> IND523316AAB,Chimkurthy_MSRClgRd_D (Andhra Pradesh),Markapur_VidyaNgr_D (Andhra Pradesh),Andhra Pradesh,Andhra Pradesh,1.881,111.0,59.0,72.103,13,1.0,678.0,1.881,,,,1.881,
IND731237AAB -> IND731224AAA,Morgram_Kntgorya_D (West Bengal),Rampurhat_SrifoDPP_D (West Bengal),West Bengal,West Bengal,3.0,60.0,20.0,28.043,15,1.0,677.0,,3.0,,,3.084,3.0
IND721253AAC -> IND721306AAA,ChandroknaRD_Central_DPP_3 (West Bengal),Kharagpur_DC (West Bengal),West Bengal,West Bengal,2.515,94.0,42.0,52.507,11,1.0,676.0,2.515,,2.238,2.79,,
IND110037AAM -> IND110020AAB,Delhi_Airport_H (Delhi),OK_RPC (Delhi),Delhi,Delhi,3.462,90.0,25.0,26.718,9,1.0,676.0,,3.462,3.462,,,
IND251309AAB -> IND131028AAB,Budhana_Busstand_D (Uttar Pradesh),Sonipat_Kundli_H (Haryana),Uttar Pradesh,Haryana,1.979,139.5,69.5,69.262,10,1.0,676.0,1.979,,,,,1.979
IND174103AAA -> IND160002AAC,Baddi_ByePass_D (Himachal Pradesh),Chandigarh_Mehmdpur_H (Punjab),Himachal Pradesh,Punjab,2.738,178.0,65.0,77.226,6,1.0,675.0,2.738,,2.269,,,3.185
IND301019AAA -> IND301705AAA,Bhiwadi DC (Rajasthan),Neemrana_Rcocmplx_D (Rajasthan),Rajasthan,Rajasthan,3.277,156.0,47.5,55.129,6,1.0,675.0,3.277,,,,3.277,
IND742102AAB -> IND731237AAB,Berhampore_Central_I_2 (West Bengal),Morgram_Kntgorya_D (West Bengal),West Bengal,West Bengal,2.839,87.0,30.0,42.227,11,1.0,673.0,,2.839,,,2.839,
IND787001AAA -> IND787057AAA,LakhimpurN_SashPhkn_D (Assam),Dhemaji_WardNo3_D (Assam),Assam,Assam,2.743,132.5,47.0,66.504,8,1.0,671.0,2.743,,2.17,,,2.766
IND174001AAA -> IND175018AAA,BilaspurHP_Indsarea_D (Himachal Pradesh),SundarNgr_Bhogpur_D (Himachal Pradesh),Himachal Pradesh,Himachal Pradesh,2.519,68.0,26.0,37.668,15,1.0,667.0,2.519,,,,,2.519
IND458990AAA -> IND312605AAB,Sitamau_Central_DPP_1 (Madhya Pradesh),Pratapgarh_Nimachrd_D (Rajasthan),Madhya Pradesh,Rajasthan,2.228,127.0,57.0,61.846,10,1.0,666.0,2.228,,2.446,,,1.737
IND742148AAA -> IND742225AAA,Lalgola_KrsprDPP_D (West Bengal),Ragunthgnj_GopalDPP_D (West Bengal),West Bengal,West Bengal,3.5,49.0,14.0,20.679,16,1.0,665.0,,3.5,,,5.314,3.25
IND500010AAA -> IND501359AAE,Hyderabad_Alwal_I (Telangana),Hyderabad_Shamshbd_H (Telangana),Telangana,Telangana,2.284,88.5,36.0,44.958,8,1.0,663.0,,2.284,10.543,,2.27,
IND533106AAA -> IND534260AAC,Rajamundry_AtoNgrRd_I (Andhra Pradesh),Palakollu_CroadDPP_D (Andhra Pradesh),Andhra Pradesh,Andhra Pradesh,3.433,206.0,59.0,72.347,5,1.0,660.0,3.433,,,,3.433,
IND132103AAB -> IND131028AAB,Panipat_PC (Haryana),Sonipat_Kundli_H (Haryana),Haryana,Haryana,3.298,141.0,44.0,58.073,6,1.0,659.0,3.298,,4.396,2.125,,
IND501359AAE -> IND509001AAA,Hyderabad_Shamshbd_H (Telangana),Mahabubnagar_DC (Telangana),Telangana,Telangana,1.536,86.0,56.0,76.379,17,1.0,659.0,1.536,,,,1.536,
IND533106AAA -> IND533242AAA,Rajamundry_AtoNgrRd_I (Andhra Pradesh),Razole_Shanthi_D (Andhra Pradesh),Andhra Pradesh,Andhra Pradesh,3.056,237.0,76.5,94.486,4,1.0,659.0,3.056,,,,3.056,
IND110043AAA -> IND110078AAA,Delhi_Nangli_IP (Delhi),Janakpuri (Delhi),Delhi,Delhi,1.7,36.0,21.0,18.429,33,0.939,657.0,,1.7,1.7,,,1.881
IND632006AAA -> IND632402AAA,Vellore_GndhiNgr_IP (Tamil Nadu),Ranipet_MBTRd_DC (Tamil Nadu),Tamil Nadu,Tamil Nadu,2.952,62.0,21.5,23.677,8,1.0,657.0,2.952,,,,2.952,
IND431603AAA -> IND413531AAA,Nanded_Aswningr_I (Maharashtra),Latur_Srnwsngr_D (Maharashtra),Maharashtra,Maharashtra,2.821,268.0,95.0,134.177,4,1.0,655.0,,2.821,,,,2.821
IND144001AAC -> IND000000ACA,Jalandhar_Sodal Road (Punjab),Ludhiana_MilrGanj_HB (Punjab),Punjab,Punjab,1.891,96.0,53.5,73.526,12,1.0,655.0,1.925,1.649,,,1.762,1.942
IND484446AAA -> IND842003AAB,Dola_ChainDPP_D (Madhya Pradesh),Jabalpur_Adhartal_IP (Madhya Pradesh),Madhya Pradesh,Madhya Pradesh,2.026,476.0,235.0,322.828,3,1.0,654.0,2.026,,2.026,,,
IND277201AAA -> IND221706AAA,Bariya_BgnprDPP_D (Uttar Pradesh),Ratanpura_MubarDPP_D (Uttar Pradesh),Uttar Pradesh,Uttar Pradesh,2.446,142.0,61.0,85.253,7,1.0,651.0,2.446,,2.446,,,2.507
IND562132AAA -> IND560043AAC,Bangalore_Nelmngla_H (Karnataka),HBR Layout PC (Karnataka),Karnataka,Karnataka,1.839,61.5,33.5,28.328,22,0.864,648.0,,1.839,1.939,1.797,1.382,2.462
IND465683AAA -> IND465001AAA,Pachore_Shop3DPP_D (Madhya Pradesh),Shajapur_MhpraRD_D (Madhya Pradesh),Madhya Pradesh,Madhya Pradesh,1.449,100.0,68.0,55.097,13,0.923,646.0,1.449,,1.391,1.529,,
IND848210AAA -> IND842001AAA,Rusera_Wardno4_D (Bihar),Muzaffrpur_Bbganj_I (Bihar),Bihar,Bihar,4.088,278.0,69.0,83.918,3,1.0,646.0,4.088,,,,,4.088
IND518501AAA -> IND518124AAA,Nandyal_SrnvsNgr_D (Andhra Pradesh),Bngnpalle_Enkndla_D (Andhra Pradesh),Andhra Pradesh,Andhra Pradesh,2.345,68.0,28.0,37.815,15,1.0,645.0,2.345,,,,3.172,2.297
IND563131AAB -> IND560300AAB,Bangarapet_KolarRd_D (Karnataka),Bangalore_East_I_20 (Karnataka),Karnataka,Karnataka,1.816,138.0,76.0,76.776,5,1.0,645.0,,1.816,1.636,,,1.902
IND247667AAA -> IND249407AAA,Roorkee_Dc (Uttarakhand),Haridwar (Uttarakhand),Uttarakhand,Uttarakhand,1.844,71.0,37.0,30.532,14,1.0,645.0,1.844,,,,1.733,2.119
IND207247AAB -> IND205001AAB,Aliganj_KaimgnjRD_D (Uttar Pradesh),Mainpuri_Agraroad_I (Uttar Pradesh),Uttar Pradesh,Uttar Pradesh,2.269,122.5,54.0,51.439,10,1.0,644.0,2.269,,2.333,1.778,,
IND125047AAB -> IND125051AAA,Hisar_AgrohDPP_D (Haryana),Ratia_SchdvDPP_D (Haryana),Haryana,Haryana,2.184,125.0,57.0,68.734,10,1.0,641.0,2.184,,,,2.249,2.165
IND487551AAA -> IND464668AAA,Gadarwara_MPward_D (Madhya Pradesh),Bareli_SourvDPP_D (Madhya Pradesh),Madhya Pradesh,Madhya Pradesh,2.25,153.0,67.0,81.314,7,1.0,641.0,2.25,,2.209,,,2.317
IND515401AAB -> IND515801AAA,Gooty_StatonRd_D (Andhra Pradesh),Guntakal_Verpatem_D (Andhra Pradesh),Andhra Pradesh,Andhra Pradesh,2.435,51.5,22.0,30.448,18,1.0,641.0,2.435,,,,2.478,2.261
IND842001AAA -> IND845412AAB,Muzaffrpur_Bbganj_I (Bihar),Chakia_Wardno10_D (Bihar),Bihar,Bihar,2.265,77.0,34.0,49.367,15,1.0,640.0,2.265,,,,2.304,1.946
IND411014AAA -> IND411043AAA,PNQ Vadgaon Sheri DPC (Maharashtra),Pune Balaji Nagar (Maharashtra),Maharashtra,Maharashtra,4.556,82.0,15.0,15.815,7,1.0,640.0,,4.556,4.556,,6.353,4.333
IND342005AAD -> IND342601AAA,Jodhpur_Basni_I (Rajasthan),Piparcity_BsstdDPP_D (Rajasthan),Rajasthan,Rajasthan,2.143,105.0,49.0,60.626,9,1.0,639.0,2.143,,,,2.204,2.133
IND462022AAA -> IND462011AAA,Bhopal_Trnsport_H (Madhya Pradesh),Bhopal MP Nagar (Madhya Pradesh),Madhya Pradesh,Madhya Pradesh,2.439,28.5,12.0,12.661,30,1.0,639.0,,2.439,2.227,,,2.481
IND815353AAA -> IND814133AAB,Madhupur_Sitarmrd_D (Jharkhand),Godda_Central_D_2 (Jharkhand),Jharkhand,Jharkhand,1.877,176.5,93.0,116.318,8,1.0,634.0,1.877,,,,,1.877
IND125005AAA -> IND000000ACB,Hisar_IndstlAr_I (Haryana),Gurgaon_Bilaspur_HB (Haryana),Haryana,Haryana,1.927,264.0,137.0,171.936,5,1.0,634.0,1.927,,,,1.927,
IND389151AAA -> IND457661AAA,Dahod_DC (Gujarat),Jhabua_Ward11_D (Madhya Pradesh),Gujarat,Madhya Pradesh,2.848,92.0,32.0,43.519,11,1.0,633.0,2.848,,,,,2.848
IND573134AAB -> IND573201AAB,Sakleshpur_RgvdrDPP_D (Karnataka),Hassan_Pandrnga_I (Karnataka),Karnataka,Karnataka,2.348,75.0,32.0,43.642,14,1.0,633.0,2.348,,,,,2.348
IND505001AAB -> IND505209AAA,Karimnagar_KamnHbRD_I (Telangana),Ramagundam_Pdmavati_D (Telangana),Telangana,Telangana,2.708,130.0,46.0,63.497,7,1.0,633.0,2.708,,,,3.784,2.591
IND532127AAA -> IND535591AAA,Rajam_SamathBv_D (Andhra Pradesh),Salur_ward9_D (Andhra Pradesh),Andhra Pradesh,Andhra Pradesh,1.674,71.0,43.0,48.597,21,1.0,630.0,1.674,,1.674,,,1.679
IND814112AAA -> IND814133AAB,Deoghar_Barmasia_D (Jharkhand),Godda_Central_D_2 (Jharkhand),Jharkhand,Jharkhand,2.4,132.0,55.0,78.851,7,1.0,628.0,2.4,,,,,2.4
IND131028AAB -> IND247667AAA,Sonipat_Kundli_H (Haryana),Roorkee_Dc (Uttarakhand),Haryana,Uttarakhand,1.964,273.0,139.0,163.085,5,1.0,625.0,1.964,,,1.964,,
IND305601AAC -> IND305001AAC,Nasirabad_Central_DPP_2 (Rajasthan),Ajmer_FoySGRRD_I (Rajasthan),Rajasthan,Rajasthan,1.958,67.5,34.0,38.706,18,1.0,624.0,1.958,,,1.958,,
IND743395AAA -> IND700053AAA,Jaynagar_MjlprDPP_D (West Bengal),CCU_New Alipore_DPC (West Bengal),West Bengal,West Bengal,3.455,190.0,55.0,55.6,4,1.0,624.0,3.455,,5.836,,,3.236
IND781018AAB -> IND784001AAA,Guwahati_Hub (Assam),Tezpur_Mhbhirab_D (Assam),Assam,Assam,2.163,299.5,138.5,177.586,4,1.0,624.0,2.163,,2.163,,,
IND313324AAA -> IND313001AAB,Rajsamand_kankroli_D (Rajasthan),Udaipur_Mangri_I (Rajasthan),Rajasthan,Rajasthan,1.799,85.5,48.0,65.006,14,1.0,620.0,1.799,,,,,1.799
IND785001AAA -> IND785682AAA,Jorhat_RicMilRd_D (Assam),Sivasagar_Babupaty_D (Assam),Assam,Assam,2.024,85.0,46.0,62.631,11,1.0,617.0,2.024,,,1.739,2.349,
IND560300AAA -> IND560058AAB,Bengaluru_KGAirprt_HB (Karnataka),Bengaluru_Peenya_IP (Karnataka),Karnataka,Karnataka,1.394,48.0,35.0,31.33,37,0.595,616.0,,1.394,,1.394,1.121,1.824
IND842001AAA -> IND843105AAB,Muzaffrpur_Bbganj_I (Bihar),Dholi_WardNo4_D (Bihar),Bihar,Bihar,2.844,46.0,16.0,23.519,20,1.0,615.0,2.844,,,,2.938,2.812
IND262701AAA -> IND262802AAA,Lakhimpur_Maheva_D (Uttar Pradesh),Gola_BkgnRoad_D (Uttar Pradesh),Uttar Pradesh,Uttar Pradesh,2.188,51.0,24.0,32.92,20,1.0,615.0,2.188,,2.125,2.292,,
IND421302AAR -> IND421301AAA,Mumbai_East_I_21 (Maharashtra),Mumbai_Kalyan West _Dc (Maharashtra),Maharashtra,Maharashtra,4.0,43.0,10.0,12.843,17,1.0,615.0,,4.0,3.778,,,4.033
IND282002AAD -> IND205001AAB,,Mainpuri_Agraroad_I (Uttar Pradesh),,Uttar Pradesh,2.04,187.0,88.0,110.17,8,0.75,615.0,2.04,,,2.04,,
IND600044AAD -> IND603001AAA,Chennai_Chrompet_DPC (Tamil Nadu),Chennai_Chnglptu_DC (Tamil Nadu),Tamil Nadu,Tamil Nadu,2.664,78.5,30.0,38.289,12,1.0,614.0,,2.664,,,2.518,3.1
IND000000AEM -> IND110064AAB,Gurgaon_Bilaspur_RP (Haryana),KN_RPC (Delhi),Haryana,Delhi,2.093,113.0,55.0,53.516,11,1.0,613.0,,2.093,1.618,,,2.1
IND458664AAA -> IND312403AAA,Neemuch_KarjuDPP_D (Madhya Pradesh),BariSadri_BhmprDPP_D (Rajasthan),Madhya Pradesh,Rajasthan,2.467,111.0,44.0,53.05,7,1.0,612.0,2.467,,,,,2.467
IND853204AAA -> IND851204AAA,Naugchia_Vijayght_D (Bihar),Khagaria_GodamDPP_D (Bihar),Bihar,Bihar,2.043,94.0,46.0,65.214,11,1.0,612.0,2.043,,,,,2.043
IND110037AAM -> IND811399AAA,Delhi_Airport_H (Delhi),Noida_Sector02_C (Uttar Pradesh),Delhi,Uttar Pradesh,2.105,80.0,37.0,32.628,11,0.727,611.0,2.105,,,2.022,2.324,
IND124507AAA -> IND131028AAB,Bahadurgarh_DC (Haryana),Sonipat_Kundli_H (Haryana),Haryana,Haryana,2.261,104.0,45.0,40.268,9,1.0,610.0,2.261,,,,,2.261
IND585330AAE -> IND585401AAA,Humnabad_EBroad_D (Karnataka),Bidar (Karnataka),Karnataka,Karnataka,1.794,62.0,34.0,48.505,21,1.0,608.0,1.794,,1.765,,,1.809
IND396580AAB -> IND396321AAA,Vansda_CikhliRD_D (Gujarat),Bilimora_DC (Gujarat),Gujarat,Gujarat,2.0,63.0,32.0,42.663,8,1.0,607.0,,2.0,,,,2.0
IND302014AAB -> IND302004AAA,Jaipur_Central_I_7 (Rajasthan),Jaipur_NgrNigam_DC (Rajasthan),Rajasthan,Rajasthan,2.366,39.0,16.0,18.792,26,0.923,607.0,,2.366,2.58,,2.132,1.546
IND700026AAC -> IND712311AAA,CCU_Lake Avenue_DPC (West Bengal),Kolkata_Dankuni_HB (West Bengal),West Bengal,West Bengal,5.345,186.5,36.0,33.958,4,1.0,607.0,,5.345,6.469,,,4.014
IND000000ACA -> IND144001AAB,Ludhiana_MilrGanj_HB (Punjab),Jalandhar_DPC (Punjab),Punjab,Punjab,1.604,79.0,49.0,69.462,17,1.0,606.0,1.604,,,1.604,,
IND509301AAA -> IND501359AAE,Jadcherla_Badeplly_D (Telangana),Hyderabad_Shamshbd_H (Telangana),Telangana,Telangana,1.858,92.0,49.0,66.787,14,1.0,606.0,1.858,,,,,1.858
IND636705AAB -> IND562132AAA,Dharmapuri_Central_D_2 (Tamil Nadu),Bangalore_Nelmngla_H (Karnataka),Tamil Nadu,Karnataka,1.838,283.0,155.0,151.505,5,1.0,606.0,1.838,,,1.838,,
IND000000ACB -> IND124103AAA,Gurgaon_Bilaspur_HB (Haryana),Jhajjar_DC (Haryana),Haryana,Haryana,1.833,88.0,47.0,49.382,13,1.0,605.0,1.833,,,1.891,1.833,
IND515134AAA -> IND515201AAA,Puttaprthi_Gokulam_D (Andhra Pradesh),Hindupur_Parigi_D (Andhra Pradesh),Andhra Pradesh,Andhra Pradesh,1.632,96.0,58.0,62.646,15,1.0,604.0,,1.632,,,1.695,1.629
IND160002AAC -> IND140301AAA,Chandigarh_Mehmdpur_H (Punjab),Chandigarh_Kharar_DC (Chandigarh),Punjab,Chandigarh,1.435,67.0,47.0,38.183,21,0.952,604.0,1.435,,,,1.522,1.435
IND600056AAB -> IND600016AAC,MAA_Poonamallee_HB (Tamil Nadu),Chennai_Perungudi_DPC (Tamil Nadu),Tamil Nadu,Tamil Nadu,2.516,79.0,33.0,36.73,13,1.0,603.0,,2.516,2.576,3.061,2.018,2.516
IND110078AAA -> IND110043AAA,Janakpuri (Delhi),Delhi_Nangli_IP (Delhi),Delhi,Delhi,2.733,60.0,21.0,19.389,14,1.0,602.0,,2.733,3.333,,,2.382
IND614018AAA -> IND613104AAA,Mannargudi_Vadasari_D (Tamil Nadu),Thirukkatupli_Poondi_D (Tamil Nadu),Tamil Nadu,Tamil Nadu,2.008,121.5,60.0,64.767,10,1.0,602.0,2.008,,2.187,,,1.86
IND586128AAA -> IND585104AAA,Sindagi_KalyanNg_D (Karnataka),Gulbarga_Nehrugnj_I (Karnataka),Karnataka,Karnataka,3.041,222.0,73.0,93.148,4,1.0,601.0,,3.041,3.041,,,
IND132001AAA -> IND132103AAB,Karnal (Haryana),Panipat_PC (Haryana),Haryana,Haryana,4.059,138.0,32.0,37.5,3,1.0,598.0,4.059,,,,,4.059
IND248122AAB -> IND248001AAA,Mussoorie_BrlwgDPP_D (Uttarakhand),Dehradun (Uttarakhand),Uttarakhand,Uttarakhand,2.211,74.0,38.0,35.244,15,1.0,597.0,2.211,,2.211,,,2.107
IND311302AAA -> IND305624AAA,Badnaur_BhmrdDPP_D (Rajasthan),Bijainagar_Central_DPP_1 (Rajasthan),Rajasthan,Rajasthan,7.091,234.0,33.0,46.477,3,1.0,597.0,7.091,,7.091,,,6.903
IND585104AAA -> IND585211AAA,Gulbarga_Nehrugnj_I (Karnataka),Chittapur_GlbrgaRD_D (Karnataka),Karnataka,Karnataka,1.946,73.0,38.0,47.459,17,1.0,597.0,,1.946,,,,1.946
IND627401AAA -> IND627005AAA,Ambasamdrm_Solaiprm_D (Tamil Nadu),Tirunelveli_VdkkuSrt_I (Tamil Nadu),Tamil Nadu,Tamil Nadu,2.222,80.0,36.0,38.106,13,1.0,596.0,2.222,,,,,2.222
IND742226AAA -> IND742102AAB,Sagardighi_UtBzrDPP_D (West Bengal),Berhampore_Central_I_2 (West Bengal),West Bengal,West Bengal,2.229,78.0,36.0,33.289,13,1.0,594.0,,2.229,3.045,,,2.027
IND333042AAA -> IND333031AAA,Nawalgarh_NavldiDPP_D (Rajasthan),Pilani (Rajasthan),Rajasthan,Rajasthan,1.605,118.0,73.0,82.643,13,1.0,594.0,1.605,,,,1.565,1.605
IND509358AAA -> IND508248AAB,Kadthal_GndhiDPP_D (Telangana),Devarakonda_DindiRD_D (Telangana),Telangana,Telangana,2.2,126.5,58.0,82.475,8,1.0,593.0,2.2,,,,2.2,
IND144001AAB -> IND143001AAA,Jalandhar_DPC (Punjab),Amritsar_DPC (Punjab),Punjab,Punjab,1.5,97.0,63.0,85.199,17,1.0,592.0,1.5,,,,1.5,
IND834002AAB -> IND825102AAA,Ranchi_Hub (Jharkhand),Phusro_RhmgjDPP_D (Jharkhand),Jharkhand,Jharkhand,3.352,305.0,91.0,121.283,3,1.0,592.0,3.418,2.689,,3.352,,
IND722122AAA -> IND713205AAB,Bishnupur_StnRdDPP_D (West Bengal),Durgapur_Central_I_1 (West Bengal),West Bengal,West Bengal,1.964,138.0,70.0,85.624,8,1.0,592.0,,1.964,1.886,,,2.086
IND380054AAA -> IND382430AAB,AMD_Memnagar (Gujarat),Ahmedabad_East_H_1 (Gujarat),Gujarat,Gujarat,2.364,39.0,17.0,20.252,24,1.0,589.0,,2.364,2.364,,1.786,2.471
IND828111AAA -> IND826004AAA,Dhanbad_Jharia_DC (Jharkhand),Dhanbad_Kalynpur_I (Jharkhand),Jharkhand,Jharkhand,6.273,69.0,12.0,13.886,7,1.0,587.0,,6.273,5.743,,,6.273
IND843105AAB -> IND848101AAA,Dholi_WardNo4_D (Bihar),Samastipur_Haripur_D (Bihar),Bihar,Bihar,2.025,40.0,20.0,28.018,20,1.0,586.0,2.025,,,,3.091,2.0
IND600056AAB -> IND600076AAB,MAA_Poonamallee_HB (Tamil Nadu),Chennai_Madhavaram_DPC (Tamil Nadu),Tamil Nadu,Tamil Nadu,1.931,71.5,36.0,46.067,16,1.0,586.0,,1.931,,,1.863,2.562
IND500050AAA -> IND501218AAC,Patancheru_Ameenpur_I (Telangana),Shamshabad_Lngrguda_D (Telangana),Telangana,Telangana,5.567,167.0,30.0,33.223,5,1.0,585.0,,5.567,,,5.567,
IND560060AAB -> IND562132AAA,Bengaluru_Kengeri_IP (Karnataka),Bangalore_Nelmngla_H (Karnataka),Karnataka,Karnataka,1.733,52.0,30.0,24.756,19,0.947,584.0,,1.733,1.931,1.672,,1.75
IND413002AAA -> IND413501AAA,Solapur_Central_I_2 (Maharashtra),Osmanabad_Kakdepot_D (Maharashtra),Maharashtra,Maharashtra,1.553,74.0,48.0,64.696,21,1.0,584.0,1.553,,,,1.553,
IND834002AAB -> IND829122AAA,Ranchi_Hub (Jharkhand),Ramgarh_HotelPrk_D (Jharkhand),Jharkhand,Jharkhand,2.391,76.5,32.0,43.878,14,1.0,582.0,2.391,,1.953,2.438,,
IND517644AAA -> IND524132AAA,Sriklahsti_SDKNgr_D (Andhra Pradesh),Venktagiri_TirupthiRd_D (Andhra Pradesh),Andhra Pradesh,Andhra Pradesh,2.114,74.0,35.0,45.097,15,1.0,581.0,2.114,,2.281,,,1.971
IND000000ACN -> IND501359AAF,Hyderabad_Mhdiptnm_C (Telangana),Hyderabad_Shamshbd_P (Telangana),Telangana,Telangana,2.284,40.0,18.0,21.381,16,1.0,580.0,,2.284,,2.389,1.861,
IND560099AAB -> IND560060AAB,Bengaluru_Bomsndra_HB (Karnataka),Bengaluru_Kengeri_IP (Karnataka),Karnataka,Karnataka,1.375,44.0,33.0,31.642,31,0.806,580.0,,1.375,,2.161,1.267,1.36
IND560099AAB -> IND632006AAA,Bengaluru_Bomsndra_HB (Karnataka),Vellore_GndhiNgr_IP (Tamil Nadu),Karnataka,Tamil Nadu,1.371,233.0,168.0,198.339,8,1.0,580.0,1.371,,1.321,1.471,1.539,
IND413002AAA -> IND413304AAA,Solapur_Central_I_2 (Maharashtra),Pandharpur_RajCmplx_D (Maharashtra),Maharashtra,Maharashtra,1.981,104.0,53.0,72.806,10,1.0,580.0,,1.981,,,2.226,1.925
IND803116AAA -> IND803108AAB,Rajgir_PnditNGR_D (Bihar),Chandi_SH78_D (Bihar),Bihar,Bihar,2.229,78.0,33.0,40.591,13,1.0,579.0,2.229,,,,,2.229
IND209304AAA -> IND206122AAA,Kanpur_Central_H_6 (Uttar Pradesh),Auraiya_AryaNagr_D (Uttar Pradesh),Uttar Pradesh,Uttar Pradesh,1.626,80.0,49.5,70.43,20,0.85,579.0,1.626,,,1.637,1.592,
IND700088AAA -> IND712311AAA,Kolkata_TrtllaRD_L (West Bengal),Kolkata_Dankuni_HB (West Bengal),West Bengal,West Bengal,3.517,101.0,29.0,29.618,9,1.0,578.0,,3.517,,3.607,3.103,
IND302026AAA -> IND302014AAB,Jaipur_Bhankrot_DC (Rajasthan),Jaipur_Central_I_7 (Rajasthan),Rajasthan,Rajasthan,11.5,184.0,18.0,22.119,3,1.0,577.0,,11.5,11.5,,,
IND642001AAA -> IND641062AAD,Pollachi_Venkatsa_DC (Tamil Nadu),Coimbatore_Karayam_H (Tamil Nadu),Tamil Nadu,Tamil Nadu,1.579,90.0,57.0,64.718,17,1.0,574.0,,1.579,,,,1.579
IND442101AAB -> IND445001AAB,Deoli_Central_DPP_2 (Maharashtra),Yavatmal_JajuDPP_D (Maharashtra),Maharashtra,Maharashtra,2.2,82.5,37.0,52.047,12,1.0,574.0,2.2,,,,,2.2
IND517501AAB -> IND517583AAA,Tirupati_Balajicly_I (Andhra Pradesh),Puttur_Artmclny_D (Andhra Pradesh),Andhra Pradesh,Andhra Pradesh,2.154,56.0,26.0,34.667,19,1.0,574.0,,2.154,,,,2.154
IND854326AAB -> IND854105AAB,Purnia_Central_H_2 (Bihar),Katihar_Central_D_2 (Bihar),Bihar,Bihar,2.65,53.0,20.0,29.494,11,1.0,573.0,2.65,,,,2.65,
IND363310AAB -> IND382430AAB,Dhrangadhra_NvygRDPP_D (Gujarat),Ahmedabad_East_H_1 (Gujarat),Gujarat,Gujarat,1.41,203.0,143.0,128.325,9,1.0,571.0,1.41,,1.41,,,
IND506132AAA -> IND122001AAJ,Khanpur_Nrsampt_D (Telangana),Mahbubabad_Yellanda_D (Telangana),Telangana,Telangana,1.824,65.0,34.0,48.411,19,1.0,570.0,1.824,,,,,1.824
IND802301AAA -> IND804401AAA,Arrah_Katira_D (Bihar),Arwal_Rozapar_D (Bihar),Bihar,Bihar,1.861,122.5,67.0,85.235,10,1.0,570.0,1.861,,,,1.861,
IND847212AAA -> IND847226AAA,Madhubani_Bardivan_D (Bihar),Jaynagar_Wardno6_D (Bihar),Bihar,Bihar,1.741,48.0,28.0,37.633,21,1.0,570.0,1.741,,,,1.667,1.741
IND560099AAB -> IND560085AAA,Bengaluru_Bomsndra_HB (Karnataka),Bengaluru_Banshkri_DC (Karnataka),Karnataka,Karnataka,2.083,50.0,21.0,18.449,17,1.0,569.0,,2.083,,,1.67,3.421
IND110052AAA -> IND000000ACB,Delhi_Wazirpur_L (Delhi),Gurgaon_Bilaspur_HB (Haryana),Delhi,Haryana,1.662,107.0,63.5,67.773,10,1.0,569.0,,1.662,,,1.646,1.887
IND523316AAB -> IND522647AAA,Markapur_VidyaNgr_D (Andhra Pradesh),Vinukonda_Kothapet_D (Andhra Pradesh),Andhra Pradesh,Andhra Pradesh,1.651,90.0,54.0,77.517,14,1.0,567.0,1.651,,,,,1.651
IND583231AAA -> IND583201AAA,Koppal_Banikatt_D (Karnataka),Hospet (Karnataka),Karnataka,Karnataka,2.409,53.0,22.0,30.255,15,1.0,566.0,,2.409,2.182,,,2.556
IND815301AAA -> IND814133AAB,Giridih_Shivalya_D (Jharkhand),Godda_Central_D_2 (Jharkhand),Jharkhand,Jharkhand,2.303,266.0,115.0,144.845,4,1.0,566.0,2.303,,,,,2.303
IND360490AAA -> IND362001AAA,Upleta_AdrshSt_DC (Gujarat),Junagadh_DPC (Gujarat),Gujarat,Gujarat,2.309,80.5,36.0,43.139,10,1.0,565.0,2.309,,,,,2.309
IND515004AAA -> IND515401AAB,Anantapur_KamaStrt_I (Andhra Pradesh),Gooty_StatonRd_D (Andhra Pradesh),Andhra Pradesh,Andhra Pradesh,1.763,67.0,40.0,53.524,17,0.941,565.0,1.763,,,1.432,1.763,
IND126116AAA -> IND131301AAA,,Gohana_DvlalDPP_D (Haryana),,Haryana,2.82,172.0,61.0,83.269,5,1.0,564.0,2.82,,,,,2.82
IND581110AAE -> IND581119AAB,Haveri_GuttalRD_D (Karnataka),Ukkadagatri_Tuminkte_D (Karnataka),Karnataka,Karnataka,1.864,82.0,43.0,54.01,16,1.0,563.0,,1.864,,,,1.864
IND530012AAA -> IND751002AAB,Visakhapatnam_Gajuwaka_IP (Andhra Pradesh),Bhubaneshwar_Hub (Orissa),Andhra Pradesh,Orissa,1.58,504.0,318.0,445.697,3,1.0,560.0,1.58,,,,1.591,1.58
IND581110AAE -> IND577002AAA,Haveri_GuttalRD_D (Karnataka),Davangere_Central_I_1 (Karnataka),Karnataka,Karnataka,2.763,156.0,56.5,70.745,4,1.0,560.0,,2.763,6.745,,,2.526
IND821115AAB -> IND802101AAA,Sasaram_Central_I_2 (Bihar),Buxar_Sarswati_D (Bihar),Bihar,Bihar,2.216,165.0,76.0,84.541,6,1.0,559.0,2.216,,,,2.216,
IND344001AAA -> IND342301AAA,Barmer_Nehru3PL_D (Rajasthan),Phalodi_PalikDPP_D (Rajasthan),Rajasthan,Rajasthan,1.685,337.0,199.0,236.685,4,1.0,558.0,1.685,,1.685,,,
IND131028AAB -> IND110037AAM,Sonipat_Kundli_H (Haryana),Delhi_Airport_H (Delhi),Haryana,Delhi,2.276,133.0,57.0,47.9,7,1.0,557.0,,2.276,,,,2.276
IND741126AAB -> IND741156AAA,Nakashipara_MaxDPP_D (West Bengal),Plassey_BtaiRoad_D (West Bengal),West Bengal,West Bengal,2.559,41.5,17.0,23.831,20,1.0,556.0,,2.559,2.176,,,2.627
IND742149AAA -> IND742148AAA,Murshidabad_Sirjudol_D (West Bengal),Lalgola_KrsprDPP_D (West Bengal),West Bengal,West Bengal,2.821,54.0,22.0,29.182,14,1.0,556.0,,2.821,,,2.833,2.81
IND631003AAA -> IND600056AAB,Arakkonam_HousngBd_D (Tamil Nadu),MAA_Poonamallee_HB (Tamil Nadu),Tamil Nadu,Tamil Nadu,2.26,87.0,39.0,41.987,10,1.0,556.0,,2.26,,,,2.26
IND507002AAA -> IND508206AAA,Khammam_NSTRoad_I (Telangana),Kodad_VidyaNgr_D (Telangana),Telangana,Telangana,2.131,65.0,30.0,38.657,12,1.0,555.0,2.131,,,,2.131,
IND582209AAA -> IND582101AAB,Rona_GadagRD_D (Karnataka),Gadag_Cdosclrd_D (Karnataka),Karnataka,Karnataka,1.841,69.0,37.0,40.262,16,1.0,553.0,1.841,,,,,1.841
IND249407AAA -> IND249201AAA,Haridwar (Uttarakhand),Rishikesh_DC (Uttarakhand),Uttarakhand,Uttarakhand,1.84,48.0,26.0,20.672,18,1.0,553.0,1.84,,,,,1.84
IND282001AAA -> IND000000ACB,Agra_Idgah_P (Uttar Pradesh),Gurgaon_Bilaspur_HB (Haryana),Uttar Pradesh,Haryana,1.603,287.0,179.0,211.337,5,1.0,552.0,1.603,,,1.588,1.618,
IND500008AAD -> IND501359AAE,Hyderabad_Tolichwk_L (Telangana),Hyderabad_Shamshbd_H (Telangana),Telangana,Telangana,3.216,69.0,22.0,25.733,6,1.0,550.0,,3.216,5.045,2.909,,
IND826004AAA -> IND821115AAB,Dhanbad_Kalynpur_I (Jharkhand),Sasaram_Central_I_2 (Bihar),Jharkhand,Bihar,1.531,390.5,255.0,343.722,4,1.0,550.0,1.531,,1.531,,,
IND530012AAA -> IND530043AAA,Visakhapatnam_Gajuwaka_IP (Andhra Pradesh),Visakhapatnam_VislkNgr_DC (Andhra Pradesh),Andhra Pradesh,Andhra Pradesh,2.889,52.0,18.0,21.653,13,1.0,550.0,,2.889,,,,2.889
IND383255AAB -> IND384205AAA,Khedbrahma_Patelfli_D (Gujarat),Mehsana_Panchot_IP (Gujarat),Gujarat,Gujarat,1.458,156.0,105.0,102.694,9,0.778,549.0,1.458,,1.39,,,1.693
IND580028AAA -> IND581402AAA,Hubli_Adargchi_IP (Karnataka),Sirsi_Vidygiri_D (Karnataka),Karnataka,Karnataka,1.422,120.0,83.0,93.058,15,1.0,547.0,1.422,,1.476,1.422,,
IND562132AAA -> IND560060AAB,Bangalore_Nelmngla_H (Karnataka),Bengaluru_Kengeri_IP (Karnataka),Karnataka,Karnataka,1.641,42.5,28.0,25.448,24,1.0,547.0,,1.641,1.511,1.75,1.362,2.25
IND605601AAA -> IND600056AAB,Villupuram_Thirumtr_IP (Tamil Nadu),MAA_Poonamallee_HB (Tamil Nadu),Tamil Nadu,Tamil Nadu,1.72,215.0,125.0,151.96,6,1.0,546.0,1.72,,,1.72,,
IND691001AAB -> IND683511AAA,Kollam_Central_H_1 (Kerala),Aluva_Peedika_H (Kerala),Kerala,Kerala,1.256,211.0,168.0,175.966,9,0.889,545.0,1.256,,,1.214,1.374,
IND400064AAB -> IND400072AAD,Mumbai_MaladWest_CP (Maharashtra),Mumbai_Chndivli_PC (Maharashtra),Maharashtra,Maharashtra,3.077,41.0,14.0,13.393,17,1.0,545.0,,3.077,,3.077,,
IND723101AAA -> IND723202AAA,Purulia_GariDPP_D (West Bengal),Jhalda_GMukrDPP_D (West Bengal),West Bengal,West Bengal,1.795,70.0,39.0,46.338,14,1.0,544.0,1.795,,1.744,,,1.923
IND518002AAA -> IND518501AAA,Kurnool_AbbasNgr_I (Andhra Pradesh),Nandyal_SrnvsNgr_D (Andhra Pradesh),Andhra Pradesh,Andhra Pradesh,1.526,87.0,56.5,71.301,18,1.0,544.0,1.526,,,,1.526,
IND670645AAB -> IND673592AAA,Mananthavady_Central_D_1 (Kerala),SultnBthry_Kollgpra_D (Kerala),Kerala,Kerala,2.599,99.0,37.0,36.162,6,1.0,543.0,,2.599,2.572,,,3.278
IND501359AAE -> IND500050AAA,Hyderabad_Shamshbd_H (Telangana),Patancheru_Ameenpur_I (Telangana),Telangana,Telangana,1.806,55.0,30.0,34.16,18,1.0,542.0,,1.806,,1.515,1.576,1.871
IND365560AAB -> IND364290AAA,Amreli_Rajula_DC (Gujarat),Bhavnagar_Mahuva_DC (Gujarat),Gujarat,Gujarat,2.483,74.0,29.0,39.988,11,1.0,542.0,2.483,,,,,2.483
IND110037AAM -> IND110024AAA,Delhi_Airport_H (Delhi),Delhi_Lajpat_IP (Delhi),Delhi,Delhi,2.668,63.5,24.0,24.737,14,1.0,541.0,,2.668,,,,2.668
IND000000AET -> IND000000AAS,Barpeta_ShivBari_D (Assam),Bongaigaon_Chpaguri_D (Assam),Assam,Assam,2.465,119.0,48.5,68.722,8,1.0,541.0,2.465,,,2.465,,
IND431001AAB -> IND431136AAC,Aurangabad_Pratpngr_D (Maharashtra),Aurangabad_Central_H_1 (Maharashtra),Maharashtra,Maharashtra,3.261,37.5,11.0,14.479,18,1.0,541.0,,3.261,,,,3.261
IND680587AAA -> IND683511AAA,Pazhayannur_AlathurRD_D (Kerala),Aluva_Peedika_H (Kerala),Kerala,Kerala,2.7,216.0,80.0,91.677,4,1.0,541.0,,2.7,,,,2.7
IND573201AAB -> IND573116AAA,Hassan_Pandrnga_I (Karnataka),Channaraya_patna_D (Karnataka),Karnataka,Karnataka,2.084,61.5,29.0,37.859,14,1.0,540.0,2.084,,,,2.084,
IND364004AAB -> IND365560AAA,Bhavnagar_ChtrGIDC_IP (Gujarat),Amreli_MrktYrd_DC (Gujarat),Gujarat,Gujarat,1.947,148.0,78.0,109.518,7,1.0,539.0,1.947,,,,1.947,
IND401501AAA -> IND401602AAA,Boisar_OstwlEmp_D (Maharashtra),Dahanu_KetyDPP_D (Maharashtra),Maharashtra,Maharashtra,2.077,52.0,26.0,28.057,17,1.0,539.0,,2.077,2.346,,,2.038
IND444005AAB -> IND443301AAA,Akola_Gaurkshn_I (Maharashtra),Mehkar_SagarDPP_D (Maharashtra),Maharashtra,Maharashtra,2.375,188.0,81.0,110.207,5,1.0,539.0,2.375,,,,2.375,
IND742223AAA -> IND742226AAA,Jangipur_Central_D_1 (West Bengal),Sagardighi_UtBzrDPP_D (West Bengal),West Bengal,West Bengal,1.523,68.0,44.0,46.005,17,1.0,538.0,,1.523,1.591,,,1.517
IND788806AAA -> IND788026AAC,Badarpur_Konapara_D (Assam),Silchar_Sirikona_H (Assam),Assam,Assam,3.75,63.0,16.0,23.492,9,1.0,538.0,3.75,,3.75,,,
IND854105AAB -> IND851204AAA,Katihar_Central_D_2 (Bihar),Khagaria_GodamDPP_D (Bihar),Bihar,Bihar,2.392,226.0,95.0,135.068,4,1.0,537.0,2.392,,,,,2.392
IND332001AAB -> IND333042AAA,Sikar_FatehpRd_I (Rajasthan),Nawalgarh_NavldiDPP_D (Rajasthan),Rajasthan,Rajasthan,1.589,67.5,33.0,32.93,14,0.857,536.0,1.589,,,,1.589,
IND000000ACB -> IND125005AAA,Gurgaon_Bilaspur_HB (Haryana),Hisar_IndstlAr_I (Haryana),Haryana,Haryana,1.952,265.5,135.5,170.565,4,1.0,535.0,1.952,,,1.952,,
IND205001AAB -> IND209721AAB,Mainpuri_Agraroad_I (Uttar Pradesh),Chhibramau_Bhainpura_D (Uttar Pradesh),Uttar Pradesh,Uttar Pradesh,2.25,90.0,40.5,52.996,10,1.0,534.0,2.25,,,2.691,2.212,
IND425508AAB -> IND450331AAA,Raver_Truptingr_D (Maharashtra),Burhanpur_StRoad_D (Madhya Pradesh),Maharashtra,Madhya Pradesh,2.753,51.0,17.5,24.001,16,1.0,534.0,,2.753,2.647,,,3.105
IND421302AAG -> IND421401AAC,Bhiwandi_Mankoli_HB (Maharashtra),Murbad_SnkunDPP_D (Maharashtra),Maharashtra,Maharashtra,2.571,78.5,31.0,42.894,10,1.0,534.0,,2.571,,,,2.571
IND560099AAB -> IND560078AAC,Bengaluru_Bomsndra_HB (Karnataka),BLR_JPNagar_Pc (Karnataka),Karnataka,Karnataka,1.786,39.5,22.0,20.354,28,0.857,533.0,,1.786,,1.75,1.333,2.636
IND741156AAA -> IND742101AAC,Plassey_BtaiRoad_D (West Bengal),Baharampur_Chuanpur_I (West Bengal),West Bengal,West Bengal,2.688,86.0,32.0,44.298,8,1.0,533.0,,2.688,2.065,,,2.812
IND600044AAD -> IND600056AAB,Chennai_Chrompet_DPC (Tamil Nadu),MAA_Poonamallee_HB (Tamil Nadu),Tamil Nadu,Tamil Nadu,1.861,66.0,35.0,36.77,17,1.0,531.0,,1.861,1.886,2.225,1.637,1.648
IND246763AAA -> IND246761AAA,Najibabad_KotdwrRD_D (Uttar Pradesh),Dhampur_NaginaRD_D (Uttar Pradesh),Uttar Pradesh,Uttar Pradesh,2.516,77.0,31.0,43.716,11,1.0,531.0,2.516,,2.339,,,2.567
IND370110AAA -> IND370001AAA,Anjar_DC (Gujarat),Bhuj_DC (Gujarat),Gujarat,Gujarat,2.148,67.0,32.0,43.242,14,1.0,531.0,2.148,,,,,2.148
IND441206AAB -> IND442605AAA,Brahmapuri_DhnliRth_D (Maharashtra),Gadchiroli_Central_DPP_1 (Maharashtra),Maharashtra,Maharashtra,2.733,123.0,45.0,58.061,7,1.0,529.0,,2.733,2.733,,,2.625
IND243001AAA -> IND243503AAB,Bareilly_Central_D_2 (Uttar Pradesh),Faridpur_ShjnprRD_D (Uttar Pradesh),Uttar Pradesh,Uttar Pradesh,2.296,62.0,27.0,27.44,13,1.0,528.0,2.296,,,,,2.296
IND362001AAA -> IND360575AAA,Junagadh_DPC (Gujarat),Porbandar_DC (Gujarat),Gujarat,Gujarat,1.482,123.0,84.0,103.722,11,1.0,528.0,,1.482,,,,1.482
IND829122AAA -> IND825301AAA,Ramgarh_HotelPrk_D (Jharkhand),Hazaribag_BodomBzr_DC (Jharkhand),Jharkhand,Jharkhand,1.946,75.0,37.0,50.913,14,1.0,528.0,1.946,,,,1.946,
IND788026AAC -> IND788151AAA,Silchar_Sirikona_H (Assam),Hailakandi_kalibari_D (Assam),Assam,Assam,2.545,56.0,22.0,29.879,13,1.0,527.0,2.545,,,,2.523,2.739
IND627005AAA -> IND628801AAA,Tirunelveli_VdkkuSrt_I (Tamil Nadu),Eral_Busstand_D (Tamil Nadu),Tamil Nadu,Tamil Nadu,1.581,70.0,45.0,46.441,17,0.882,526.0,,1.581,,,1.598,1.4
IND854105AAB -> IND853204AAA,Katihar_Central_D_2 (Bihar),Naugchia_Vijayght_D (Bihar),Bihar,Bihar,3.02,149.0,49.0,70.355,5,1.0,526.0,3.02,,,,,3.02
IND691305AAA -> IND689645AAA,Punalur_PostofJN_D (Kerala),Pthnmthitt_Klskhrpt_D (Kerala),Kerala,Kerala,2.269,60.0,27.0,29.133,15,1.0,525.0,,2.269,,,,2.269
IND721501AAC -> IND721253AAC,AmaDubi_Bulabeda_D (West Bengal),ChandroknaRD_Central_DPP_3 (West Bengal),West Bengal,West Bengal,1.885,172.5,92.5,100.691,6,1.0,525.0,1.885,,1.885,,,
IND743513AAA -> IND743347AAA,Fatepur_NH117_D (West Bengal),Kakdwip_KlngrDPP_D (West Bengal),West Bengal,West Bengal,2.097,77.0,36.5,52.125,12,1.0,523.0,,2.097,,,,2.097
IND600110AAA -> IND600056AAB,Chennai_Madhavaram_L (Tamil Nadu),MAA_Poonamallee_HB (Tamil Nadu),Tamil Nadu,Tamil Nadu,2.324,86.0,37.0,47.441,10,1.0,522.0,,2.324,2.527,2.512,2.065,2.365
IND515201AAA -> IND515301AAA,Hindupur_Parigi_D (Andhra Pradesh),Madakasira_RTCStand_D (Andhra Pradesh),Andhra Pradesh,Andhra Pradesh,2.746,59.0,21.5,31.111,14,1.0,522.0,,2.746,,,,2.746
IND396232AAA -> IND396191AAC,Silvassa_Samrvrni_D (Dadra and Nagar Haveli),Vapi_IndEstat_I (Gujarat),Dadra and Nagar Haveli,Gujarat,3.5,49.0,14.0,16.542,15,1.0,519.0,,3.5,4.071,3.5,,
IND733129AAA -> IND732103AAB,Kaliyaganj_FatprDPP_D (West Bengal),Malda_Central_I_3 (West Bengal),West Bengal,West Bengal,4.125,179.5,45.5,60.447,4,1.0,519.0,,4.125,2.667,,,4.458
IND742121AAA -> IND742101AAC,Nowda_AmtlaDPP_D (West Bengal),Baharampur_Chuanpur_I (West Bengal),West Bengal,West Bengal,3.682,73.5,22.0,25.136,6,1.0,518.0,,3.682,,,,3.682
IND641006AAD -> IND641062AAD,Coimbatore_ElngoNgr_C (Tamil Nadu),Coimbatore_Karayam_H (Tamil Nadu),Tamil Nadu,Tamil Nadu,4.333,104.0,28.0,26.6,5,1.0,518.0,,4.333,4.839,4.333,,
IND713128AAB -> IND731204AAB,Guskhara_Itachnda_D (West Bengal),Bolpur_WebelDPP_D (West Bengal),West Bengal,West Bengal,2.889,56.0,18.0,24.96,13,1.0,518.0,2.889,,2.8,,,3.833
IND802119AAA -> IND802158AAB,Dumraon_Nishangr_D (Bihar),Jagdishpur_Wardno13_D (Bihar),Bihar,Bihar,1.827,68.5,38.0,51.834,16,1.0,517.0,1.827,,,,,1.827
IND431603AAA -> IND431708AAA,Nanded_Aswningr_I (Maharashtra),Loha_SivjiCWK_D (Maharashtra),Maharashtra,Maharashtra,2.043,47.0,23.0,32.404,15,1.0,517.0,2.043,,,,2.0,2.065
IND522647AAA -> IND523201AAA,Vinukonda_Kothapet_D (Andhra Pradesh),Addanki_Oilmilrd_D (Andhra Pradesh),Andhra Pradesh,Andhra Pradesh,1.56,78.0,50.0,60.113,19,1.0,515.0,1.56,,,,,1.56
IND361001AAA -> IND361305AAC,Jamnagar_Dc (Gujarat),Khambhalia_JdswarRD_D (Gujarat),Gujarat,Gujarat,1.734,68.5,40.0,54.596,16,1.0,515.0,1.734,,,,,1.734
IND421302AAN -> IND400072AAB,GreaterThane_Anjur_C (Maharashtra),Mumbai Hub (Maharashtra),Maharashtra,Maharashtra,2.545,53.0,22.0,27.908,16,1.0,515.0,,2.545,2.545,,,
IND410206AAA -> IND000000AFT,Jasai_JNPT_D (Maharashtra),Mumbai_Sanpada_I (Maharashtra),Maharashtra,Maharashtra,2.364,34.0,15.0,18.941,13,1.0,515.0,,2.364,,,,2.364
IND485001AAC -> IND485771AAA,Satna_Central_I_2 (Madhya Pradesh),Maihar_MngalDPP_D (Madhya Pradesh),Madhya Pradesh,Madhya Pradesh,3.061,101.0,33.0,43.333,3,1.0,514.0,3.061,,3.061,,,
IND501359AAE -> IND500010AAA,Hyderabad_Shamshbd_H (Telangana),Hyderabad_Alwal_I (Telangana),Telangana,Telangana,1.936,75.5,39.0,47.489,12,1.0,513.0,,1.936,,1.92,1.795,2.821
IND000000ACB -> IND301001AAB,Gurgaon_Bilaspur_HB (Haryana),Alwar_Central_I_1 (Rajasthan),Haryana,Rajasthan,1.714,156.5,92.0,115.681,6,1.0,513.0,1.714,,1.814,1.714,,
IND628613AAA -> IND627005AAA,Peikulam_SriVnktpm_D (Tamil Nadu),Tirunelveli_VdkkuSrt_I (Tamil Nadu),Tamil Nadu,Tamil Nadu,1.755,83.0,47.0,40.16,14,1.0,513.0,,1.755,,,,1.755
IND712124AAA -> IND712103AAA,Hooghly_DC (West Bengal),Hoogly_Bandel_D (West Bengal),West Bengal,West Bengal,2.833,30.0,11.0,11.643,25,1.0,512.0,,2.833,2.955,2.8,,2.727
IND175018AAA -> IND175001AAA,SundarNgr_Bhogpur_D (Himachal Pradesh),Mandi_PlaceCol_D (Himachal Pradesh),Himachal Pradesh,Himachal Pradesh,2.933,43.5,15.0,22.132,16,1.0,510.0,2.933,,3.067,,,2.8
IND638701AAA -> IND641607AAA,Kangayam_Thvlrsrt_D (Tamil Nadu),Tirupur_Koliplm_I (Tamil Nadu),Tamil Nadu,Tamil Nadu,2.2,49.0,23.0,25.324,17,1.0,510.0,,2.2,,,,2.2
IND285205AAB -> IND210431AAA,Konch_Central_D_2 (Uttar Pradesh),Rath_Mughlpra_D (Uttar Pradesh),Uttar Pradesh,Uttar Pradesh,2.188,175.0,80.0,82.244,5,1.0,509.0,2.188,,2.075,,,2.575
IND501359AAG -> IND000000ACN,Hyderabad_South_R_11 (Telangana),Hyderabad_Mhdiptnm_C (Telangana),Telangana,Telangana,2.75,55.0,19.0,25.385,11,1.0,509.0,,2.75,,2.75,,
IND415605AAA -> IND415709AAA,Chiplun_LxmiNiws_D (Maharashtra),Khed_Mahad_D (Maharashtra),Maharashtra,Maharashtra,2.42,59.5,24.0,33.867,16,1.0,509.0,2.42,,,,,2.42
IND626138AAA -> IND625008AAA,Maharajapuram_Krsnakcl_D (Tamil Nadu),Madurai_Kappalur_H (Tamil Nadu),Tamil Nadu,Tamil Nadu,1.48,89.5,61.0,66.46,16,0.938,509.0,1.48,,,,,1.48
IND208006AAA -> IND209304AAA,Kanpur_GovndNgr_DC (Uttar Pradesh),Kanpur_Central_H_6 (Uttar Pradesh),Uttar Pradesh,Uttar Pradesh,6.552,190.0,28.0,31.582,3,1.0,508.0,,6.552,,,,6.552
IND843329AAB -> IND843301AAA,Sheohar_Ward9DPP_D (Bihar),Sitamari_Durma_D (Bihar),Bihar,Bihar,2.789,53.0,19.0,26.59,13,1.0,508.0,2.789,,,,2.947,2.737
IND341503AAB -> IND341510AAB,Degana_BhukrdPP_D (Rajasthan),Merta_Central_DPP_1 (Rajasthan),Rajasthan,Rajasthan,2.061,68.0,33.0,47.218,12,1.0,508.0,2.061,,2.061,,,
IND583201AAA -> IND583227AAA,Hospet (Karnataka),Gangavathi_PhrmPlza_D (Karnataka),Karnataka,Karnataka,2.0,61.0,30.0,27.624,16,1.0,507.0,,2.0,,,,2.0
IND845438AAA -> IND845455AAB,Bettiah_BypassRd_D (Bihar),Narktiganj_Central_DPP_2 (Bihar),Bihar,Bihar,1.806,59.0,32.0,38.378,15,1.0,505.0,1.806,,1.516,,,1.934
IND507002AAA -> IND508213AAB,Khammam_NSTRoad_I (Telangana),Suryapet_Krishna_D (Telangana),Telangana,Telangana,1.818,80.0,45.0,63.824,14,1.0,505.0,1.818,,,,1.818,
IND621704AAA -> IND621802AAA,Ariyalur_Kmrajngr_D (Tamil Nadu),Jayamkondan_Chithbrm_D (Tamil Nadu),Tamil Nadu,Tamil Nadu,2.0,61.0,31.0,38.532,17,1.0,505.0,2.0,,,,,2.0
IND742225AAA -> IND742223AAA,Ragunthgnj_GopalDPP_D (West Bengal),Jangipur_Central_D_1 (West Bengal),West Bengal,West Bengal,4.611,42.0,9.0,13.908,16,1.0,505.0,,4.611,,,,4.611
IND638501AAB -> IND641062AAD,Anthiyour_TherSRT_D (Tamil Nadu),Coimbatore_Karayam_H (Tamil Nadu),Tamil Nadu,Tamil Nadu,1.426,106.0,75.0,80.193,14,0.786,504.0,,1.426,,,,1.426
IND362560AAA -> IND362150AAA,Una_Mamlatdr_DC (Gujarat),Talala_SsnRdDPP_D (Gujarat),Gujarat,Gujarat,1.77,108.0,61.0,66.844,11,1.0,503.0,,1.77,1.77,,,
IND201007AAA -> IND245304AAA,GZB_Mohan_Nagar_DPC (Uttar Pradesh),Pilkhuwa_HapurRD_D (Uttar Pradesh),Uttar Pradesh,Uttar Pradesh,2.216,82.0,38.0,32.425,11,1.0,503.0,,2.216,,,2.266,1.947
IND370201AAA -> IND363330AAB,Gandhidham_Sector1A_IP (Gujarat),Halvad_CrossRD_D (Gujarat),Gujarat,Gujarat,1.404,189.5,135.0,140.932,8,1.0,503.0,1.404,,,,,1.404
IND211008AAA -> IND211002AAB,Allahabad_Central_D_3 (Uttar Pradesh),Allahabad_Central_H_1 (Uttar Pradesh),Uttar Pradesh,Uttar Pradesh,8.656,138.5,16.0,22.834,4,1.0,502.0,,8.656,8.625,,,9.875
IND341001AAC -> IND341303AAA,Nagaur_KisanCo_D (Rajasthan),Didwana_KatlaDPP_D (Rajasthan),Rajasthan,Rajasthan,1.56,132.0,84.0,97.939,7,1.0,500.0,1.56,,,,,1.56
IND560099AAB -> IND560002AAA,Bengaluru_Bomsndra_HB (Karnataka),Bengaluru_KHRoad_I (Karnataka),Karnataka,Karnataka,2.095,42.0,21.0,18.91,25,0.72,497.0,,2.095,,,1.1,2.438
IND695012AAA -> IND691001AAB,Trivandrum_Mnanthla_H (Kerala),Kollam_Central_H_1 (Kerala),Kerala,Kerala,1.547,100.0,65.0,63.763,12,1.0,497.0,1.547,,,1.538,1.708,
IND784001AAA -> IND791111AAC,Tezpur_Mhbhirab_D (Assam),Itanagar_WageDPP_D (Arunachal Pradesh),Assam,Arunachal Pradesh,2.395,285.0,119.0,167.874,3,1.0,496.0,2.395,,,,2.395,
IND572101AAA -> IND561203AAB,Tumkur_Veersagr_I (Karnataka),Doddablpur_ChikaDPP_D (Karnataka),Karnataka,Karnataka,1.951,80.0,42.0,56.971,12,1.0,496.0,,1.951,,,1.951,2.009
IND507123AAA -> IND506314AAA,Yellandu_Sudimala_D (Telangana),Rayaparthi_Perkadrd_D (Telangana),Telangana,Telangana,1.424,153.5,108.5,130.594,12,0.917,495.0,1.424,,,,,1.424
IND362001AAA -> IND362220AAA,Junagadh_DPC (Gujarat),Junagadh_keshod_DC (Gujarat),Gujarat,Gujarat,2.129,51.5,24.0,35.029,14,1.0,495.0,,2.129,4.208,,,2.125
IND504208AAB -> IND505001AAB,Mancherial_Hitech_D (Telangana),Karimnagar_KamnHbRD_I (Telangana),Telangana,Telangana,2.022,125.5,61.5,85.642,6,1.0,491.0,2.022,,2.385,,,2.022
IND203135AAA -> IND203396AAB,Jewar_SJRoad_D (Uttar Pradesh),Pahasu_Kanongyn_D (Uttar Pradesh),Uttar Pradesh,Uttar Pradesh,1.552,89.5,57.5,55.836,12,1.0,490.0,1.552,,,,,1.552
IND508213AAB -> IND508001AAA,Suryapet_Krishna_D (Telangana),Nalgonda_HydRoad_DC (Telangana),Telangana,Telangana,1.844,71.0,37.0,51.312,14,1.0,490.0,1.844,,,,,1.844
IND362150AAA -> IND362001AAA,Talala_SsnRdDPP_D (Gujarat),Junagadh_DPC (Gujarat),Gujarat,Gujarat,1.627,109.0,67.0,67.709,11,1.0,490.0,,1.627,1.627,,,
IND302014AAA -> IND303702AAB,Jaipur_Hub (Rajasthan),Chomu_ShsmlDPP_D (Rajasthan),Rajasthan,Rajasthan,2.211,84.0,38.0,51.705,9,1.0,489.0,2.211,,,2.211,,
IND000000ACB -> IND110043AAC,Gurgaon_Bilaspur_HB (Haryana),Delhi_Nangli_L (Delhi),Haryana,Delhi,1.945,107.0,55.0,52.015,9,1.0,489.0,,1.945,,2.664,1.786,
IND362720AAA -> IND362560AAA,Kodinar_NCplxDPP_D (Gujarat),Una_Mamlatdr_DC (Gujarat),Gujarat,Gujarat,2.0,54.0,28.0,39.106,17,1.0,489.0,,2.0,2.071,,,1.852
IND814101AAB -> IND816107AAA,Dumka_Dudhani_D (Jharkhand),Pakur_Hatpada_D (Jharkhand),Jharkhand,Jharkhand,1.523,131.0,86.0,88.89,11,1.0,488.0,1.523,,,,,1.523
IND250002AAA -> IND131028AAB,Meerut (Uttar Pradesh),Sonipat_Kundli_H (Haryana),Uttar Pradesh,Haryana,2.0,132.0,67.0,81.008,5,1.0,486.0,2.0,,2.456,1.985,,
IND563131AAA -> IND563125AAB,Mulbagal_Sunku_D (Karnataka),Chintamani_Central_D_2 (Karnataka),Karnataka,Karnataka,1.816,79.0,43.0,51.477,14,1.0,486.0,,1.816,,,,1.816
IND560078AAC -> IND562132AAA,BLR_JPNagar_Pc (Karnataka),Bangalore_Nelmngla_H (Karnataka),Karnataka,Karnataka,1.512,63.5,42.0,34.673,16,0.938,485.0,,1.512,1.591,1.256,,1.66
IND122001AAA -> IND000000ACB,GGN_DPC (Haryana),Gurgaon_Bilaspur_HB (Haryana),Haryana,Haryana,1.724,61.5,34.0,35.732,20,0.95,485.0,,1.724,,,1.724,
IND131028AAB -> IND124507AAA,Sonipat_Kundli_H (Haryana),Bahadurgarh_DC (Haryana),Haryana,Haryana,1.94,83.0,42.0,36.719,10,1.0,485.0,1.94,,,,1.94,
IND521165AAA -> IND521225AAB,Vuyyuru_BhogdDPP_D (Andhra Pradesh),Vijayawada_Rynapadu_H (Andhra Pradesh),Andhra Pradesh,Andhra Pradesh,8.615,224.0,26.0,34.361,3,1.0,485.0,8.615,,,,,8.615
IND363421AAB -> IND364710AAA,Limbdi_Busstand_D (Gujarat),Botad_DC (Gujarat),Gujarat,Gujarat,1.897,74.0,38.0,54.458,13,1.0,484.0,1.897,,,,,1.897
IND431203AAA -> IND431112AAB,Jalna_BhgyaNgr_D (Maharashtra),Sillod_ZebaTWR_D (Maharashtra),Maharashtra,Maharashtra,1.98,96.0,48.0,66.995,10,1.0,483.0,,1.98,,,,1.98
IND574104AAA -> IND574216AAA,Karkala_MarketRd_D (Karnataka),Dhrmsthala_Beltngdi_D (Karnataka),Karnataka,Karnataka,1.957,90.0,46.0,53.909,11,1.0,482.0,1.909,1.967,,,,1.957
IND500039AAC -> IND508116AAA,Hyderabad_Uppal_I (Telangana),Bhuvanagiri_HBColny_D (Telangana),Telangana,Telangana,2.321,65.0,28.0,36.897,13,1.0,482.0,2.321,,,,,2.321
IND303503AAA -> IND302014AAB,Lalsot_NWclyDPP_D (Rajasthan),Jaipur_Central_I_7 (Rajasthan),Rajasthan,Rajasthan,1.727,100.0,58.0,80.159,11,1.0,481.0,,1.727,1.726,,,1.814
IND136128AAA -> IND136027AAA,Pehowa_WdN14DPP_D (Haryana),Kaithal_DC (Haryana),Haryana,Haryana,2.095,42.0,20.0,28.82,22,1.0,480.0,2.095,,,,,2.095
IND465001AAA -> IND462022AAA,Shajapur_MhpraRD_D (Madhya Pradesh),Bhopal_Trnsport_H (Madhya Pradesh),Madhya Pradesh,Madhya Pradesh,1.646,285.5,173.5,213.955,4,1.0,479.0,1.646,,,1.646,,
IND503122AAA -> IND502110AAA,Yellareddy_JKRoad_D (Telangana),Medak_Dwaraka_D (Telangana),Telangana,Telangana,1.553,58.0,37.0,40.466,19,1.0,479.0,1.553,,1.553,,,1.516
IND282001AAF -> IND283122AAB,Agra_Central_D_3 (Uttar Pradesh),Kirauli_AchneraRD_D (Uttar Pradesh),Uttar Pradesh,Uttar Pradesh,2.244,41.5,18.0,24.003,18,1.0,479.0,2.167,2.579,,,,2.244
IND470117AAA -> IND470227AAB,Khurai_Talaiya_D (Madhya Pradesh),Rehli_Ward7DPP_D (Madhya Pradesh),Madhya Pradesh,Madhya Pradesh,1.753,166.5,95.0,122.678,6,1.0,478.0,1.753,,1.716,,,1.789
IND403726AAA -> IND416510AAA,Goa_Hub (Goa),Sawantwadi_LaxmiNgr_D (Maharashtra),Goa,Maharashtra,2.414,194.0,83.5,87.151,4,1.0,478.0,2.414,,,,2.0,2.651
IND302014AAB -> IND303901AAA,Jaipur_Central_I_7 (Rajasthan),Chaksu_TonkRoad_D (Rajasthan),Rajasthan,Rajasthan,3.118,55.0,20.0,24.448,10,1.0,475.0,,3.118,,,3.118,
IND302006AAA -> IND302014AAB,Jaipur (Rajasthan),Jaipur_Central_I_7 (Rajasthan),Rajasthan,Rajasthan,3.733,54.0,12.0,13.765,13,1.0,475.0,,3.733,,,,3.733
IND500039AAD -> IND501359AAE,Hyderabad_Uppal_L (Telangana),Hyderabad_Shamshbd_H (Telangana),Telangana,Telangana,2.717,84.0,31.0,36.64,8,1.0,475.0,,2.717,4.074,2.686,1.968,2.656
IND110092AAC -> IND000000ACB,Delhi_Patparganj_DPC (Delhi),Gurgaon_Bilaspur_HB (Haryana),Delhi,Haryana,2.196,144.0,68.0,69.179,6,1.0,474.0,,2.196,2.633,,1.941,2.098
IND606105AAA -> IND606201AAC,Pennadam_EastmnRD_D (Tamil Nadu),Chinnasalem_VkotRoad_D (Tamil Nadu),Tamil Nadu,Tamil Nadu,1.609,89.0,54.0,73.104,14,1.0,474.0,,1.609,1.609,,,
IND533106AAA -> IND533262AAA,Rajamundry_AtoNgrRd_I (Andhra Pradesh),Draksharamam_Anaipeta_D (Andhra Pradesh),Andhra Pradesh,Andhra Pradesh,2.676,127.0,46.5,53.219,6,1.0,473.0,2.676,,,,2.676,
IND140001AAA -> IND140118AAA,RoopNagar_ChotiHvl_DC (Punjab),AnandprShb_PnjPiara_D (Punjab),Punjab,Punjab,1.758,58.0,33.0,39.906,19,1.0,473.0,1.758,,1.97,,,1.754
IND732103AAB -> IND732202AAA,Malda_Central_I_3 (West Bengal),Manikchak_Enayetpr_D (West Bengal),West Bengal,West Bengal,4.111,75.0,18.0,23.783,8,1.0,472.0,,4.111,,,4.111,3.778
IND742121AAB -> IND742121AAA,Nowda_ArhamDPP_D (West Bengal),Nowda_AmtlaDPP_D (West Bengal),West Bengal,West Bengal,3.154,42.0,13.0,14.442,16,1.0,472.0,,3.154,,,,3.154
IND462022AAA -> IND461001AAA,Bhopal_Trnsport_H (Madhya Pradesh),Hoshangabad_MnRDDPP_D (Madhya Pradesh),Madhya Pradesh,Madhya Pradesh,2.5,130.0,51.0,72.553,5,1.0,470.0,2.5,,2.49,,,2.877
IND303303AAA -> IND322230AAA,Dausa_IndraCln_D (Rajasthan),Hindaun_MndwrRod_D (Rajasthan),Rajasthan,Rajasthan,1.344,103.5,77.0,96.971,16,0.812,470.0,,1.344,,,,1.344
IND388620AAB -> IND388320AAA,Khambhat_MotvdDPP_D (Gujarat),Anand_Vaghasi_IP (Gujarat),Gujarat,Gujarat,1.804,80.0,46.0,54.481,13,1.0,469.0,,1.804,1.609,,,1.805
IND562132AAA -> IND570020AAA,Bangalore_Nelmngla_H (Karnataka),Mysore_Yadvgiri_IP (Karnataka),Karnataka,Karnataka,1.338,204.0,152.0,181.523,9,1.0,469.0,1.338,,,1.305,1.447,
IND396321AAA -> IND396580AAB,Bilimora_DC (Gujarat),Vansda_CikhliRD_D (Gujarat),Gujarat,Gujarat,1.867,58.0,32.0,42.902,17,1.0,469.0,,1.867,,,,1.867
IND431708AAA -> IND431514AAA,Loha_SivjiCWK_D (Maharashtra),Gangakher_Busstand_D (Maharashtra),Maharashtra,Maharashtra,2.069,59.0,29.0,41.423,16,1.0,469.0,2.069,,,,,2.069
IND603203AAA -> IND600044AAD,Chennai_Potheri (Tamil Nadu),Chennai_Chrompet_DPC (Tamil Nadu),Tamil Nadu,Tamil Nadu,3.357,47.0,14.0,17.382,13,1.0,468.0,,3.357,3.429,3.067,,3.756
IND123401AAB -> IND123106AAB,Rewari_YuktiDPP_D (Haryana),Dharuhera_Central_DPP_2 (Haryana),Haryana,Haryana,1.96,98.0,50.0,53.468,10,1.0,467.0,1.96,,,,,1.96
IND515591AAA -> IND516269AAA,Kadiri_GVManu_D (Andhra Pradesh),Rayachoti_Madnpali_D (Andhra Pradesh),Andhra Pradesh,Andhra Pradesh,1.677,109.0,65.0,71.295,10,1.0,466.0,1.677,,,,,1.677
IND521301AAA -> IND521001AAA,Gudivada_GvrCompx_D (Andhra Pradesh),Machilipatnam_DC (Andhra Pradesh),Andhra Pradesh,Andhra Pradesh,1.846,47.0,25.0,36.296,19,1.0,465.0,1.846,,,,1.92,1.824
IND673573AAA -> IND673592AAA,Thamarassery_Chungam_D (Kerala),SultnBthry_Kollgpra_D (Kerala),Kerala,Kerala,1.602,97.5,62.0,59.904,12,1.0,464.0,1.602,,,,,1.602
IND421301AAA -> IND421302AAR,Mumbai_Kalyan West _Dc (Maharashtra),Mumbai_East_I_21 (Maharashtra),Maharashtra,Maharashtra,3.75,37.0,10.0,12.502,15,1.0,463.0,,3.75,,,,3.75
IND713205AAB -> IND722101AAC,Durgapur_Central_I_1 (West Bengal),Bankura_BhowmDPP_D (West Bengal),West Bengal,West Bengal,2.608,133.0,51.0,53.25,5,1.0,463.0,,2.608,,,1.612,2.775
IND000000ACB -> IND201301AAF,Gurgaon_Bilaspur_HB (Haryana),Noida_Sec 02_DPC (Uttar Pradesh),Haryana,Uttar Pradesh,1.425,114.0,78.0,75.29,9,0.889,462.0,,1.425,,1.673,1.205,1.978
IND560043AAC -> IND560064AAA,HBR Layout PC (Karnataka),Bengaluru_NwYlhnka_DC (Karnataka),Karnataka,Karnataka,1.529,28.0,18.0,13.514,39,1.0,461.0,,1.529,1.778,,1.474,1.412
IND631501AAA -> IND631003AAA,Kanchipuram_DC (Tamil Nadu),Arakkonam_HousngBd_D (Tamil Nadu),Tamil Nadu,Tamil Nadu,2.712,70.5,26.0,28.609,10,1.0,461.0,,2.712,,,,2.712
IND712311AAA -> IND743235AAA,Kolkata_Dankuni_HB (West Bengal),Bongaon_SukntDPP_D (West Bengal),West Bengal,West Bengal,2.586,150.0,57.0,79.817,5,1.0,461.0,2.586,,,,2.586,
IND148028AAA -> IND147001AAB,Sunam_DC (Punjab),Patiala (Punjab),Punjab,Punjab,1.811,96.0,53.0,65.093,10,1.0,460.0,1.811,,,,,1.811
IND131028AAB -> IND201204AAA,Sonipat_Kundli_H (Haryana),Modinagar_SikriKla_DC (Uttar Pradesh),Haryana,Uttar Pradesh,2.0,98.0,47.0,63.059,9,1.0,459.0,2.0,,,,2.0,
IND249201AAA -> IND246174AAA,Rishikesh_DC (Uttarakhand),SrinagarUK_Srikot_D (Uttarakhand),Uttarakhand,Uttarakhand,1.688,276.0,163.0,110.668,4,1.0,458.0,1.688,,,,,1.688
IND723130AAA -> IND723101AAA,Hura_Central_D_1 (West Bengal),Purulia_GariDPP_D (West Bengal),West Bengal,West Bengal,2.048,43.0,21.0,30.532,15,1.0,458.0,2.048,,2.619,,,1.714
IND852131AAA -> IND852201AAA,Supaul_SadrHsptl_D (Bihar),Saharsa_Gangjala_D (Bihar),Bihar,Bihar,2.818,93.0,33.0,36.029,8,1.0,456.0,2.818,,,,,2.818
IND586128AAA -> IND586211AAA,Sindagi_KalyanNg_D (Karnataka),Indi_SindgiRD_D (Karnataka),Karnataka,Karnataka,1.638,77.0,47.0,48.095,15,1.0,456.0,,1.638,,,,1.638
IND507159AAA -> IND507002AAA,Kusumnchi_SKRoad_D (Telangana),Khammam_NSTRoad_I (Telangana),Telangana,Telangana,2.087,36.5,17.5,24.735,8,1.0,456.0,2.087,,2.062,,,2.111
IND688524AAA -> IND683511AAA,Cherthala_Mulapali_D (Kerala),Aluva_Peedika_H (Kerala),Kerala,Kerala,2.269,118.0,51.0,54.216,7,1.0,455.0,2.269,,,,,2.269
IND473001AAA -> IND473331AAA,Guna_HnumnDPP_D (Madhya Pradesh),Ashokngr_Bypassrd_D (Madhya Pradesh),Madhya Pradesh,Madhya Pradesh,2.026,77.0,39.0,42.988,11,1.0,454.0,2.026,,1.91,2.026,,
IND486889AAA -> IND231216AAA,Singrauli_Ward8DPP_D (Madhya Pradesh),Robertsganj_ArtoDPP_D (Uttar Pradesh),Madhya Pradesh,Uttar Pradesh,2.593,236.0,91.0,110.387,3,1.0,452.0,2.593,,,,,2.593
IND641062AAD -> IND638401AAA,Coimbatore_Karayam_H (Tamil Nadu),Sathyamangalam_Mlydpthr_D (Tamil Nadu),Tamil Nadu,Tamil Nadu,1.811,77.0,43.0,53.812,12,1.0,452.0,,1.811,,,1.811,
IND600076AAB -> IND600032AAB,Chennai_Madhavaram_DPC (Tamil Nadu),Chennai_Hub (Tamil Nadu),Tamil Nadu,Tamil Nadu,2.541,46.5,18.0,19.415,16,1.0,452.0,,2.541,2.611,2.458,1.533,
IND637211AAA -> IND636402AAA,Tirchngode_Mhdhvpur_D (Tamil Nadu),Mettur_RTOroad_D (Tamil Nadu),Tamil Nadu,Tamil Nadu,1.451,89.0,61.0,65.279,16,1.0,451.0,,1.451,1.459,1.363,,
IND757041AAA -> IND756019AAA,Udala_NagplDPP_D (Orissa),Balasore_Ganeshwr_D (Orissa),Orissa,Orissa,1.596,79.0,49.5,44.659,4,1.0,451.0,1.596,,,,1.6,1.592
IND563125AAB -> IND560300AAA,Chintamani_Central_D_2 (Karnataka),Bengaluru_KGAirprt_HB (Karnataka),Karnataka,Karnataka,3.849,204.0,53.0,59.112,3,1.0,450.0,,3.849,,,,3.849
IND501359AAE -> IND501141AAA,Hyderabad_Shamshbd_H (Telangana),Tandur_SnthiNGR_D (Telangana),Telangana,Telangana,1.6,152.0,94.0,109.351,8,1.0,450.0,,1.6,,,1.6,
IND400701AAA -> IND410206AAA,Mumbai_Ghansoli_DC (Maharashtra),Jasai_JNPT_D (Maharashtra),Maharashtra,Maharashtra,2.235,42.0,20.0,23.441,17,1.0,450.0,,2.235,2.825,,,2.167
IND110044AAB -> IND201007AAA,Del_Okhla_PC (Delhi),GZB_Mohan_Nagar_DPC (Uttar Pradesh),Delhi,Uttar Pradesh,2.522,58.0,23.0,19.787,11,1.0,450.0,,2.522,,2.826,2.348,
IND530012AAC -> IND533106AAA,Vizag_Gajuwaka_L (Andhra Pradesh),Rajamundry_AtoNgrRd_I (Andhra Pradesh),Andhra Pradesh,Andhra Pradesh,1.807,243.0,133.5,181.894,4,1.0,450.0,1.807,,,,1.798,1.894
IND848210AAA -> IND851127AAA,Rusera_Wardno4_D (Bihar),Manjhaul_Purbari_D (Bihar),Bihar,Bihar,1.846,49.0,26.0,29.017,17,0.941,448.0,1.846,,,,,1.846
IND532222AAA -> IND761200AAA,Palasa_Central_DPP_1 (Andhra Pradesh),Paralakhemundi_Ward14_D (Orissa),Andhra Pradesh,Orissa,1.506,119.0,80.0,70.79,11,0.727,448.0,1.506,,1.589,,,1.074
IND583101AAA -> IND577535AAC,Bellary_Dc (Karnataka),Molakalmuru_KnsgraRD_D (Karnataka),Karnataka,Karnataka,1.837,79.0,43.0,59.75,10,1.0,447.0,1.837,,,,1.953,1.814
IND141003AAB -> IND142026AAA,Ludhiana_GillChwk_DC (Punjab),Jagraon_DC (Punjab),Punjab,Punjab,1.677,56.0,31.0,40.716,21,1.0,447.0,1.677,,,,,1.677
IND211002AAB -> IND211013AAA,Allahabad_Central_H_1 (Uttar Pradesh),Allahabad_Phaphamu_DC (Uttar Pradesh),Uttar Pradesh,Uttar Pradesh,5.071,74.0,15.0,20.576,7,1.0,446.0,,5.071,,,,5.071
IND607801AAA -> IND606003AAA,Neyveli_NJVNgr_D (Tamil Nadu),Virudhchlm_SelamRd_D (Tamil Nadu),Tamil Nadu,Tamil Nadu,2.13,50.0,23.0,32.399,15,0.933,446.0,,2.13,,,,2.13
IND632006AAA -> IND632301AAA,Vellore_GndhiNgr_IP (Tamil Nadu),Arani_KrthiKyn_D (Tamil Nadu),Tamil Nadu,Tamil Nadu,1.935,61.0,32.0,39.947,14,1.0,444.0,1.935,,,1.935,1.781,
IND600044AAD -> IND600048AAA,Chennai_Chrompet_DPC (Tamil Nadu),Chennai_Vandalur_Dc (Tamil Nadu),Tamil Nadu,Tamil Nadu,4.133,45.0,11.0,12.688,14,0.929,443.0,,4.133,4.392,,1.8,1.846
IND781001AAA -> IND781018AAB,Guwahati_UzanBazr_DC (Assam),Guwahati_Hub (Assam),Assam,Assam,2.42,88.5,37.0,28.43,10,0.8,443.0,,2.42,1.211,,,2.947
IND123001AAA -> IND123401AAB,Narnaul_DC (Haryana),Rewari_YuktiDPP_D (Haryana),Haryana,Haryana,1.912,65.0,34.0,44.169,13,1.0,442.0,1.912,,,,,1.912
IND121001AAA -> IND121004AAB,Faridabad (Haryana),FBD_Balabhgarh_DPC (Haryana),Haryana,Haryana,1.9,21.0,11.0,12.039,27,0.963,441.0,,1.9,1.9,,,1.909
IND583227AAA -> IND583231AAA,Gangavathi_PhrmPlza_D (Karnataka),Koppal_Banikatt_D (Karnataka),Karnataka,Karnataka,1.667,65.0,39.0,44.978,15,1.0,441.0,,1.667,1.744,,,1.667
IND305624AAA -> IND305404AAA,Bijainagar_Central_DPP_1 (Rajasthan),Kekri_LxmntDPP_D (Rajasthan),Rajasthan,Rajasthan,1.692,126.0,74.0,88.448,8,1.0,440.0,1.692,,1.692,,,
IND000000ACB -> IND201007AAA,Gurgaon_Bilaspur_HB (Haryana),GZB_Mohan_Nagar_DPC (Uttar Pradesh),Haryana,Uttar Pradesh,1.597,123.0,77.0,72.811,9,0.778,440.0,,1.597,,1.715,1.156,1.722
IND370001AAA -> IND370110AAA,Bhuj_DC (Gujarat),Anjar_DC (Gujarat),Gujarat,Gujarat,5.839,181.0,30.0,41.593,3,1.0,439.0,5.839,,,5.839,,
IND471001AAA -> IND472001AAA,Chhatarpur_Busstand_D (Madhya Pradesh),Tikamgarh_MndiRoad_D (Madhya Pradesh),Madhya Pradesh,Madhya Pradesh,1.62,130.0,81.0,97.165,9,1.0,438.0,1.62,,1.928,,,1.605
IND134102AAA -> IND174103AAA,Kalka_Pinjore_DC (Haryana),Baddi_ByePass_D (Himachal Pradesh),Haryana,Himachal Pradesh,2.75,38.5,14.0,19.854,16,1.0,437.0,2.75,,3.14,,,2.75
IND395023AAD -> IND395004AAB,Surat_Central_I_4 (Gujarat),Surat_Central_D_3 (Gujarat),Gujarat,Gujarat,2.429,38.0,15.0,15.792,17,1.0,436.0,,2.429,,,,2.429
IND507111AAA -> IND507117AAB,Bhadrachalam_ITDARd_D (Telangana),Manuguru_AskNagar_D (Telangana),Telangana,Telangana,1.688,54.0,31.0,36.331,19,1.0,435.0,1.688,,1.452,,,1.715
IND501359AAE -> IND509358AAA,Hyderabad_Shamshbd_H (Telangana),Kadthal_GndhiDPP_D (Telangana),Telangana,Telangana,1.556,42.0,27.0,36.834,17,1.0,435.0,1.556,,,,1.556,
IND312403AAA -> IND312001AAA,BariSadri_BhmprDPP_D (Rajasthan),Chittaurgarh_DC (Rajasthan),Rajasthan,Rajasthan,1.423,111.0,76.0,85.631,9,1.0,435.0,1.423,,1.737,,,1.413
IND124103AAA -> IND127021AAA,Jhajjar_DC (Haryana),Bhiwani_DC (Haryana),Haryana,Haryana,1.885,98.0,52.0,74.304,9,1.0,434.0,1.885,,,,1.885,
IND505001AAB -> IND504208AAB,Karimnagar_KamnHbRD_I (Telangana),Mancherial_Hitech_D (Telangana),Telangana,Telangana,1.508,93.0,61.0,84.436,11,1.0,434.0,1.508,,,,1.721,1.483
IND600056AAB -> IND605601AAA,MAA_Poonamallee_HB (Tamil Nadu),Villupuram_Thirumtr_IP (Tamil Nadu),Tamil Nadu,Tamil Nadu,1.346,181.0,135.0,152.964,6,1.0,433.0,1.346,,,,1.346,
IND322241AAA -> IND322201AAA,Karauli_HnsChowk_D (Rajasthan),Gangapur_Ward6DPP_D (Rajasthan),Rajasthan,Rajasthan,2.348,54.0,23.0,32.305,15,1.0,432.0,,2.348,,,,2.348
IND424006AAA -> IND424101AAA,Dhule_MIDCAvdn_I (Maharashtra),Chalisgaon_BhadgDPP_D (Maharashtra),Maharashtra,Maharashtra,1.964,81.5,41.0,57.651,8,1.0,431.0,,1.964,,,2.451,1.964
IND431127AAA -> IND414502AAA,Georai_Bazarrd_D (Maharashtra),Shevgaon_VidyaNgr_D (Maharashtra),Maharashtra,Maharashtra,2.107,118.0,56.0,62.288,7,1.0,430.0,2.107,,,,,2.107
IND206122AAA -> IND206001AAA,Auraiya_AryaNagr_D (Uttar Pradesh),Etawah_MhraChng_D (Uttar Pradesh),Uttar Pradesh,Uttar Pradesh,1.489,72.0,47.0,66.914,19,0.842,430.0,1.489,,,,,1.489
IND431515AAA -> IND431517AAB,Parli_JirgeNgr_D (Maharashtra),Ambajogai_BnsllNgr_D (Maharashtra),Maharashtra,Maharashtra,2.933,44.0,15.0,21.56,14,1.0,429.0,2.933,,2.533,,,2.933
IND583201AAA -> IND583119AAA,Hospet (Karnataka),Sandur_WrdN1DPP_D (Karnataka),Karnataka,Karnataka,2.333,63.0,27.0,29.071,9,1.0,428.0,2.333,,,,,2.333
IND416510AAA -> IND416602AAC,Sawantwadi_LaxmiNgr_D (Maharashtra),Kankavali_NrdawDPP_D (Maharashtra),Maharashtra,Maharashtra,2.662,106.5,40.0,53.029,6,1.0,423.0,2.662,,2.538,,,2.978
IND400016AAB -> IND400072AAD,Mumbai_MhimWest_C (Maharashtra),Mumbai_Chndivli_PC (Maharashtra),Maharashtra,Maharashtra,2.917,35.0,13.0,14.78,15,1.0,422.0,,2.917,,2.923,2.054,
IND581115AAC -> IND581110AAE,Ranebennur_SriRmNGR_D (Karnataka),Haveri_GuttalRD_D (Karnataka),Karnataka,Karnataka,1.731,44.0,25.0,33.677,20,1.0,422.0,,1.731,2.625,2.0,1.76,1.731
IND181152AAB -> IND181201AAB,Jammu_Central_I_1 (Jammu & Kashmir),Akhnoor_ThthiCwk_D (Jammu & Kashmir),Jammu & Kashmir,Jammu & Kashmir,3.217,74.0,23.0,32.103,7,1.0,421.0,,3.217,,,,3.217
IND532201AAA -> IND532222AAA,Tekkali_AmvdiDPP_D (Andhra Pradesh),Palasa_Central_DPP_1 (Andhra Pradesh),Andhra Pradesh,Andhra Pradesh,1.72,42.0,24.0,27.59,20,1.0,421.0,1.72,,1.667,,,1.72
IND680587AAA -> IND68004AAA,Pazhayannur_AlathurRD_D (Kerala),Thrissur_Poothole_D (Kerala),Kerala,Kerala,1.865,75.5,43.0,42.496,10,1.0,421.0,,1.865,,,,1.865
IND533201AAA -> IND533262AAA,Amalapuram_Vijdurg_D (Andhra Pradesh),Draksharamam_Anaipeta_D (Andhra Pradesh),Andhra Pradesh,Andhra Pradesh,1.974,75.0,39.0,46.47,9,1.0,420.0,1.974,,,,,1.974
IND845412AAB -> IND845401AAA,Chakia_Wardno10_D (Bihar),Motihari_RajaBzr_D (Bihar),Bihar,Bihar,1.852,56.0,27.0,36.541,15,0.867,420.0,1.852,,,,1.811,2.038
IND000000AFT -> IND410210AAA,Mumbai_Sanpada_I (Maharashtra),Mumbai_Kharghar_D (Maharashtra),Maharashtra,Maharashtra,2.875,46.0,16.0,17.622,13,1.0,419.0,,2.875,,,3.665,2.263
IND505467AAA -> IND505122AAA,Husnabad_Greenmkt_D (Telangana),Jammikunta_ConduDPP_D (Telangana),Telangana,Telangana,1.733,78.0,46.0,51.057,13,1.0,418.0,1.733,,,,,1.733
IND000000ACB -> IND110024AAA,Gurgaon_Bilaspur_HB (Haryana),Delhi_Lajpat_IP (Delhi),Haryana,Delhi,2.077,138.0,66.5,59.612,6,1.0,418.0,,2.077,,2.077,,
IND562114AAA -> IND560048AAB,Hoskote_DC (Karnataka),Bengaluru_Hoodi_IP (Karnataka),Karnataka,Karnataka,3.357,49.0,14.0,16.851,9,1.0,416.0,,3.357,3.0,,,7.175
IND425409AAA -> IND425406AAA,Shahada_Nandrbar_D (Maharashtra),Shindkheda_KakaCplx_D (Maharashtra),Maharashtra,Maharashtra,2.278,78.0,36.0,50.214,9,1.0,416.0,2.278,,,,,2.278
IND226004AAA -> IND226016AAA,Lucknow_Hub (Uttar Pradesh),Lucknow_Indira Nagar (Uttar Pradesh),Uttar Pradesh,Uttar Pradesh,4.208,91.0,20.0,20.308,6,1.0,416.0,,4.208,,,,4.208
IND209304AAA -> IND208006AAA,Kanpur_Central_H_6 (Uttar Pradesh),Kanpur_GovndNgr_DC (Uttar Pradesh),Uttar Pradesh,Uttar Pradesh,1.51,69.5,25.0,30.671,14,0.714,414.0,,1.51,,,2.23,1.48
IND140301AAA -> IND140001AAA,Chandigarh_Kharar_DC (Chandigarh),RoopNagar_ChotiHvl_DC (Punjab),Chandigarh,Punjab,1.667,40.0,24.0,26.495,21,1.0,414.0,1.667,,,,,1.667
IND131021AAA -> IND131028AAA,Sonipat_AmzonDev_V (Haryana),Sonipat_Kundli_P (Haryana),Haryana,Haryana,1.625,16.0,11.0,13.074,58,0.862,414.0,,1.625,1.667,1.542,1.8,
IND521185AAA -> IND521225AAB,Nandigama_Chndrlpd_D (Andhra Pradesh),Vijayawada_Rynapadu_H (Andhra Pradesh),Andhra Pradesh,Andhra Pradesh,2.178,98.0,44.0,58.729,7,1.0,413.0,,2.178,,,,2.178
IND670643AAA -> IND673632AAA,Kuthuparamba_IdstrlAr_D (Kerala),Kozhikode_Central_H_4 (Kerala),Kerala,Kerala,1.879,171.0,91.0,93.509,5,1.0,413.0,,1.879,,,,1.879
IND110037AAM -> IND201001AAC,Delhi_Airport_H (Delhi),Ghaziabad_Central_L_8 (Uttar Pradesh),Delhi,Uttar Pradesh,2.061,101.0,49.0,42.266,8,0.875,412.0,,2.061,,,1.776,2.429
IND141109AAA -> IND000000ACA,Raikot_DC (Punjab),Ludhiana_MilrGanj_HB (Punjab),Punjab,Punjab,1.292,73.0,56.5,59.773,18,0.556,411.0,1.292,,,,,1.292
IND731224AAA -> IND742147AAA,Rampurhat_SrifoDPP_D (West Bengal),Khargram_BoiDPP_D (West Bengal),West Bengal,West Bengal,2.25,68.0,31.0,29.117,11,1.0,411.0,,2.25,,,2.438,2.222
IND416012AAA -> IND591237AAB,Kolhapur_Shivaji_I (Maharashtra),Nipani_AkkolRD_D (Karnataka),Maharashtra,Karnataka,2.301,72.0,31.5,40.437,10,1.0,411.0,2.301,,,2.25,2.353,
IND176201AAA -> IND176303AAA,Jassur_AadiDPP_D (Himachal Pradesh),Dalhousie_Banikhet_D (Himachal Pradesh),Himachal Pradesh,Himachal Pradesh,1.603,117.0,74.0,65.268,9,1.0,410.0,1.603,,1.603,,,
IND501359AAE -> IND508252AAB,Hyderabad_Shamshbd_H (Telangana),Choutuppal_Nagaram_D (Telangana),Telangana,Telangana,2.043,94.0,46.0,66.452,7,1.0,410.0,2.043,,,,,2.043
IND635802AAB -> IND635601AAB,Ambur_Central_D_2 (Tamil Nadu),Tiruppattur_KoilStrt_D (Tamil Nadu),Tamil Nadu,Tamil Nadu,1.911,69.5,41.0,49.87,10,1.0,410.0,,1.911,,,,1.911
IND384355AAB -> IND385001AAA,Vadnagar_BsstdDPP_D (Gujarat),Palanpur_DC (Gujarat),Gujarat,Gujarat,1.496,95.5,65.0,70.455,12,1.0,410.0,1.496,,,,,1.496
IND848114AAA -> IND848210AAA,DalsinghSarai_Wardno13_D (Bihar),Rusera_Wardno4_D (Bihar),Bihar,Bihar,1.72,41.0,24.0,23.528,21,1.0,408.0,1.72,,,,,1.72
IND630561AAA -> IND623407AAA,Sivaganga_Wardno3_D (Tamil Nadu),Thiruvadanai_RamnadRD_D (Tamil Nadu),Tamil Nadu,Tamil Nadu,1.781,57.0,32.0,46.702,15,1.0,407.0,,1.781,,,1.781,1.712
IND246174AAA -> IND246444AAB,SrinagarUK_Srikot_D (Uttarakhand),Karnaprayag_Umalodge_D (Uttarakhand),Uttarakhand,Uttarakhand,1.208,113.0,92.5,62.11,16,0.5,406.0,1.208,,1.208,1.257,,
IND403507AAA -> IND403726AAB,Panaji Goa (Goa),Goa_ZuariNgr_IP (Goa),Goa,Goa,1.613,50.0,31.0,26.31,3,1.0,405.0,,1.613,,,,1.613
IND533308AAB -> IND533003AAA,Mandapeta_Mainrd_D (Andhra Pradesh),Kakinada_DC (Andhra Pradesh),Andhra Pradesh,Andhra Pradesh,1.61,66.0,41.0,43.553,15,1.0,404.0,1.61,,,,1.61,1.7
IND431514AAA -> IND431515AAA,Gangakher_Busstand_D (Maharashtra),Parli_JirgeNgr_D (Maharashtra),Maharashtra,Maharashtra,2.047,43.5,21.0,30.589,16,1.0,404.0,2.047,,,,,2.047
IND306401AAB -> IND343001AAA,Pali_Nayagaon_I (Rajasthan),Jalore_RoopNgr_D (Rajasthan),Rajasthan,Rajasthan,2.034,174.0,86.0,118.682,5,1.0,402.0,2.034,,,,2.041,1.678
IND712311AAA -> IND713103AAA,Kolkata_Dankuni_HB (West Bengal),Bardhaman_Bankura_D (West Bengal),West Bengal,West Bengal,2.163,126.5,59.0,82.564,6,1.0,400.0,2.163,,,2.129,2.297,
IND602001AAB -> IND609001AAA,Kumbakonam_Mettu_DC (Tamil Nadu),Mylduthuri_Thiruviz_D (Tamil Nadu),Tamil Nadu,Tamil Nadu,2.296,62.0,27.0,36.582,11,1.0,399.0,2.296,,,,,2.296
IND764001AAC -> IND764059AAA,Jeypore_Kelasahi_D (Orissa),Nabarangpr_PhdofDPP_D (Orissa),Orissa,Orissa,2.533,76.0,31.0,44.011,7,1.0,399.0,,2.533,2.718,3.625,,2.417
IND509103AAC -> IND518002AAA,,Kurnool_AbbasNgr_I (Andhra Pradesh),,Andhra Pradesh,2.017,119.5,59.0,77.458,6,1.0,399.0,2.017,,,,,2.017
IND284001AAA -> IND284403AAA,Jhansi_LVMColge_D (Uttar Pradesh),Lalitpur_RjghatRd_D (Uttar Pradesh),Uttar Pradesh,Uttar Pradesh,1.727,140.0,77.0,102.753,6,1.0,399.0,1.727,,,,,1.727
IND581402AAA -> IND577401AAA,Sirsi_Vidygiri_D (Karnataka),Sagara_Vardhard_D (Karnataka),Karnataka,Karnataka,1.625,114.0,72.0,76.626,9,1.0,399.0,1.625,,,,,1.625
IND842001AAA -> IND843109AAB,Muzaffrpur_Bbganj_I (Bihar),Kanti_Central_DPP_2 (Bihar),Bihar,Bihar,3.4,36.0,10.0,14.638,15,1.0,399.0,,3.4,,,3.7,2.971
IND515865AAB -> IND515761AAA,Rayadurgam_RailGate_D (Andhra Pradesh),Kalyandurg_Shankrpa_D (Andhra Pradesh),Andhra Pradesh,Andhra Pradesh,1.697,55.0,32.0,39.996,18,1.0,398.0,1.697,,,,,1.697
IND305001AAC -> IND305802AAA,Ajmer_FoySGRRD_I (Rajasthan),Kishangarh_Central_D_2 (Rajasthan),Rajasthan,Rajasthan,2.143,56.0,25.0,29.325,11,1.0,398.0,2.143,,,,2.143,
IND423601AAA -> IND423701AAB,Kopargaon_NkshtrPz_D (Maharashtra),Vaijiapur_YeolaRD_D (Maharashtra),Maharashtra,Maharashtra,2.208,53.0,24.0,32.798,12,1.0,397.0,,2.208,2.208,,,2.08
IND244713AAA -> IND263401AAA,Kashipur_Vaishali_D (Uttarakhand),Kashipur_BajprDPP_D (Uttarakhand),Uttarakhand,Uttarakhand,2.022,45.5,22.0,24.233,16,1.0,396.0,2.022,,,,,2.022
IND466001AAA -> IND466116AAA,Sehore_Mangalam_D (Madhya Pradesh),Ashta_ShantiNg_D (Madhya Pradesh),Madhya Pradesh,Madhya Pradesh,1.767,60.0,32.0,43.047,15,1.0,396.0,1.767,,1.767,,,
IND600116AAB -> IND602024AAA,Chennai_Porur_DPC (Tamil Nadu),Chennai_Vepmpttu_DC (Tamil Nadu),Tamil Nadu,Tamil Nadu,2.632,50.0,18.0,21.98,10,1.0,396.0,,2.632,3.524,,1.875,3.691
IND395004AAB -> IND395023AAD,Surat_Central_D_3 (Gujarat),Surat_Central_I_4 (Gujarat),Gujarat,Gujarat,6.765,115.0,17.0,17.341,4,1.0,396.0,,6.765,4.706,,,9.506
IND573116AAA -> IND571432AAB,Channaraya_patna_D (Karnataka),Nagamangala_MandyaRD_D (Karnataka),Karnataka,Karnataka,1.67,73.0,44.0,59.202,12,1.0,394.0,1.67,,,,1.636,1.933
IND384205AAA -> IND382715AAA,Mehsana_Panchot_IP (Gujarat),Kadi_KaranNGR_D (Gujarat),Gujarat,Gujarat,1.494,57.5,40.0,42.342,18,1.0,394.0,1.494,,,,1.5,1.425
IND560067AAC -> IND562114AAA,Bengaluru_Kadugodi_D (Karnataka),Hoskote_DC (Karnataka),Karnataka,Karnataka,2.778,26.5,10.0,12.649,20,1.0,393.0,,2.778,2.778,,,2.778
IND532421AAA -> IND532201AAA,Narasnpeta_HudcoDPP_D (Andhra Pradesh),Tekkali_AmvdiDPP_D (Andhra Pradesh),Andhra Pradesh,Andhra Pradesh,2.0,41.0,19.0,27.532,19,1.0,392.0,2.0,,2.517,,,2.0
IND305901AAA -> IND342602AAC,Beawar_DC (Rajasthan),Bilara_Central_DPP_2 (Rajasthan),Rajasthan,Rajasthan,1.869,98.0,54.0,75.73,6,1.0,392.0,1.869,,,,1.869,
IND263153AAB -> IND263139AAA,Rudrapur_UdhamNgr_H (Uttarakhand),Haldwani_PiliKoti_D (Uttarakhand),Uttarakhand,Uttarakhand,2.262,95.0,41.0,35.443,7,1.0,391.0,2.262,,,,2.274,1.39
IND783301AAA -> IND783348AAA,Dhubri_Tetultol_D (Assam),Bilasipara_Wardno5_D (Assam),Assam,Assam,1.909,63.0,33.0,43.213,11,1.0,389.0,1.909,,,,1.892,2.667
IND274001AAA -> IND274509AAB,Deoria_CCRoad_D (Uttar Pradesh),Salempur_Banjaria_D (Uttar Pradesh),Uttar Pradesh,Uttar Pradesh,1.875,46.0,25.0,29.36,13,1.0,387.0,1.875,,,,,1.875
IND508248AAB -> IND508377AAB,Devarakonda_DindiRD_D (Telangana),Haliya_PeroorRD_D (Telangana),Telangana,Telangana,1.765,58.0,34.0,48.531,15,1.0,387.0,1.765,,,,,1.765
IND560300AAA -> IND560085AAA,Bengaluru_KGAirprt_HB (Karnataka),Bengaluru_Banshkri_DC (Karnataka),Karnataka,Karnataka,1.413,53.0,38.0,36.191,18,0.944,386.0,,1.413,,,1.413,
IND605601AAA -> IND636102AAA,Villupuram_Thirumtr_IP (Tamil Nadu),Attur_KaaduRd_D (Tamil Nadu),Tamil Nadu,Tamil Nadu,1.665,149.0,89.5,121.382,6,1.0,386.0,1.665,,,,,1.665
IND570020AAA -> IND571301AAA,Mysore_Yadvgiri_IP (Karnataka),Nanjangud_RPRoad_D (Karnataka),Karnataka,Karnataka,2.95,62.0,25.0,28.246,9,1.0,385.0,2.95,,,,,2.95
IND424006AAA -> IND424304AAC,Dhule_MIDCAvdn_I (Maharashtra),Sakri_DhuleRoad_D (Maharashtra),Maharashtra,Maharashtra,2.062,83.5,40.5,54.482,8,1.0,385.0,2.062,,,,2.073,1.949
IND842003AAB -> IND487001AAB,Jabalpur_Adhartal_IP (Madhya Pradesh),Narsinghpur_KndliDPP_D (Madhya Pradesh),Madhya Pradesh,Madhya Pradesh,1.818,140.0,79.0,93.791,5,1.0,384.0,1.818,,,,1.818,
IND600056AAB -> IND631501AAA,MAA_Poonamallee_HB (Tamil Nadu),Kanchipuram_DC (Tamil Nadu),Tamil Nadu,Tamil Nadu,2.364,78.0,34.0,44.463,9,1.0,384.0,,2.364,,,2.409,1.941
IND535501AAB -> IND532440AAA,Parvathipuram_Central_D_2 (Andhra Pradesh),Palakonda_VadaiDPP_D (Andhra Pradesh),Andhra Pradesh,Andhra Pradesh,1.5,63.0,42.0,45.971,17,1.0,384.0,1.5,,1.5,,,
IND625106AAA -> IND625008AAA,Melur_MduraiRD_D (Tamil Nadu),Madurai_Kappalur_H (Tamil Nadu),Tamil Nadu,Tamil Nadu,1.717,77.0,43.0,44.142,13,1.0,383.0,1.717,,1.717,,,
IND332713AAA -> IND332709AAA,NeemKaThana_War5DPP_D (Rajasthan),Khandela_PlsrdDPP_D (Rajasthan),Rajasthan,Rajasthan,2.917,103.5,34.5,34.847,6,1.0,382.0,2.917,,,,,2.917
IND563116AAA -> IND563131AAB,Bethamangala_FshryOFC_D (Karnataka),Bangarapet_KolarRd_D (Karnataka),Karnataka,Karnataka,1.917,32.5,18.0,17.995,14,1.0,382.0,,1.917,,,,1.917
IND584101AAA -> IND509124AAA,Raichur_LSRoad_DC (Karnataka),JoguGadwal_ColctrOf_D (Telangana),Karnataka,Telangana,1.447,81.0,55.5,51.055,14,1.0,381.0,1.447,,,,1.477,1.428
IND134203AAA -> IND140501AAA,Naraingarh_Ward2DPP_D (Haryana),Lalru_OnkarDPP_D (Punjab),Haryana,Punjab,1.575,63.0,40.0,48.934,14,1.0,380.0,,1.575,,,,1.575
IND140501AAA -> IND160002AAC,Lalru_OnkarDPP_D (Punjab),Chandigarh_Mehmdpur_H (Punjab),Punjab,Punjab,2.406,39.5,16.0,19.679,14,1.0,379.0,,2.406,2.529,,,2.294
IND388220AAA -> IND388320AAA,Umreth_Dakor_DC (Gujarat),Anand_Vaghasi_IP (Gujarat),Gujarat,Gujarat,1.745,46.0,25.0,27.088,14,1.0,379.0,,1.745,2.16,,,1.72
IND245101AAA -> IND245304AAA,Hapur_Swargash_D (Uttar Pradesh),Pilkhuwa_HapurRD_D (Uttar Pradesh),Uttar Pradesh,Uttar Pradesh,2.333,42.0,18.0,15.169,15,1.0,379.0,,2.333,,,,2.333
IND580028AAA -> IND580002AAA,Hubli_Adargchi_IP (Karnataka),Dharwad_Dc (Karnataka),Karnataka,Karnataka,3.429,72.0,21.0,26.289,7,1.0,377.0,3.429,,3.714,3.357,,
IND788121AAA -> IND796081AAA,Kabuganj_Jantaclg_D (Assam),Kolasib_Diakkawn_D (Mizoram),Assam,Mizoram,3.5,182.0,50.0,71.146,3,1.0,377.0,3.5,,3.5,,,3.47
IND400037AAA -> IND400072AAJ,Mumbai Antop Hill (Maharashtra),Mumbai_Tejpal_I (Maharashtra),Maharashtra,Maharashtra,3.308,42.0,13.0,12.788,13,1.0,376.0,,3.308,3.404,,,2.696
IND585222AAA -> IND585307AAB,Sedam_DBRCmplx_D (Karnataka),Chincholi_Mainroad_D (Karnataka),Karnataka,Karnataka,1.527,56.5,36.5,39.691,18,1.0,375.0,,1.527,,,,1.527
IND826004AAA -> IND814112AAA,Dhanbad_Kalynpur_I (Jharkhand),Deoghar_Barmasia_D (Jharkhand),Jharkhand,Jharkhand,1.675,191.0,115.0,130.342,4,1.0,375.0,1.675,,,,1.675,
IND609602AAA -> IND611001AAA,Karaikal_Thalthru_DC (Pondicherry),Nagapttinm_Sttyapar_D (Tamil Nadu),Pondicherry,Tamil Nadu,3.111,51.0,16.0,21.607,11,1.0,374.0,3.111,,3.111,,,
IND534260AAC -> IND533106AAA,Palakollu_CroadDPP_D (Andhra Pradesh),Rajamundry_AtoNgrRd_I (Andhra Pradesh),Andhra Pradesh,Andhra Pradesh,2.582,151.0,58.0,71.5,4,1.0,373.0,2.582,,2.784,,,2.441
IND273014AAB -> IND273155AAA,Gorakhpur_Matriprm_IP (Uttar Pradesh),Anandnagar_LohiaDPP_D (Uttar Pradesh),Uttar Pradesh,Uttar Pradesh,2.312,74.0,32.0,46.067,5,1.0,371.0,,2.312,,,2.312,2.267
IND390022AAA -> IND382430AAB,Vadodara_Karelibaug_DPC (Gujarat),Ahmedabad_East_H_1 (Gujarat),Gujarat,Gujarat,1.586,111.0,70.0,99.406,8,1.0,371.0,1.586,,,,1.586,
IND204215AAA -> IND207001AAA,SikandraRao_JydevNGR_D (Uttar Pradesh),Etah_CivlLine_D (Uttar Pradesh),Uttar Pradesh,Uttar Pradesh,3.136,70.5,22.5,32.196,6,1.0,369.0,,3.136,,,,3.136
IND395023AAD -> IND395006AAA,Surat_Central_I_4 (Gujarat),Surat_Varachha_DC (Gujarat),Gujarat,Gujarat,1.923,26.0,13.0,15.129,27,1.0,369.0,,1.923,2.062,,,1.846
IND531116AAA -> IND530012AAA,Narsiptnm_Wardno8_D (Andhra Pradesh),Visakhapatnam_Gajuwaka_IP (Andhra Pradesh),Andhra Pradesh,Andhra Pradesh,2.444,145.5,59.5,67.668,4,1.0,368.0,,2.444,2.339,,,2.55
IND509001AAA -> IND509203AAA,Mahabubnagar_DC (Telangana),Bijnapally_nagar_D (Telangana),Telangana,Telangana,1.543,52.0,34.0,38.028,19,1.0,366.0,1.543,,,,,1.543
IND686513AAA -> IND686540AAA,Mundakayam_Central_D_1 (Kerala),Karukachal_MnimlaRd_D (Kerala),Kerala,Kerala,2.229,78.0,35.0,39.856,8,1.0,366.0,,2.229,,,,2.229
IND786190AAA -> IND792103AAB,DoomDooma_Pthrgoan_D (Assam),Namsai_HelipadRD_D (Arunachal Pradesh),Assam,Arunachal Pradesh,2.105,80.0,36.0,49.073,9,1.0,365.0,,2.105,2.444,,,2.018
IND305404AAA -> IND305601AAC,Kekri_LxmntDPP_D (Rajasthan),Nasirabad_Central_DPP_2 (Rajasthan),Rajasthan,Rajasthan,1.446,80.0,55.0,59.03,13,0.923,365.0,1.446,,1.5,1.337,,
IND742101AAC -> IND731237AAB,Baharampur_Chuanpur_I (West Bengal),Morgram_Kntgorya_D (West Bengal),West Bengal,West Bengal,2.633,79.0,30.0,42.014,7,1.0,364.0,,2.633,,,2.633,
IND679303AAA -> IND679531AAA,Sankaramangalam_Central_D_1 (Kerala),Shoranur_KdrShrRd_D (Kerala),Kerala,Kerala,2.565,44.5,16.0,16.738,14,1.0,364.0,,2.565,,,,2.565
IND201304AAA -> IND201301AAF,Noida_Sec-83_DC (Uttar Pradesh),Noida_Sec 02_DPC (Uttar Pradesh),Uttar Pradesh,Uttar Pradesh,2.223,29.5,13.5,11.506,18,1.0,363.0,,2.223,2.179,,,2.287
IND000000ACA -> IND142001AAB,Ludhiana_MilrGanj_HB (Punjab),Moga_DPC (Punjab),Punjab,Punjab,1.643,98.0,57.0,76.222,9,1.0,363.0,1.643,,,1.643,,
IND110044AAB -> IND110030AAD,Del_Okhla_PC (Delhi),Delhi_Kishangarh_DPC (Delhi),Delhi,Delhi,1.586,24.0,15.0,13.439,30,0.967,363.0,,1.586,,1.556,1.714,
IND635001AAA -> IND562132AAA,Krishnagiri_BnglorRd_D (Tamil Nadu),Bangalore_Nelmngla_H (Karnataka),Tamil Nadu,Karnataka,1.758,207.5,118.0,113.725,4,1.0,363.0,1.758,,,1.758,,
IND784168AAB -> IND784176AAA,Gohpur_Central_D_1 (Assam),Bishwanath_ChrliDPP_D (Assam),Assam,Assam,2.527,105.0,41.0,58.514,6,1.0,363.0,2.527,,,,2.527,2.553
IND742102AAB -> IND742303AAB,Berhampore_Central_I_2 (West Bengal),Domkal_Central_D_2 (West Bengal),West Bengal,West Bengal,2.07,59.0,29.0,38.168,12,1.0,363.0,,2.07,,,2.07,
IND421802AAA -> IND411033AAA,Khandala_Satara_D (Maharashtra),Pune_Tathawde_H (Maharashtra),Maharashtra,Maharashtra,1.693,127.0,75.0,80.041,7,1.0,362.0,1.693,,,,,1.693
IND425412AAA -> IND425409AAA,Nandurbar_DhuleRd_D (Maharashtra),Shahada_Nandrbar_D (Maharashtra),Maharashtra,Maharashtra,2.268,68.0,30.0,39.069,10,1.0,361.0,2.268,,,,,2.268
IND605601AAA -> IND607106AAA,Villupuram_Thirumtr_IP (Tamil Nadu),Panruti_GandhiRd_D (Tamil Nadu),Tamil Nadu,Tamil Nadu,2.136,46.0,21.5,27.41,14,1.0,361.0,,2.136,,,,2.136
IND506002AAA -> IND506143AAA,Warangal_HunterRd_I (Telangana),Ghanpur_Palakrty_D (Telangana),Telangana,Telangana,2.0,42.0,21.0,29.544,17,1.0,361.0,2.0,,,,2.0,
IND731204AAB -> IND731301AAA,Bolpur_WebelDPP_D (West Bengal),Nanoor_Central_DPP_1 (West Bengal),West Bengal,West Bengal,2.429,51.0,21.0,19.058,13,1.0,361.0,2.429,,2.5,,,1.619
IND560058AAB -> IND560060AAB,Bengaluru_Peenya_IP (Karnataka),Bengaluru_Kengeri_IP (Karnataka),Karnataka,Karnataka,1.353,22.5,17.0,16.749,44,0.659,361.0,,1.353,,1.312,1.172,1.588
IND627117AAA -> IND629001AAA,Vallior_Radhaprm_D (Tamil Nadu),Nagarcoil_AsrplmRd_DC (Tamil Nadu),Tamil Nadu,Tamil Nadu,1.938,62.0,32.0,35.104,11,1.0,359.0,1.938,,,,,1.938
IND396191AAC -> IND396232AAA,Vapi_IndEstat_I (Gujarat),Silvassa_Samrvrni_D (Dadra and Nagar Haveli),Gujarat,Dadra and Nagar Haveli,2.692,36.0,13.0,15.536,17,1.0,358.0,,2.692,,,,2.692
IND209206AAB -> IND210301AAA,Ghatampur_StatinRD_D (Uttar Pradesh),Hamirpur_KanpurRd_D (Uttar Pradesh),Uttar Pradesh,Uttar Pradesh,2.2,33.0,15.0,21.684,15,1.0,358.0,,2.2,,,,2.2
IND480001AAA -> IND480661AAA,Chhindwara_NagpurRd_D (Madhya Pradesh),Seoni_Kidwai_D (Madhya Pradesh),Madhya Pradesh,Madhya Pradesh,1.554,79.5,51.5,73.009,10,1.0,358.0,1.554,,2.167,,,1.538
IND403726AAA -> IND403702AAA,Goa_Hub (Goa),Canacona_CharRsta_D (Goa),Goa,Goa,1.8,89.0,49.0,51.245,9,1.0,357.0,1.8,,,,,1.8
IND174021AAA -> IND176048AAA,Ghumarwin_Gndhichk_D (Himachal Pradesh),Jahu_Sulgwan_D (Himachal Pradesh),Himachal Pradesh,Himachal Pradesh,2.087,55.5,26.5,28.263,12,1.0,357.0,2.087,,2.451,,,1.946
IND480334AAA -> IND480106AAA,Pandhurna_Mataward_D (Madhya Pradesh),Sausar_Central_DPP_1 (Madhya Pradesh),Madhya Pradesh,Madhya Pradesh,1.417,50.0,36.0,38.922,21,0.952,357.0,1.417,,,1.423,1.343,
IND802101AAA -> IND802119AAA,Buxar_Sarswati_D (Bihar),Dumraon_Nishangr_D (Bihar),Bihar,Bihar,2.792,34.0,13.0,18.34,14,1.0,355.0,2.792,,,,,2.792
IND843320AAA -> IND847223AAA,Pupri_SngihiRD_D (Bihar),Benipatti_WardNo1_D (Bihar),Bihar,Bihar,2.425,48.5,20.0,23.408,8,1.0,355.0,2.425,,,,,2.425
IND303002AAA -> IND302014AAA,Achrol_BgwriDPP_D (Rajasthan),Jaipur_Hub (Rajasthan),Rajasthan,Rajasthan,1.857,65.5,35.0,47.893,10,1.0,354.0,1.857,,1.667,,,2.0
IND523230AAA -> IND523105AAA,Kanigiri_Tiglgndi_D (Andhra Pradesh),Kandukur_LICOffce_D (Andhra Pradesh),Andhra Pradesh,Andhra Pradesh,1.383,62.0,44.0,47.224,19,1.0,354.0,1.383,,,,1.622,1.38
IND507002AAA -> IND507167AAA,Khammam_NSTRoad_I (Telangana),Tallada_PtrlBunk_D (Telangana),Telangana,Telangana,2.727,64.0,22.0,30.775,9,1.0,353.0,2.727,,,,2.727,2.643
IND532440AAA -> IND532001AAB,Palakonda_VadaiDPP_D (Andhra Pradesh),Srikakulam_Kuslpram_I (Andhra Pradesh),Andhra Pradesh,Andhra Pradesh,1.528,56.0,37.0,41.073,17,1.0,353.0,1.528,,1.528,1.622,,
IND390022AAA -> IND388320AAA,Vadodara_Karelibaug_DPC (Gujarat),Anand_Vaghasi_IP (Gujarat),Gujarat,Gujarat,1.471,52.5,36.0,45.192,18,1.0,353.0,,1.471,,,1.429,1.514
IND201306AAA -> IND201301AAF,Noida_Surajpur_DC (Uttar Pradesh),Noida_Sec 02_DPC (Uttar Pradesh),Uttar Pradesh,Uttar Pradesh,3.108,62.0,19.0,17.502,8,1.0,352.0,,3.108,2.737,,,3.263
IND854335AAA -> IND852111AAA,Narpatganj_Central_DPP_1 (Bihar),Simrahi_Bazar_D (Bihar),Bihar,Bihar,2.15,44.0,20.0,28.446,17,1.0,351.0,2.15,,,,,2.15
IND312001AAA -> IND311001AAA,Chittaurgarh_DC (Rajasthan),Bhilwara_DC (Rajasthan),Rajasthan,Rajasthan,1.565,72.0,46.0,59.475,13,1.0,351.0,1.565,,,,1.565,1.592
IND801103AAA -> IND802301AAA,Bihta_ShivNgar_D (Bihar),Arrah_Katira_D (Bihar),Bihar,Bihar,2.667,42.0,16.0,22.883,11,1.0,349.0,2.667,,,,2.667,
IND203131AAA -> IND203135AAA,Khurja_Pnjbiyon_D (Uttar Pradesh),Jewar_SJRoad_D (Uttar Pradesh),Uttar Pradesh,Uttar Pradesh,1.5,57.0,38.0,34.76,16,1.0,349.0,1.5,,,,,1.5
IND501359AAE -> IND500008AAC,Hyderabad_Shamshbd_H (Telangana),Hyderabad_Tolichwk_I (Telangana),Telangana,Telangana,1.857,39.0,21.0,26.91,19,1.0,349.0,,1.857,,1.833,1.633,2.1
IND251001AAA -> IND247554AAA,Muzaffrngr_MhmodNgr_D (Uttar Pradesh),Deoband_Ramvlg_D (Uttar Pradesh),Uttar Pradesh,Uttar Pradesh,2.129,50.0,24.0,25.76,12,1.0,349.0,2.129,,,,2.129,
IND125005AAA -> IND335513AAA,Hisar_IndstlAr_I (Haryana),Hanumangarh_DC (Rajasthan),Haryana,Rajasthan,1.773,266.0,150.0,179.057,3,1.0,348.0,1.773,,,,1.773,
IND000000ACA -> IND142401AAA,Ludhiana_MilrGanj_HB (Punjab),Khanna_DC (Punjab),Punjab,Punjab,1.921,40.0,19.5,27.618,12,0.917,347.0,1.921,,,,2.0,1.684
IND627756AAA -> IND626117AAA,Sankaran_Kovil_D (Tamil Nadu),Rajpalayam_AshkTalk_D (Tamil Nadu),Tamil Nadu,Tamil Nadu,1.655,48.0,29.0,31.23,17,1.0,347.0,1.655,,,,,1.655
IND421401AAC -> IND421601AAB,Murbad_SnkunDPP_D (Maharashtra),Asangaon_Shahapur_D (Maharashtra),Maharashtra,Maharashtra,2.667,48.0,18.0,26.206,11,1.0,347.0,,2.667,,,,2.667
IND121004AAA -> IND121004AAB,Faridabad_Blbgarh_DC (Haryana),FBD_Balabhgarh_DPC (Haryana),Haryana,Haryana,2.383,33.0,14.5,17.515,10,1.0,346.0,,2.383,1.938,,,2.5
IND473443AAA -> IND470113AAA,Mungaoli_AshkngRd_D (Madhya Pradesh),Bina_Srvdycwk_D (Madhya Pradesh),Madhya Pradesh,Madhya Pradesh,1.814,107.0,59.0,74.938,7,1.0,346.0,1.814,,,,,1.814
IND501359AAE -> IND500039AAC,Hyderabad_Shamshbd_H (Telangana),Hyderabad_Uppal_I (Telangana),Telangana,Telangana,2.155,63.5,29.0,36.216,10,1.0,345.0,,2.155,,,1.964,2.5
IND563131AAB -> IND563116AAA,Bangarapet_KolarRd_D (Karnataka),Bethamangala_FshryOFC_D (Karnataka),Karnataka,Karnataka,2.0,35.0,18.0,18.011,16,1.0,345.0,,2.0,,,,2.0
IND509216AAC -> IND501359AAE,Shadnagar_Central_D_1 (Telangana),Hyderabad_Shamshbd_H (Telangana),Telangana,Telangana,2.048,52.0,25.0,32.924,12,1.0,344.0,2.88,1.556,,,,2.048
IND322001AAC -> IND302014AAB,SawaiMadhopur_Central_DPP_1 (Rajasthan),Jaipur_Central_I_7 (Rajasthan),Rajasthan,Rajasthan,1.713,209.0,122.0,160.938,3,1.0,344.0,,1.713,,,,1.713
IND413709AAA -> IND423109AAA,Shrirampur_DavkharRd_D (Maharashtra),Shirdi_SaiBansi_D (Maharashtra),Maharashtra,Maharashtra,1.885,51.0,28.0,29.685,13,1.0,344.0,,1.885,,,,1.885
IND285001AAD -> IND285205AAB,Orai_Ajnari_D (Uttar Pradesh),Konch_Central_D_2 (Uttar Pradesh),Uttar Pradesh,Uttar Pradesh,1.424,45.0,32.0,29.403,21,0.905,344.0,1.424,,1.344,,,1.438
IND387001AAA -> IND388220AAA,Nadiad_DC (Gujarat),Umreth_Dakor_DC (Gujarat),Gujarat,Gujarat,1.76,44.0,24.5,27.074,14,1.0,343.0,,1.76,,,,1.76
IND384205AAA -> IND384355AAB,Mehsana_Panchot_IP (Gujarat),Vadnagar_BsstdDPP_D (Gujarat),Gujarat,Gujarat,1.676,57.0,33.0,36.604,13,1.0,342.0,1.676,,,,1.912,1.618
IND301001AAB -> IND321606AAA,Alwar_Central_I_1 (Rajasthan),Kherli_GodamDPP_D (Rajasthan),Rajasthan,Rajasthan,2.246,155.0,69.0,77.252,3,1.0,342.0,2.246,,,,2.246,
IND509124AAA -> IND509103AAB,JoguGadwal_ColctrOf_D (Telangana),Wanaparthy_VallaDPP_D (Telangana),Telangana,Telangana,1.821,71.0,39.0,45.465,9,1.0,342.0,1.821,,,,,1.821
IND425201AAA -> IND425508AAB,Bhusawal_Samarth_D (Maharashtra),Raver_Truptingr_D (Maharashtra),Maharashtra,Maharashtra,1.947,74.0,38.0,41.57,9,1.0,340.0,,1.947,2.216,,,1.947
IND524132AAA -> IND524101AAB,Venktagiri_TirupthiRd_D (Andhra Pradesh),Gudur_Bngisheb_D (Andhra Pradesh),Andhra Pradesh,Andhra Pradesh,1.671,58.5,36.0,39.838,14,1.0,340.0,1.671,,1.671,,,
IND636016AAA -> IND637211AAA,Salem (Tamil Nadu),Tirchngode_Mhdhvpur_D (Tamil Nadu),Tamil Nadu,Tamil Nadu,1.489,68.0,46.0,53.346,15,1.0,340.0,,1.489,1.489,,,
IND400102AAC -> IND400052AAA,Mumbai_Jogshwri_I (Maharashtra),Mumbai_Khar West _Dc (Maharashtra),Maharashtra,Maharashtra,4.007,47.0,11.0,11.049,8,1.0,339.0,,4.007,,,5.111,3.429
IND480886AAA -> IND480001AAA,Lakhnadon_Central_DPP_1 (Madhya Pradesh),Chhindwara_NagpurRd_D (Madhya Pradesh),Madhya Pradesh,Madhya Pradesh,1.578,154.5,99.0,137.925,6,1.0,339.0,1.578,,,,,1.578
IND431136AAC -> IND431001AAA,Aurangabad_Central_H_1 (Maharashtra),Aurangabad (Maharashtra),Maharashtra,Maharashtra,2.955,28.0,9.0,13.365,18,1.0,339.0,,2.955,,2.545,3.0,
IND110037AAM -> IND201301AAD,Delhi_Airport_H (Delhi),NOI_RPC (Delhi),Delhi,Delhi,4.568,169.0,37.0,32.653,3,1.0,337.0,,4.568,4.568,,,3.878
IND639001AAA -> IND624001AAA,Karur (Tamil Nadu),Dindigul_Central_D_1 (Tamil Nadu),Tamil Nadu,Tamil Nadu,1.709,94.0,55.0,75.358,9,1.0,337.0,1.709,,1.745,1.555,,
IND205135AAA -> IND283203AAA,Shikohabad_Katrmira_D (Uttar Pradesh),Firozabad_Sudmpuri_D (Uttar Pradesh),Uttar Pradesh,Uttar Pradesh,2.2,38.0,18.0,22.39,13,1.0,337.0,2.176,2.2,,,,2.2
IND360575AAA -> IND360510AAB,Porbandar_DC (Gujarat),Bhanvad_Mainroad_D (Gujarat),Gujarat,Gujarat,1.738,69.5,40.5,45.61,10,1.0,336.0,,1.738,,,,1.738
IND673121AAA -> IND670645AAB,Kalpetta_Ward19_D (Kerala),Mananthavady_Central_D_1 (Kerala),Kerala,Kerala,2.207,69.5,31.5,30.565,8,1.0,336.0,,2.207,,,,2.207
IND786001AAB -> IND786602AAA,Dibrugarh_Bokule_H (Assam),Duliajan_StatonRd_D (Assam),Assam,Assam,1.529,52.0,35.0,36.908,13,1.0,335.0,,1.529,,,,1.529
IND422605AAA -> IND413709AAA,Sangamner_JawanChk_D (Maharashtra),Shrirampur_DavkharRd_D (Maharashtra),Maharashtra,Maharashtra,1.826,84.0,46.0,50.106,9,1.0,335.0,,1.826,,,,1.826
IND509324AAA -> IND508248AAB,Kalwakurthy_VidyaNGR_D (Telangana),Devarakonda_DindiRD_D (Telangana),Telangana,Telangana,2.189,74.5,34.0,48.484,8,1.0,334.0,2.189,,,,2.057,2.336
IND250611AAA -> IND247776AAA,Baraut_SrnprHwy_D (Uttar Pradesh),Shamli_KarnalRd_D (Uttar Pradesh),Uttar Pradesh,Uttar Pradesh,1.909,63.0,33.0,39.575,11,1.0,333.0,1.909,,,,,1.909
IND521001AAA -> IND521225AAB,Machilipatnam_DC (Andhra Pradesh),Vijayawada_Rynapadu_H (Andhra Pradesh),Andhra Pradesh,Andhra Pradesh,2.25,120.0,55.0,74.228,5,1.0,333.0,2.25,,,,,2.25
IND732103AAB -> IND733128AAA,Malda_Central_I_3 (West Bengal),Itahar_NatunDPP_D (West Bengal),West Bengal,West Bengal,2.283,105.0,46.0,62.049,6,1.0,333.0,,2.283,,,2.283,
IND689645AAA -> IND691551AAA,Pthnmthitt_Klskhrpt_D (Kerala),Adoor_Town_D (Kerala),Kerala,Kerala,1.667,42.0,25.0,26.55,15,1.0,333.0,,1.667,,,,1.667
IND781018AAB -> IND781354AAA,Guwahati_Hub (Assam),Rangia_HosptlRd_D (Assam),Assam,Assam,1.704,92.0,54.0,64.851,8,1.0,333.0,1.704,,1.944,,,1.5
IND110037AAM -> IND201007AAA,Delhi_Airport_H (Delhi),GZB_Mohan_Nagar_DPC (Uttar Pradesh),Delhi,Uttar Pradesh,2.492,88.0,34.5,30.137,6,1.0,332.0,,2.492,,,,2.492
IND144001AAA -> IND144040AAA,Jalandhar_DC (Punjab),Nakodar_ChowkDPP_D (Punjab),Punjab,Punjab,1.872,36.0,19.5,26.034,16,1.0,332.0,1.872,,,,,1.872
IND641001AAA -> IND641062AAD,Coimbatore_Ukkadam_D (Tamil Nadu),Coimbatore_Karayam_H (Tamil Nadu),Tamil Nadu,Tamil Nadu,4.333,143.0,35.0,34.283,3,1.0,332.0,,4.333,,,,4.333
IND713128AAB -> IND731301AAA,Guskhara_Itachnda_D (West Bengal),Nanoor_Central_DPP_1 (West Bengal),West Bengal,West Bengal,4.029,141.0,35.0,40.853,3,1.0,331.0,4.029,,3.611,,,4.386
IND484001AAA -> IND484446AAA,Shahdol_Sohagpur_D (Madhya Pradesh),Dola_ChainDPP_D (Madhya Pradesh),Madhya Pradesh,Madhya Pradesh,2.078,161.0,77.5,105.732,4,1.0,331.0,2.078,,2.026,,,2.13
IND614616AAA -> IND630002AAA,Aranthangi_HsptlRod_D (Tamil Nadu),Karaikudi_Sbrmnprm_D (Tamil Nadu),Tamil Nadu,Tamil Nadu,1.597,54.0,33.0,33.19,16,1.0,331.0,1.597,,,,,1.597
IND441904AAB -> IND441912AAA,Bhandara_RjnaiDPP_D (Maharashtra),Bhandara_KaremDPP_D (Maharashtra),Maharashtra,Maharashtra,1.786,50.0,29.0,31.034,12,1.0,331.0,,1.786,,,,1.786
IND571105AAA -> IND571213AAA,Hunsur_RatnaDPP_D (Karnataka),Gonikoppal_Thomas_D (Karnataka),Karnataka,Karnataka,1.696,67.0,39.0,43.637,12,1.0,330.0,1.696,,,,,1.696
IND302004AAA -> IND302014AAB,Jaipur_NgrNigam_DC (Rajasthan),Jaipur_Central_I_7 (Rajasthan),Rajasthan,Rajasthan,2.759,41.5,15.0,17.668,8,1.0,329.0,,2.759,,,,2.759
IND271001AAA -> IND271201AAA,Gonda_KotwaliN_D (Uttar Pradesh),Balrampur_PBRDDPP_D (Uttar Pradesh),Uttar Pradesh,Uttar Pradesh,3.48,120.0,33.5,44.912,4,1.0,329.0,,3.48,3.185,3.658,,
IND365560AAA -> IND365560AAB,Amreli_MrktYrd_DC (Gujarat),Amreli_Rajula_DC (Gujarat),Gujarat,Gujarat,1.714,100.0,59.0,71.879,7,1.0,328.0,1.714,,,,,1.714
IND132103AAA -> IND131028AAB,Panipat (Haryana),Sonipat_Kundli_H (Haryana),Haryana,Haryana,2.914,169.0,45.0,59.327,3,1.0,328.0,2.914,,,2.914,,
IND384205AAA -> IND383001AAA,Mehsana_Panchot_IP (Gujarat),Himmatnagar_DC (Gujarat),Gujarat,Gujarat,1.475,87.0,59.0,81.175,11,1.0,327.0,1.475,,,,1.475,1.505
IND627005AAA -> IND627117AAA,Tirunelveli_VdkkuSrt_I (Tamil Nadu),Vallior_Radhaprm_D (Tamil Nadu),Tamil Nadu,Tamil Nadu,1.634,67.0,41.0,49.826,11,1.0,327.0,1.634,,,,1.634,
IND821115AAB -> IND821109AAA,Sasaram_Central_I_2 (Bihar),Mohania_Bhabua_D (Bihar),Bihar,Bihar,2.3,92.0,40.0,52.991,6,1.0,327.0,2.3,,,,2.3,
IND571213AAA -> IND571114AAA,Gonikoppal_Thomas_D (Karnataka),HDKote_BegurRD_D (Karnataka),Karnataka,Karnataka,1.609,107.0,67.0,73.652,8,1.0,326.0,1.609,,,,,1.609
IND000000AFR -> IND683511AAA,Cochin_PanditRd_D (Kerala),Aluva_Peedika_H (Kerala),Kerala,Kerala,2.062,67.0,32.0,30.164,8,1.0,326.0,,2.062,,,,2.062
IND574216AAA -> IND575004AAB,Dhrmsthala_Beltngdi_D (Karnataka),Mangalore_Kuntikna_H (Karnataka),Karnataka,Karnataka,2.4,109.0,47.0,66.535,5,1.0,325.0,2.4,2.377,,,,2.4
IND791125AAB -> IND791102AAA,Likabali_ZoomCDPP_D (Arunachal Pradesh),Pasighat_MissonRd_D (Arunachal Pradesh),Arunachal Pradesh,Arunachal Pradesh,1.95,157.0,80.5,109.685,4,1.0,324.0,1.95,,1.95,,,
IND534001AAA -> IND521333AAA,Eluru_Agraharm_DC (Andhra Pradesh),Kaikaluru_Atapaka_D (Andhra Pradesh),Andhra Pradesh,Andhra Pradesh,1.754,46.0,25.5,24.587,14,1.0,323.0,1.754,,,,,1.754
IND571104AAA -> IND577598AAB,Koppa_BMRd_D (Karnataka),Madikeri_MuthpTmp_D (Karnataka),Karnataka,Karnataka,1.85,37.0,20.0,28.066,16,1.0,323.0,1.85,,2.7,,,1.85
IND160002AAC -> IND147105AAA,Chandigarh_Mehmdpur_H (Punjab),Patran_MheshNGR_D (Punjab),Punjab,Punjab,2.06,178.0,85.0,102.25,3,1.0,323.0,2.06,,,,2.06,
IND577501AAA -> IND577002AAA,Chitradurga_DC (Karnataka),Davangere_Central_I_1 (Karnataka),Karnataka,Karnataka,1.693,74.0,44.0,61.328,10,1.0,322.0,1.693,,1.622,,,1.822
IND531163AAA -> IND535001AAA,Bheemunipatnam_SaiTempl_D (Andhra Pradesh),Vizianagaram_NcsRd_DC (Andhra Pradesh),Andhra Pradesh,Andhra Pradesh,2.182,47.0,21.0,26.788,13,1.0,322.0,,2.182,1.9,,,2.241
IND700053AAA -> IND700144AAA,CCU_New Alipore_DPC (West Bengal),Baruipur_Bnsibtla_D (West Bengal),West Bengal,West Bengal,2.316,88.0,38.0,29.394,5,1.0,322.0,2.316,,,,2.237,3.494
IND607001AAA -> IND608001AAA,Cuddalore_KtsiGrsm_D (Tamil Nadu),Chidambaram_ARBNorth_DC (Tamil Nadu),Tamil Nadu,Tamil Nadu,1.857,53.0,28.0,39.555,11,1.0,321.0,1.857,,,,,1.857
IND000000ACB -> IND201001AAC,Gurgaon_Bilaspur_HB (Haryana),Ghaziabad_Central_L_8 (Uttar Pradesh),Haryana,Uttar Pradesh,1.874,170.5,91.0,87.99,4,1.0,321.0,,1.874,,1.978,1.846,
IND493118AAC -> IND495334AAB,Bhatpara_TrengaRD_D (Chhattisgarh),Mungeli_Panderia_D (Chhattisgarh),Chhattisgarh,Chhattisgarh,1.633,78.0,50.0,54.862,11,1.0,321.0,,1.633,,,,1.633
IND736146AAA -> IND736135AAA,Mathabhang_Pshimpra_D (West Bengal),Dinhata_WrdN4DPP_D (West Bengal),West Bengal,West Bengal,1.632,93.0,57.0,52.18,8,1.0,321.0,1.632,,1.632,,,
IND621306AAA -> IND625106AAA,Manapparai_BypassRd_D (Tamil Nadu),Melur_MduraiRD_D (Tamil Nadu),Tamil Nadu,Tamil Nadu,1.337,96.0,73.0,72.357,12,0.833,319.0,1.337,,1.337,,,
IND482002AAA -> IND842003AAB,Jabalpur (Madhya Pradesh),Jabalpur_Adhartal_IP (Madhya Pradesh),Madhya Pradesh,Madhya Pradesh,13.0,117.0,8.0,10.491,3,1.0,319.0,,13.0,13.0,,,
IND643001AAA -> IND643212AAA,Ooty_Davisdle_D (Tamil Nadu),Gudalur_kalmpuza_D (Tamil Nadu),Tamil Nadu,Tamil Nadu,2.5,86.0,36.0,49.012,6,1.0,319.0,,2.5,,,,2.5
IND518002AAA -> IND518401AAA,Kurnool_AbbasNgr_I (Andhra Pradesh),Nandikotkr_UmarDPP_D (Andhra Pradesh),Andhra Pradesh,Andhra Pradesh,1.759,51.0,31.0,31.749,13,1.0,319.0,1.759,,,,1.759,
IND400015AAB -> IND400072AAB,Mumbai_CotnGren_M (Maharashtra),Mumbai Hub (Maharashtra),Maharashtra,Maharashtra,4.139,76.5,17.0,18.315,6,1.0,319.0,,4.139,5.412,,,3.729
IND680012AAA -> IND679303AAA,Arimbur_Veluthur_D (Kerala),Sankaramangalam_Central_D_1 (Kerala),Kerala,Kerala,1.439,81.0,56.0,54.983,11,1.0,319.0,,1.439,,,,1.439
IND520011AAA -> IND521185AAA,Vijayawada (Andhra Pradesh),Nandigama_Chndrlpd_D (Andhra Pradesh),Andhra Pradesh,Andhra Pradesh,2.0,64.0,32.0,45.623,8,1.0,318.0,,2.0,,,,2.0
IND742101AAC -> IND742303AAB,Baharampur_Chuanpur_I (West Bengal),Domkal_Central_D_2 (West Bengal),West Bengal,West Bengal,2.5,70.0,29.0,38.274,7,1.0,318.0,,2.5,,,2.5,
IND127021AAA -> IND127201AAA,Bhiwani_DC (Haryana),Loharu_BstndDPP_D (Haryana),Haryana,Haryana,1.842,70.0,38.5,55.091,8,1.0,318.0,1.842,,,,1.816,2.105
IND503187AAA -> IND503122AAA,Banswada_Menagrdn_D (Telangana),Yellareddy_JKRoad_D (Telangana),Telangana,Telangana,1.538,40.0,26.0,28.483,20,1.0,317.0,1.538,,1.538,,,1.52
IND845455AAB -> IND845418AAB,Narktiganj_Central_DPP_2 (Bihar),Dhaka_PchpkrRD_D (Bihar),Bihar,Bihar,2.217,204.0,92.0,113.344,3,1.0,317.0,2.217,,2.266,,,1.933
IND621010AAA -> IND621212AAA,Thuraiyur_Mthrapuri_D (Tamil Nadu),Perambalur_goplpurm_D (Tamil Nadu),Tamil Nadu,Tamil Nadu,1.464,51.0,35.0,37.384,16,1.0,317.0,1.464,,,,,1.464
IND312605AAB -> IND458001AAB,Pratapgarh_Nimachrd_D (Rajasthan),Mandsaur_YashDPP_D (Madhya Pradesh),Rajasthan,Madhya Pradesh,1.788,57.5,32.0,33.568,12,1.0,317.0,1.788,,,,,1.788
IND600016AAA -> IND600119AAA,Airport (Tamil Nadu),Chennai_Sholinganallur_Dc (Tamil Nadu),Tamil Nadu,Tamil Nadu,2.364,52.0,22.0,18.858,8,1.0,317.0,,2.364,2.364,,,
IND344001AAA -> IND345021AAA,Barmer_Nehru3PL_D (Rajasthan),Pokhran_SttinDPP_D (Rajasthan),Rajasthan,Rajasthan,1.662,266.0,159.0,177.221,3,1.0,317.0,1.662,,1.662,,,
IND787057AAA -> IND787059AAB,Dhemaji_WardNo3_D (Assam),Silapathar_Hejunagr_D (Assam),Assam,Assam,2.12,53.0,24.5,27.168,10,1.0,316.0,2.12,,2.12,,,
IND600016AAC -> IND600119AAA,Chennai_Perungudi_DPC (Tamil Nadu),Chennai_Sholinganallur_Dc (Tamil Nadu),Tamil Nadu,Tamil Nadu,1.895,47.0,22.0,23.887,11,0.818,315.0,,1.895,4.115,,1.727,
IND683511AAA -> IND680012AAA,Aluva_Peedika_H (Kerala),Arimbur_Veluthur_D (Kerala),Kerala,Kerala,1.474,84.0,57.0,59.496,11,1.0,315.0,,1.474,,1.527,1.473,
IND560300AAB -> IND563130AAA,Bangalore_East_I_20 (Karnataka),Malur_NharuExt_D (Karnataka),Karnataka,Karnataka,1.871,86.0,45.5,54.983,8,1.0,315.0,,1.871,,,1.871,
IND140301AAA -> IND140901AAA,Chandigarh_Kharar_DC (Chandigarh),Chandigarh_Mullanpr_DC (Chandigarh),Chandigarh,Chandigarh,2.067,31.0,14.0,15.278,19,1.0,313.0,,2.067,2.067,,,
IND842001AAA -> IND845401AAA,Muzaffrpur_Bbganj_I (Bihar),Motihari_RajaBzr_D (Bihar),Bihar,Bihar,2.158,130.5,60.5,84.669,4,1.0,313.0,2.158,,,,2.158,
IND246701AAA -> IND246763AAA,Bijnor_NaginaRd_D (Uttar Pradesh),Najibabad_KotdwrRD_D (Uttar Pradesh),Uttar Pradesh,Uttar Pradesh,1.923,49.0,25.0,34.26,12,1.0,312.0,1.923,,,,,1.923
IND302014AAB -> IND302020AAA,Jaipur_Central_I_7 (Rajasthan),Jaipur_VarunCly_DC (Rajasthan),Rajasthan,Rajasthan,2.042,24.0,12.0,13.424,18,1.0,312.0,,2.042,2.042,,,
IND160002AAC -> IND140603AAA,Chandigarh_Mehmdpur_H (Punjab),Zirakpur_DC (Punjab),Punjab,Punjab,1.241,36.0,29.0,38.423,29,0.793,312.0,,1.241,1.241,,1.321,1.241
IND391110AAD -> IND390020AAA,Dabhoi_Central_DPP_3 (Gujarat),Vadodara (Gujarat),Gujarat,Gujarat,3.143,105.5,33.5,35.694,4,1.0,311.0,,3.143,,,,3.143
IND828401AAB -> IND826004AAA,Gomoh_KhsmiDPP_D (Jharkhand),Dhanbad_Kalynpur_I (Jharkhand),Jharkhand,Jharkhand,2.857,60.0,22.0,29.751,7,1.0,311.0,,2.857,,,,2.857
IND413501AAA -> IND413401AAA,Osmanabad_Kakdepot_D (Maharashtra),Barshi_Kurduwdi_D (Maharashtra),Maharashtra,Maharashtra,1.429,49.0,35.0,38.181,21,1.0,310.0,1.429,,,,,1.429
IND577598AAC -> IND577501AAA,Hiriyur_TahurDPP_D (Karnataka),Chitradurga_DC (Karnataka),Karnataka,Karnataka,1.839,59.0,32.0,43.324,11,1.0,309.0,1.839,,,,,1.839
IND732202AAA -> IND732204AAB,Manikchak_Enayetpr_D (West Bengal),Paranpur_Nijgan_D (West Bengal),West Bengal,West Bengal,2.933,43.0,15.0,20.432,11,1.0,309.0,,2.933,2.6,,,3.0
IND713303AAA -> IND713364AAB,Asansol_DC (West Bengal),Rupnarayanpur_Salanpur_D (West Bengal),West Bengal,West Bengal,4.167,75.0,18.0,23.333,6,1.0,308.0,4.167,,4.611,,,4.0
IND495334AAB -> IND491995AAB,Mungeli_Panderia_D (Chhattisgarh),Kawardha_TrnsptNGR_D (Chhattisgarh),Chhattisgarh,Chhattisgarh,1.531,72.0,45.5,64.101,12,1.0,308.0,,1.531,,,,1.531
IND792121AAB -> IND786181AAC,Jairampur_Mdiclcly_D (Arunachal Pradesh),Margherita_CivilHPL_D (Assam),Arunachal Pradesh,Assam,2.933,88.0,29.0,41.892,5,1.0,308.0,,2.933,2.911,,,3.654
IND124001AAB -> IND126102AAA,Rohtak (Haryana),Jind_DC (Haryana),Haryana,Haryana,2.52,109.5,43.5,60.506,4,1.0,307.0,2.52,,,,,2.52
IND573201AAB -> IND572201AAB,Hassan_Pandrnga_I (Karnataka),Tiptur_YTRd_D (Karnataka),Karnataka,Karnataka,1.592,78.0,49.0,54.532,11,1.0,307.0,1.592,,,,1.592,
IND121004AAC -> IND121004AAB,Faridabad_MohnVRTL_D (Haryana),FBD_Balabhgarh_DPC (Haryana),Haryana,Haryana,4.096,61.5,12.5,16.566,6,1.0,307.0,,4.096,4.941,,,3.25
IND641664AAA -> IND638657AAA,Tirpur_Palladam_DC (Tamil Nadu),Dharapuram_Techrcly_D (Tamil Nadu),Tamil Nadu,Tamil Nadu,1.5,55.0,37.0,40.571,15,1.0,307.0,,1.5,,,,1.5
IND388121AAA -> IND388620AAB,Anand_VUNagar_DC (Gujarat),Khambhat_MotvdDPP_D (Gujarat),Gujarat,Gujarat,1.558,68.0,44.0,54.194,11,1.0,306.0,,1.558,,,,1.558
IND515201AAA -> IND515134AAA,Hindupur_Parigi_D (Andhra Pradesh),Puttaprthi_Gokulam_D (Andhra Pradesh),Andhra Pradesh,Andhra Pradesh,1.759,98.0,60.0,63.701,5,1.0,306.0,,1.759,,,,1.759
IND201307AAA -> IND201301AAL,Noida_Chukhndi_D (Uttar Pradesh),Dadri_ICDCant_D (Uttar Pradesh),Uttar Pradesh,Uttar Pradesh,1.257,26.0,20.5,18.927,28,0.571,304.0,,1.257,1.35,,,1.167
IND173212AAA -> IND173220AAA,Solan_MohanPrk_D (Himachal Pradesh),Parwanoo_Central_D_1 (Himachal Pradesh),Himachal Pradesh,Himachal Pradesh,3.308,86.0,28.0,36.82,5,1.0,304.0,3.308,,,,,3.308
IND571432AAB -> IND571426AAA,Nagamangala_MandyaRD_D (Karnataka),Krishnarajpet_MuruPost_D (Karnataka),Karnataka,Karnataka,1.378,50.0,37.0,40.799,17,0.824,303.0,1.378,,,,,1.378
IND458001AAB -> IND458990AAA,Mandsaur_YashDPP_D (Madhya Pradesh),Sitamau_Central_DPP_1 (Madhya Pradesh),Madhya Pradesh,Madhya Pradesh,1.519,41.0,28.0,31.076,11,1.0,303.0,1.519,,,,,1.519
IND602001AAA -> IND600116AAB,Chennai_Thiruvlr_DC (Tamil Nadu),Chennai_Porur_DPC (Tamil Nadu),Tamil Nadu,Tamil Nadu,3.667,110.0,29.0,37.272,3,1.0,303.0,,3.667,,,,3.667
IND274304AAB -> IND274301AAB,Padrauna_BawliDPPP_D (Uttar Pradesh),Kaptanganj_Subshngr_D (Uttar Pradesh),Uttar Pradesh,Uttar Pradesh,2.294,40.0,17.0,25.077,13,1.0,303.0,2.294,,2.353,,,1.722
IND421302AAG -> IND401104AAB,Bhiwandi_Mankoli_HB (Maharashtra),Mumbai_MiraRoad_M (Maharashtra),Maharashtra,Maharashtra,2.285,60.0,25.0,28.802,10,1.0,302.0,,2.285,2.185,,2.04,2.48
IND441614AAA -> IND481001AAA,Gondia_RamNgr_D (Maharashtra),Balaghat_Kosmi_D (Madhya Pradesh),Maharashtra,Madhya Pradesh,2.296,62.0,27.0,38.999,9,1.0,302.0,2.296,,,,,2.296
IND723133AAA -> IND723130AAA,Rghunthpur_barkarRd_D (West Bengal),Hura_Central_D_1 (West Bengal),West Bengal,West Bengal,1.4,63.0,45.0,30.357,13,0.615,301.0,1.4,,1.795,,,1.17
IND518401AAA -> IND518422AAB,Nandikotkr_UmarDPP_D (Andhra Pradesh),Atmakur_IndraNgr_D (Andhra Pradesh),Andhra Pradesh,Andhra Pradesh,1.942,46.5,24.5,35.061,12,1.0,299.0,1.942,,,,2.032,1.942
IND535558AAA -> IND535501AAB,Bobbili_ColegRd_D (Andhra Pradesh),Parvathipuram_Central_D_2 (Andhra Pradesh),Andhra Pradesh,Andhra Pradesh,1.565,36.0,23.0,25.712,20,1.0,298.0,1.565,,1.565,,,1.619
IND586101AAA -> IND416404AAA,Bijapur_KirtiNgr_D (Karnataka),Jath_Shivprsad_D (Maharashtra),Karnataka,Maharashtra,2.252,102.0,44.5,62.198,4,1.0,297.0,2.252,,,,,2.252
IND110037AAM -> IND000000ACB,Delhi_Airport_H (Delhi),Gurgaon_Bilaspur_HB (Haryana),Delhi,Haryana,1.542,66.5,43.0,44.06,12,1.0,297.0,1.542,,,,,1.542
IND209625AAA -> IND241124AAB,Farrukhbad_Pnchlght_D (Uttar Pradesh),Shahabad_KDRoad_D (Uttar Pradesh),Uttar Pradesh,Uttar Pradesh,1.364,90.0,65.0,52.51,11,0.818,295.0,1.364,,,,1.431,1.359
IND503185AAA -> IND503187AAA,Bodhan_SuryaDPP_D (Telangana),Banswada_Menagrdn_D (Telangana),Telangana,Telangana,1.5,42.0,28.0,32.209,19,1.0,295.0,1.5,,1.5,,,1.5
IND680104AAA -> IND679576AAA,Guruvayoor_ManhrBld_D (Kerala),Edappal_PonaniRD_D (Kerala),Kerala,Kerala,1.471,50.0,33.0,30.256,17,0.882,295.0,1.471,,,,,1.471
IND630002AAA -> IND622407AAA,Karaikudi_Sbrmnprm_D (Tamil Nadu),Ponnamaravathi_Puduvalvu_D (Tamil Nadu),Tamil Nadu,Tamil Nadu,1.426,67.0,47.0,49.713,14,1.0,295.0,1.426,,,,,1.426
IND575004AAB -> IND574211AAA,Mangalore_Kuntikna_H (Karnataka),Bantwal_Trmltmpl_D (Karnataka),Karnataka,Karnataka,2.116,36.0,17.0,24.774,8,1.0,295.0,2.116,,,,1.882,2.176
IND518002AAA -> IND509124AAA,Kurnool_AbbasNgr_I (Andhra Pradesh),JoguGadwal_ColctrOf_D (Telangana),Andhra Pradesh,Telangana,1.6,72.0,47.0,61.328,3,1.0,295.0,1.6,,,,1.6,
IND625516AAA -> IND685514AAA,Cumbum_LFRoad_D (Tamil Nadu),Kattappana_Palikval_D (Kerala),Tamil Nadu,Kerala,1.935,89.0,47.0,33.332,7,1.0,294.0,1.935,,,,,1.935
IND713205AAB -> IND713303AAA,Durgapur_Central_I_1 (West Bengal),Asansol_DC (West Bengal),West Bengal,West Bengal,2.654,69.0,27.0,36.35,5,1.0,294.0,2.654,,,,,2.654
IND486889AAA -> IND231205AAA,Singrauli_Ward8DPP_D (Madhya Pradesh),Chopan_PreetDPP_D (Uttar Pradesh),Madhya Pradesh,Uttar Pradesh,2.108,143.0,70.0,87.158,4,1.0,292.0,2.108,,1.725,,,2.215
IND306116AAA -> IND306001AAA,Falna_SbhRDDPP_D (Rajasthan),MarwarJn_SndbrDPP_D (Rajasthan),Rajasthan,Rajasthan,1.939,159.0,82.0,104.691,3,1.0,292.0,1.939,,1.939,,,
IND627005AAA -> IND627811AAA,Tirunelveli_VdkkuSrt_I (Tamil Nadu),Tenkasi_RailwyRd_D (Tamil Nadu),Tamil Nadu,Tamil Nadu,1.394,81.5,59.0,62.855,10,0.9,291.0,1.394,,,,1.475,1.259
IND501359AAE -> IND500039AAD,Hyderabad_Shamshbd_H (Telangana),Hyderabad_Uppal_L (Telangana),Telangana,Telangana,2.727,75.5,30.0,36.227,6,1.0,291.0,,2.727,,2.433,2.81,
IND560099AAB -> IND635001AAA,Bengaluru_Bomsndra_HB (Karnataka),Krishnagiri_BnglorRd_D (Tamil Nadu),Karnataka,Tamil Nadu,2.118,150.5,68.5,71.207,4,1.0,290.0,2.118,,,,,2.118
IND444203AAA -> IND444005AAB,Shegaon_SChwkDPP_D (Maharashtra),Akola_Gaurkshn_I (Maharashtra),Maharashtra,Maharashtra,2.5,100.0,40.0,50.563,5,1.0,290.0,2.5,,2.193,2.5,,
IND211002AAB -> IND211011AAA,Allahabad_Central_H_1 (Uttar Pradesh),Allahabad_Central_D_5 (Uttar Pradesh),Uttar Pradesh,Uttar Pradesh,4.455,31.5,7.0,10.351,12,1.0,289.0,,4.455,,,,4.455
IND000000AAS -> IND783370AAC,Bongaigaon_Chpaguri_D (Assam),Kokrajhar_PigonDPP_D (Assam),Assam,Assam,1.767,53.0,30.0,41.782,9,1.0,288.0,1.767,,,1.767,2.667,
IND521225AAB -> IND523002AAA,Vijayawada_Rynapadu_H (Andhra Pradesh),Ongole_SubhVRTL_I (Andhra Pradesh),Andhra Pradesh,Andhra Pradesh,1.813,194.0,107.0,140.606,3,1.0,288.0,1.813,,1.813,,,
IND614715AAA -> IND614809AAA,Thirthurpondi_Madaprum_D (Tamil Nadu),Pushpavanam_Thmpulam_D (Tamil Nadu),Tamil Nadu,Tamil Nadu,1.474,56.0,38.0,41.654,17,0.882,288.0,,1.474,1.474,1.553,,
IND274304AAA -> IND274304AAB,Kushinagar_KasyaDPP_D (Uttar Pradesh),Padrauna_BawliDPPP_D (Uttar Pradesh),Uttar Pradesh,Uttar Pradesh,5.038,63.0,13.0,19.208,6,1.0,287.0,5.038,,5.077,,,5.0
IND562159AAA -> IND562117AAA,Ramanagara_BMRd_DC (Karnataka),Kanakapura_VaniThtr_D (Karnataka),Karnataka,Karnataka,1.926,52.0,27.0,28.582,11,1.0,287.0,1.926,,,,,1.926
IND502110AAA -> IND502313AAA,Medak_Dwaraka_D (Telangana),Narsapur_Xroad_D (Telangana),Telangana,Telangana,1.371,48.0,36.0,39.781,19,0.895,286.0,1.371,,1.347,,,1.639
IND610001AAA -> IND614715AAA,Thiruvarur_Bypasrd_D (Tamil Nadu),Thirthurpondi_Madaprum_D (Tamil Nadu),Tamil Nadu,Tamil Nadu,1.692,43.0,25.0,27.391,17,1.0,286.0,,1.692,1.654,1.833,,
IND571313AAB -> IND571440AAA,Chamarjngr_BrDbleRd_D (Karnataka),Kollegala_NarsipuraRd_D (Karnataka),Karnataka,Karnataka,1.381,63.5,45.5,40.952,10,0.9,286.0,1.381,,1.381,,,1.33
IND505001AAB -> IND505184AAC,Karimnagar_KamnHbRD_I (Telangana),Manthani_Chaitnya_D (Telangana),Telangana,Telangana,2.571,162.0,63.0,69.744,3,1.0,286.0,2.571,,,,2.571,
IND736135AAA -> IND736165AAA,Dinhata_WrdN4DPP_D (West Bengal),Pundibari_StatonRD_D (West Bengal),West Bengal,West Bengal,2.553,96.0,37.0,38.811,5,1.0,285.0,2.553,,2.553,,,
IND506001AAC -> IND505467AAA,Warangal_Central_D_2 (Telangana),Husnabad_Greenmkt_D (Telangana),Telangana,Telangana,1.588,55.0,35.0,41.892,13,1.0,285.0,1.588,,,,,1.588
IND500055AAC -> IND501401AAC,Hyderabad_North_D_2 (Telangana),Medchal_MROoffce_D (Telangana),Telangana,Telangana,2.538,27.0,11.0,15.488,17,1.0,284.0,,2.538,2.603,,,2.5
IND311001AAA -> IND313324AAA,Bhilwara_DC (Rajasthan),Rajsamand_kankroli_D (Rajasthan),Rajasthan,Rajasthan,1.846,120.0,65.0,89.739,5,1.0,284.0,1.846,,,,,1.846
IND826004AAA -> IND815301AAA,Dhanbad_Kalynpur_I (Jharkhand),Giridih_Shivalya_D (Jharkhand),Jharkhand,Jharkhand,1.964,110.0,55.0,63.542,5,1.0,284.0,1.964,,,,1.964,
IND560085AAA -> IND562132AAA,Bengaluru_Banshkri_DC (Karnataka),Bangalore_Nelmngla_H (Karnataka),Karnataka,Karnataka,1.842,70.0,36.0,30.073,7,1.0,284.0,,1.842,2.972,,,1.596
IND620020AAA -> IND621112AAA,Tiruchi (Tamil Nadu),Tiruchi_Samyaprm_D (Tamil Nadu),Tamil Nadu,Tamil Nadu,1.769,22.0,13.0,15.618,25,1.0,283.0,,1.769,1.708,,,2.0
IND322230AAA -> IND322241AAA,Hindaun_MndwrRod_D (Rajasthan),Karauli_HnsChowk_D (Rajasthan),Rajasthan,Rajasthan,1.607,45.0,28.0,32.253,14,1.0,282.0,,1.607,,,,1.607
IND591304AAA -> IND586101AAA,Athani_VikrmMah_D (Karnataka),Bijapur_KirtiNgr_D (Karnataka),Karnataka,Karnataka,1.501,99.5,67.0,76.626,8,1.0,281.0,1.501,,,,,1.501
IND424304AAC -> IND425412AAA,Sakri_DhuleRoad_D (Maharashtra),Nandurbar_DhuleRd_D (Maharashtra),Maharashtra,Maharashtra,1.771,65.0,37.0,52.992,9,1.0,281.0,1.771,,,,,1.771
IND332001AAB -> IND334001AAC,Sikar_FatehpRd_I (Rajasthan),Bikaner_ITICollg_L (Rajasthan),Rajasthan,Rajasthan,1.588,243.0,154.0,213.635,3,1.0,279.0,1.588,,,,1.588,
IND362001AAA -> IND360370AAA,Junagadh_DPC (Gujarat),Jetpur_DC (Gujarat),Gujarat,Gujarat,2.065,47.5,23.0,32.882,10,1.0,279.0,2.065,,,,,2.065
IND176110AAB -> IND177033AAA,Sujanpur_SainkSCL_D (Himachal Pradesh),Nadaun_Ward6_D (Himachal Pradesh),Himachal Pradesh,Himachal Pradesh,2.1,63.0,30.0,27.342,9,1.0,278.0,2.1,,2.1,,,
IND142026AAA -> IND141109AAA,Jagraon_DC (Punjab),Raikot_DC (Punjab),Punjab,Punjab,1.437,51.0,35.0,23.548,18,1.0,278.0,1.437,,,,,1.437
IND585211AAA -> IND585222AAA,Chittapur_GlbrgaRD_D (Karnataka),Sedam_DBRCmplx_D (Karnataka),Karnataka,Karnataka,1.5,36.0,24.0,25.184,17,1.0,277.0,,1.5,,,,1.5
IND788713AAA -> IND788806AAA,Karimganj_Alngjuri_D (Assam),Badarpur_Konapara_D (Assam),Assam,Assam,2.923,38.0,13.0,19.651,10,1.0,277.0,2.923,,2.692,,,3.626
IND509358AAA -> IND509324AAA,Kadthal_GndhiDPP_D (Telangana),Kalwakurthy_VidyaNGR_D (Telangana),Telangana,Telangana,1.704,45.0,27.0,37.046,9,1.0,277.0,1.704,,,,1.709,1.286
IND843126AAA -> IND842001AAA,Saraiya_Wardno4_D (Bihar),Muzaffrpur_Bbganj_I (Bihar),Bihar,Bihar,2.397,43.0,17.5,25.358,10,1.0,277.0,,2.397,2.294,,,2.5
IND591201AAA -> IND591304AAA,Chikodi_IndraNgr_D (Karnataka),Athani_VikrmMah_D (Karnataka),Karnataka,Karnataka,1.434,87.5,60.0,73.905,10,1.0,275.0,1.434,,,,1.426,1.443
IND786001AAB -> IND786184AAA,Dibrugarh_Bokule_H (Assam),Chabua_CollgeRD_D (Assam),Assam,Assam,2.077,27.5,13.5,20.008,10,1.0,274.0,,2.077,,,2.137,2.077
IND302014AAB -> IND302006AAA,Jaipur_Central_I_7 (Rajasthan),Jaipur (Rajasthan),Rajasthan,Rajasthan,1.935,30.5,16.0,16.095,16,1.0,274.0,,1.935,1.938,,,1.611
IND502313AAA -> IND503111AAC,Narsapur_Xroad_D (Telangana),Kamareddy_Devenply_I (Telangana),Telangana,Telangana,1.696,106.5,62.0,85.244,6,1.0,274.0,1.696,,1.696,,,
IND413531AAA -> IND413517AAA,Latur_Srnwsngr_D (Maharashtra),Udgir_NlgaonRd_D (Maharashtra),Maharashtra,Maharashtra,2.579,116.0,46.0,65.231,4,1.0,273.0,,2.579,2.543,,,2.614
IND721602AAB -> IND721139AAC,Haldia_Central_D_2 (West Bengal),Panskura_Central_D_3 (West Bengal),West Bengal,West Bengal,1.798,111.5,60.5,70.147,4,1.0,273.0,,1.798,1.798,,,
IND562114AAA -> IND560067AAC,Hoskote_DC (Karnataka),Bengaluru_Kadugodi_D (Karnataka),Karnataka,Karnataka,3.622,35.5,10.0,11.429,8,1.0,273.0,,3.622,,,,3.622
IND370001AAA -> IND370615AAB,Bhuj_DC (Gujarat),Nakhatrana_ClgRDDPP_D (Gujarat),Gujarat,Gujarat,1.773,80.0,44.0,47.772,8,1.0,271.0,1.773,,1.715,,,1.886
IND380006AAA -> IND382430AAB,Ahmedabad_Paldi_D (Gujarat),Ahmedabad_East_H_1 (Gujarat),Gujarat,Gujarat,2.091,22.0,11.0,14.259,18,1.0,271.0,,2.091,1.818,,,2.7
IND411033AAA -> IND410503AAA,Pune_Tathawde_H (Maharashtra),Ambegaon_Manchar_D (Maharashtra),Maharashtra,Maharashtra,2.681,126.0,47.0,58.269,3,1.0,271.0,,2.681,,,2.681,
IND824101AAA -> IND821115AAB,AurngbadBR_Mahindra_D (Bihar),Sasaram_Central_I_2 (Bihar),Bihar,Bihar,1.929,59.0,29.0,38.883,7,1.0,270.0,1.929,,,,,1.929
IND641062AAD -> IND641607AAA,Coimbatore_Karayam_H (Tamil Nadu),Tirupur_Koliplm_I (Tamil Nadu),Tamil Nadu,Tamil Nadu,1.7,49.5,30.0,31.048,12,1.0,270.0,1.7,,,1.733,1.667,
IND480661AAA -> IND481661AAA,Seoni_Kidwai_D (Madhya Pradesh),Mandla_Mharajpr_D (Madhya Pradesh),Madhya Pradesh,Madhya Pradesh,1.396,144.5,103.5,123.729,6,0.833,270.0,1.396,,1.396,,,
IND384265AAB -> IND385320AAA,Patan_Central_D_2 (Gujarat),Bhabhar_TirupDPP_D (Gujarat),Gujarat,Gujarat,1.293,98.0,75.0,81.505,11,0.818,270.0,1.293,,,,,1.293
IND803101AAA -> IND805110AAD,BiharSarif_Soghra_D (Bihar),Nawada_Central_DPP_2 (Bihar),Bihar,Bihar,2.261,52.0,23.0,32.274,9,1.0,270.0,2.261,,,,2.288,2.261
IND333031AAA -> IND331023AAA,Pilani (Rajasthan),Rajgarh_SadulDPP_D (Rajasthan),Rajasthan,Rajasthan,2.8,84.0,29.0,39.962,5,1.0,269.0,2.8,,,,,2.8
IND465333AAA -> IND462022AAA,Shujalpur_AstrdDPP_D (Madhya Pradesh),Bhopal_Trnsport_H (Madhya Pradesh),Madhya Pradesh,Madhya Pradesh,1.865,194.0,103.0,146.42,3,1.0,269.0,1.865,,,1.865,,
IND400011AAA -> IND400072AAB,LowerParel_CP (Maharashtra),Mumbai Hub (Maharashtra),Maharashtra,Maharashtra,2.312,34.0,15.0,16.63,12,1.0,268.0,,2.312,,2.683,2.267,
IND560300AAA -> IND563101AAB,Bengaluru_KGAirprt_HB (Karnataka),Kolar_Ambedkar_D (Karnataka),Karnataka,Karnataka,1.966,110.0,55.0,64.256,5,1.0,268.0,,1.966,,,1.966,
IND110014AAA -> IND110024AAA,Delhi_Bhogal (Delhi),Delhi_Lajpat_IP (Delhi),Delhi,Delhi,3.429,34.0,11.0,11.541,11,1.0,268.0,,3.429,3.429,,,3.364
IND400612AAA -> IND421302AAR,Mumbai_Mumbra_DC (Maharashtra),Mumbai_East_I_21 (Maharashtra),Maharashtra,Maharashtra,2.375,28.5,12.0,14.386,10,1.0,267.0,,2.375,,,,2.375
IND805110AAD -> IND803116AAA,Nawada_Central_DPP_2 (Bihar),Rajgir_PnditNGR_D (Bihar),Bihar,Bihar,2.333,49.0,21.0,24.829,9,1.0,267.0,2.333,,,,,2.333
IND585211AAA -> IND585104AAA,Chittapur_GlbrgaRD_D (Karnataka),Gulbarga_Nehrugnj_I (Karnataka),Karnataka,Karnataka,2.211,84.0,38.0,47.527,3,1.0,266.0,,2.211,3.848,,,2.211
IND390020AAA -> IND391110AAD,Vadodara (Gujarat),Dabhoi_Central_DPP_3 (Gujarat),Gujarat,Gujarat,1.853,63.0,34.0,35.34,7,1.0,266.0,,1.853,,,,1.853
IND322201AAA -> IND303503AAA,Gangapur_Ward6DPP_D (Rajasthan),Lalsot_NWclyDPP_D (Rajasthan),Rajasthan,Rajasthan,1.694,50.0,30.0,42.432,12,1.0,266.0,,1.694,,,,1.694
IND712124AAA -> IND712310AAE,Hooghly_DC (West Bengal),Kolkata_North_I_4 (West Bengal),West Bengal,West Bengal,4.818,106.0,19.0,19.016,3,1.0,266.0,,4.818,4.371,,,8.579
IND281401AAA -> IND121004AAB,Chhata_GvrdnDPP_D (Uttar Pradesh),FBD_Balabhgarh_DPC (Haryana),Uttar Pradesh,Haryana,2.262,147.0,65.0,92.892,3,1.0,265.0,,2.262,,,,2.262
IND842001AAA -> IND843329AAB,Muzaffrpur_Bbganj_I (Bihar),Sheohar_Ward9DPP_D (Bihar),Bihar,Bihar,1.379,79.0,58.0,70.415,13,0.923,265.0,1.379,,,,1.379,
IND577132AAD -> IND573134AAB,Mudigere_HesglDPP_D (Karnataka),Sakleshpur_RgvdrDPP_D (Karnataka),Karnataka,Karnataka,1.84,53.0,31.0,37.175,11,0.909,265.0,1.84,,,,,1.84
IND411033AAA -> IND414001AAA,Pune_Tathawde_H (Maharashtra),AhmedNagar_DC (Maharashtra),Maharashtra,Maharashtra,1.776,190.0,107.0,141.549,3,1.0,264.0,1.776,,,,1.776,
IND201007AAB -> IND110044AAB,Ghaziabad_MohanNgr_C (Uttar Pradesh),Del_Okhla_PC (Delhi),Uttar Pradesh,Delhi,1.754,54.0,33.5,28.596,10,0.9,263.0,,1.754,,1.754,1.475,
IND335513AAA -> IND335001AAA,Hanumangarh_DC (Rajasthan),Ganga Nagar_DC (Rajasthan),Rajasthan,Rajasthan,1.791,89.5,50.0,62.991,6,1.0,262.0,1.791,,,,,1.791
IND341303AAA -> IND341306AAA,Didwana_KatlaDPP_D (Rajasthan),Sujangarh_LdnunDPP_D (Rajasthan),Rajasthan,Rajasthan,1.673,42.0,24.0,34.118,14,1.0,262.0,1.673,,1.673,,,
IND476111AAA -> IND477001AAA,Ambah_MrenTirh_D (Madhya Pradesh),Bhind_BhrolDPP_D (Madhya Pradesh),Madhya Pradesh,Madhya Pradesh,1.96,99.0,51.5,65.128,6,1.0,262.0,1.96,,,,,1.96
IND605010AAB -> IND607001AAA,Pondicherry_Vasanthm_I (Pondicherry),Cuddalore_KtsiGrsm_D (Tamil Nadu),Pondicherry,Tamil Nadu,1.741,50.5,29.0,25.686,12,1.0,262.0,1.741,,,,,1.741
IND344022AAB -> IND344001AAA,Balotra_BsnoiHPL_D (Rajasthan),Barmer_Nehru3PL_D (Rajasthan),Rajasthan,Rajasthan,1.449,99.0,68.0,96.231,9,0.778,261.0,1.449,,1.251,,,1.545
IND533262AAA -> IND533106AAA,Draksharamam_Anaipeta_D (Andhra Pradesh),Rajamundry_AtoNgrRd_I (Andhra Pradesh),Andhra Pradesh,Andhra Pradesh,1.83,85.0,47.0,53.563,7,1.0,261.0,1.83,,1.848,,,1.766
IND160102AAD -> IND160002AAC,Chandigarh_Raiprkln_C (Chandigarh),Chandigarh_Mehmdpur_H (Punjab),Chandigarh,Punjab,1.59,52.5,34.0,43.661,12,1.0,260.0,,1.59,,,,1.59
IND573201AAB -> IND573103AAA,Hassan_Pandrnga_I (Karnataka),Arsikere_HsnRdDPP_D (Karnataka),Karnataka,Karnataka,2.85,114.0,40.0,44.109,3,1.0,260.0,2.85,,,,2.85,
IND781018AAB -> IND781003AAA,Guwahati_Hub (Assam),Guwahati_Chandmari (Assam),Assam,Assam,1.951,80.0,41.0,32.796,7,0.571,259.0,,1.951,2.0,,0.844,0.976
IND125001AAA -> IND125047AAB,Hisar_ModelTwn_P (Haryana),Hisar_AgrohDPP_D (Haryana),Haryana,Haryana,2.057,73.0,35.0,42.033,7,1.0,259.0,2.057,,,,2.057,
IND742137AAA -> IND742401AAA,Kandi_DohalDPP_D (West Bengal),Ghanashyampur_NditaDPP_D (West Bengal),West Bengal,West Bengal,2.309,68.5,29.5,26.848,6,1.0,258.0,,2.309,,,,2.309
IND826004AAA -> IND815353AAA,Dhanbad_Kalynpur_I (Jharkhand),Madhupur_Sitarmrd_D (Jharkhand),Jharkhand,Jharkhand,1.799,153.0,85.0,104.405,4,1.0,258.0,1.799,,,,1.86,1.506
IND473226AAA -> IND473001AAA,Guna_Raghogrh_D (Madhya Pradesh),Guna_HnumnDPP_D (Madhya Pradesh),Madhya Pradesh,Madhya Pradesh,1.304,51.5,39.0,32.341,10,0.8,257.0,1.304,,1.304,,,
IND431107AAB -> IND431136AAC,Paithan_SantaNGR_D (Maharashtra),Aurangabad_Central_H_1 (Maharashtra),Maharashtra,Maharashtra,1.87,93.5,50.0,49.064,6,1.0,257.0,1.87,,,,,1.87
IND621802AAA -> IND608301AAA,Jayamkondan_Chithbrm_D (Tamil Nadu),Lalpet_PriyrNGR_D (Tamil Nadu),Tamil Nadu,Tamil Nadu,2.556,44.0,17.0,24.29,10,1.0,256.0,2.556,,,,,2.556
IND605010AAB -> IND600056AAB,Pondicherry_Vasanthm_I (Pondicherry),MAA_Poonamallee_HB (Tamil Nadu),Pondicherry,Tamil Nadu,1.692,220.0,130.0,152.23,3,1.0,255.0,1.692,,,,,1.692
IND413304AAA -> IND413002AAA,Pandharpur_RajCmplx_D (Maharashtra),Solapur_Central_I_2 (Maharashtra),Maharashtra,Maharashtra,2.0,104.0,52.0,73.514,5,1.0,255.0,,2.0,2.0,,,
IND110044AAB -> IND201301AAF,Del_Okhla_PC (Delhi),Noida_Sec 02_DPC (Uttar Pradesh),Delhi,Uttar Pradesh,1.913,30.0,14.0,12.7,12,1.0,255.0,,1.913,,1.5,2.214,
IND585314AAA -> IND586211AAA,Aland_RazaviRd_D (Karnataka),Indi_SindgiRD_D (Karnataka),Karnataka,Karnataka,1.938,188.0,97.0,104.968,3,1.0,254.0,,1.938,,,,1.938
IND246444AAB -> IND246424AAA,Karnaprayag_Umalodge_D (Uttarakhand),Chamoli_CGRoad_D (Uttarakhand),Uttarakhand,Uttarakhand,1.409,60.0,42.0,28.088,15,1.0,254.0,1.409,,1.395,1.414,,1.555
IND781014AAA -> IND781124AAA,Guwahati_Jalukbari (Assam),Chhaygaon_GwhRDDPP_D (Assam),Assam,Assam,2.215,48.0,23.0,33.037,8,1.0,254.0,,2.215,,,,2.215
IND121004AAB -> IND121004AAA,FBD_Balabhgarh_DPC (Haryana),Faridabad_Blbgarh_DC (Haryana),Haryana,Haryana,1.75,22.0,12.0,16.545,23,1.0,254.0,,1.75,1.8,,1.75,1.5
IND422011AAD -> IND422103AAC,Nashik_TgrniaRD_I (Maharashtra),Sinnar_Central_D_1 (Maharashtra),Maharashtra,Maharashtra,1.405,52.0,37.0,40.74,11,1.0,253.0,,1.405,,,,1.405
IND680712AAA -> IND683511AAA,Irinjlkuda_Greens_D (Kerala),Aluva_Peedika_H (Kerala),Kerala,Kerala,1.658,63.0,38.0,41.672,9,1.0,253.0,,1.658,,,,1.658
IND722143AAB -> IND723133AAA,Mejia_Central_D_1 (West Bengal),Rghunthpur_barkarRd_D (West Bengal),West Bengal,West Bengal,1.4,73.0,52.0,45.161,10,1.0,252.0,1.4,,,,,1.4
IND712311AAA -> IND713145AAB,Kolkata_Dankuni_HB (West Bengal),Manteswar_MemariRD_D (West Bengal),West Bengal,West Bengal,2.108,156.0,74.0,90.912,3,1.0,252.0,2.108,,,,2.108,
IND410501AAF -> IND411033AAA,Talegaon_Central_DPP_4 (Maharashtra),Pune_Tathawde_H (Maharashtra),Maharashtra,Maharashtra,5.201,78.5,15.5,16.925,4,1.0,252.0,,5.201,4.714,5.688,,
IND231217AAA -> IND231225AAB,Renukoot_Govind_D (Uttar Pradesh),Anpara_Parasi_D (Uttar Pradesh),Uttar Pradesh,Uttar Pradesh,2.4,61.0,26.0,36.377,7,1.0,252.0,2.4,,,,,2.4
IND160002AAC -> IND147001AAD,Chandigarh_Mehmdpur_H (Punjab),Patiala_GainMrkt_L (Punjab),Punjab,Punjab,2.053,71.0,38.0,52.5,7,1.0,252.0,2.053,,,,2.053,
IND611001AAA -> IND610001AAA,Nagapttinm_Sttyapar_D (Tamil Nadu),Thiruvarur_Bypasrd_D (Tamil Nadu),Tamil Nadu,Tamil Nadu,2.344,38.5,17.0,23.654,10,1.0,251.0,2.344,,2.344,,,
IND140901AAA -> IND160055AAA,Chandigarh_Mullanpr_DC (Chandigarh),Chandigarh_Mohali (Chandigarh),Chandigarh,Chandigarh,1.786,25.0,14.0,13.594,20,1.0,251.0,,1.786,,,,1.786
IND509203AAA -> IND509301AAA,Bijnapally_nagar_D (Telangana),Jadcherla_Badeplly_D (Telangana),Telangana,Telangana,1.5,39.0,26.0,28.623,19,1.0,251.0,1.5,,,,,1.5
IND562132AAA -> IND560058AAB,Bangalore_Nelmngla_H (Karnataka),Bengaluru_Peenya_IP (Karnataka),Karnataka,Karnataka,1.894,29.5,16.0,13.776,20,0.75,250.0,,1.894,1.893,1.643,1.333,2.417
IND521105AAA -> IND521333AAA,HanumanJNC_VijywdRD_D (Andhra Pradesh),Kaikaluru_Atapaka_D (Andhra Pradesh),Andhra Pradesh,Andhra Pradesh,2.415,107.5,44.0,43.657,4,1.0,250.0,2.415,,,,,2.415
IND136118AAA -> IND136128AAA,Kurukshetra_DC (Haryana),Pehowa_WdN14DPP_D (Haryana),Haryana,Haryana,1.4,38.0,27.5,28.101,22,1.0,250.0,1.4,,,,,1.4
IND422103AAC -> IND422605AAA,Sinnar_Central_D_1 (Maharashtra),Sangamner_JawanChk_D (Maharashtra),Maharashtra,Maharashtra,1.797,54.0,30.0,38.886,10,1.0,249.0,,1.797,,,,1.797
IND403601AAA -> IND403726AAB,Goa_Margao_Dc (Goa),Goa_ZuariNgr_IP (Goa),Goa,Goa,1.783,23.0,14.5,15.608,4,1.0,248.0,,1.783,,,,1.783
IND530026AAA -> IND531036AAA,Vizag_Gajuwaka (Andhra Pradesh),Chodavaram_BaljiDPP_D (Andhra Pradesh),Andhra Pradesh,Andhra Pradesh,2.828,90.5,32.0,38.539,4,1.0,247.0,,2.828,,,,2.828
IND342601AAA -> IND342902A1B,Piparcity_BsstdDPP_D (Rajasthan),,Rajasthan,,1.95,80.0,40.5,38.849,6,1.0,247.0,1.95,,2.132,,,1.947
IND140401AAA -> IND000000ACA,Rajpura_DC (Punjab),Ludhiana_MilrGanj_HB (Punjab),Punjab,Punjab,2.815,148.0,52.0,74.184,3,1.0,246.0,2.815,,,,,2.815
IND691574AAA -> IND695614AAA,Kalluvathukal_Pariplly_D (Kerala),Kilimanoor_Krvnkuzy_D (Kerala),Kerala,Kerala,1.55,30.0,20.0,21.68,21,1.0,246.0,,1.55,,,,1.55
IND781005AAA -> IND781018AAB,Guwahati_North (Assam),Guwahati_Hub (Assam),Assam,Assam,1.333,48.0,36.0,35.462,10,0.7,246.0,,1.333,1.333,,,1.333
IND244412AAA -> IND244901AAB,Chandausi_Ganesh_D (Uttar Pradesh),Rampur_RoshnBgh_I (Uttar Pradesh),Uttar Pradesh,Uttar Pradesh,1.988,159.0,80.0,81.051,3,1.0,245.0,1.988,,,,,1.988
IND244901AAB -> IND244921AAB,Rampur_RoshnBgh_I (Uttar Pradesh),Bilaspur_GrmNgriya_D (Uttar Pradesh),Uttar Pradesh,Uttar Pradesh,3.043,70.0,23.0,28.266,5,1.0,244.0,,3.043,,2.333,3.043,
IND523105AAA -> IND524201AAA,Kandukur_LICOffce_D (Andhra Pradesh),Kavali_Kacheri_D (Andhra Pradesh),Andhra Pradesh,Andhra Pradesh,1.306,53.0,41.0,55.906,19,0.789,244.0,1.306,,,,1.425,1.296
IND586101AAB -> IND416404AAA,Bijapur_Central_D_2 (Karnataka),Jath_Shivprsad_D (Maharashtra),Karnataka,Maharashtra,2.07,89.0,43.0,60.652,5,1.0,244.0,2.07,,2.326,,,2.046
IND505209AAA -> IND505001AAB,Ramagundam_Pdmavati_D (Telangana),Karimnagar_KamnHbRD_I (Telangana),Telangana,Telangana,1.956,88.0,46.0,64.299,3,1.0,243.0,1.956,,,,,1.956
IND131028AAB -> IND250611AAA,Sonipat_Kundli_H (Haryana),Baraut_SrnprHwy_D (Uttar Pradesh),Haryana,Uttar Pradesh,3.314,116.0,35.0,38.989,3,1.0,243.0,3.314,,,,3.314,
IND212501AAA -> IND212402AAA,Soraon_BypassRD_D (Uttar Pradesh),Phulpur_Shekhpur_D (Uttar Pradesh),Uttar Pradesh,Uttar Pradesh,1.72,43.0,25.0,23.478,13,1.0,243.0,,1.72,1.72,,,
IND638657AAA -> IND638701AAA,Dharapuram_Techrcly_D (Tamil Nadu),Kangayam_Thvlrsrt_D (Tamil Nadu),Tamil Nadu,Tamil Nadu,1.457,43.5,29.5,31.947,16,1.0,242.0,,1.457,,,,1.457
IND305802AAA -> IND341512AAA,Kishangarh_Central_D_2 (Rajasthan),Parbatsar_AjmhwDPP_D (Rajasthan),Rajasthan,Rajasthan,2.017,70.0,35.0,38.394,6,1.0,242.0,2.017,,,,,2.017
IND632301AAA -> IND606803AAA,Arani_KrthiKyn_D (Tamil Nadu),Polur_StationRD_D (Tamil Nadu),Tamil Nadu,Tamil Nadu,2.158,43.0,19.0,22.814,11,1.0,242.0,2.158,,,,,2.158
IND623315AAB -> IND614620AAA,Oriyur_Vllyaprm_D (Tamil Nadu),Manamelkudi_TmpleSrt_D (Tamil Nadu),Tamil Nadu,Tamil Nadu,1.517,45.0,30.0,35.117,15,1.0,240.0,,1.517,,,,1.517
IND272001AAA -> IND273014AAB,Basti_GndhiNgr_D (Uttar Pradesh),Gorakhpur_Matriprm_IP (Uttar Pradesh),Uttar Pradesh,Uttar Pradesh,1.676,124.0,77.0,109.103,5,0.8,240.0,1.676,,,1.676,,
IND742226AAA -> IND742101AAC,Sagardighi_UtBzrDPP_D (West Bengal),Baharampur_Chuanpur_I (West Bengal),West Bengal,West Bengal,2.095,77.5,36.5,33.31,6,1.0,240.0,,2.095,,,,2.095
IND563101AAB -> IND563131AAA,Kolar_Ambedkar_D (Karnataka),Mulbagal_Sunku_D (Karnataka),Karnataka,Karnataka,1.565,36.5,24.0,31.277,14,1.0,239.0,,1.565,,,,1.565
IND622407AAA -> IND622001AAA,Ponnamaravathi_Puduvalvu_D (Tamil Nadu),Pudukkotti_Mrthndpr_D (Tamil Nadu),Tamil Nadu,Tamil Nadu,1.478,50.0,34.0,36.757,14,1.0,239.0,1.478,,1.853,,,1.471
IND786125AAA -> IND786190AAA,Tinusukia_Chrwpaty_D (Assam),DoomDooma_Pthrgoan_D (Assam),Assam,Assam,3.062,49.0,16.0,23.594,7,1.0,238.0,,3.062,,,,3.062
IND515301AAA -> IND561202AAB,Madakasira_RTCStand_D (Andhra Pradesh),Pavagada_PnukndRD_D (Karnataka),Andhra Pradesh,Karnataka,1.757,29.5,17.0,17.392,16,1.0,238.0,,1.757,,,,1.757
IND515671AAA -> IND515134AAA,Dharmavram_SaiNgr_D (Andhra Pradesh),Puttaprthi_Gokulam_D (Andhra Pradesh),Andhra Pradesh,Andhra Pradesh,1.519,51.0,35.0,37.109,13,1.0,237.0,1.519,,,,1.531,1.333
IND784125AAA -> IND784110AAA,Mangaldoi_LNBRoad_D (Assam),Dhekiajuli_Wardno5_D (Assam),Assam,Assam,2.583,124.0,49.0,62.479,3,1.0,237.0,2.583,,,2.583,,
IND621212AAA -> IND621704AAA,Perambalur_goplpurm_D (Tamil Nadu),Ariyalur_Kmrajngr_D (Tamil Nadu),Tamil Nadu,Tamil Nadu,1.555,35.5,23.0,30.626,16,1.0,237.0,1.555,,,,,1.555
IND421302AAR -> IND400612AAA,Mumbai_East_I_21 (Maharashtra),Mumbai_Mumbra_DC (Maharashtra),Maharashtra,Maharashtra,2.364,27.0,12.0,14.255,14,1.0,237.0,,2.364,,,2.154,2.364
IND768216AAA -> IND770001AAA,Brajrajnagar_LamtiDPP_D (Orissa),Sundargarh_DiyoDPP_D (Orissa),Orissa,Orissa,2.206,75.0,35.0,39.775,5,1.0,235.0,2.206,,,,,2.206
IND734214AAB -> IND000000AFF,Mirik_WardNo3_D (West Bengal),Darjeeling_Hillcard_DC (West Bengal),West Bengal,West Bengal,3.179,118.0,36.0,40.47,3,1.0,235.0,3.179,,3.179,,,
IND423106AAA -> IND423105AAA,Manmad_Malegaon_D (Maharashtra),Malegaon_Rawlgaon_D (Maharashtra),Maharashtra,Maharashtra,1.528,52.5,34.0,36.795,8,1.0,234.0,1.528,,,,,1.528
IND515134AAA -> IND515591AAA,Puttaprthi_Gokulam_D (Andhra Pradesh),Kadiri_GVManu_D (Andhra Pradesh),Andhra Pradesh,Andhra Pradesh,1.588,77.0,48.0,44.932,8,1.0,233.0,1.588,,,,1.625,1.367
IND302014AAB -> IND303008AAB,Jaipur_Central_I_7 (Rajasthan),Dudu_NrainaRD_D (Rajasthan),Rajasthan,Rajasthan,1.873,103.0,55.0,73.95,5,1.0,233.0,,1.873,,,1.873,
IND465669AAB -> IND465683AAA,Narsinghgarh_Central_D_1 (Madhya Pradesh),Pachore_Shop3DPP_D (Madhya Pradesh),Madhya Pradesh,Madhya Pradesh,1.528,55.0,35.0,39.0,11,1.0,231.0,1.528,,1.528,,,
IND302014AAB -> IND303303AAA,Jaipur_Central_I_7 (Rajasthan),Dausa_IndraCln_D (Rajasthan),Rajasthan,Rajasthan,3.0,159.0,53.0,71.509,3,1.0,231.0,,3.0,,,3.0,
IND842001AAA -> IND843126AAA,Muzaffrpur_Bbganj_I (Bihar),Saraiya_Wardno4_D (Bihar),Bihar,Bihar,3.0,54.0,18.0,26.257,3,1.0,231.0,,3.0,,,5.928,3.0
IND683565AAA -> IND683511AAA,Kunnathund_Pringla_D (Kerala),Aluva_Peedika_H (Kerala),Kerala,Kerala,1.895,36.0,20.0,15.811,13,1.0,230.0,,1.895,,,,1.895
IND700053AAA -> IND743513AAA,CCU_New Alipore_DPC (West Bengal),Fatepur_NH117_D (West Bengal),West Bengal,West Bengal,3.0,78.0,27.0,31.33,4,1.0,230.0,,3.0,,,3.0,
IND486886AAA -> IND486889AAA,Singrauli_Waidhan_D (Madhya Pradesh),Singrauli_Ward8DPP_D (Madhya Pradesh),Madhya Pradesh,Madhya Pradesh,2.4,48.0,20.0,24.724,7,1.0,229.0,2.4,,,,,2.4
IND571111AAB -> IND571313AAB,Gundlupet_Swamylyt_D (Karnataka),Chamarjngr_BrDbleRd_D (Karnataka),Karnataka,Karnataka,1.717,52.5,31.0,33.755,10,1.0,228.0,1.717,,,,,1.717
IND713205AAB -> IND722202AAA,Durgapur_Central_I_1 (West Bengal),Barjora_Central_DPP_1 (West Bengal),West Bengal,West Bengal,3.153,59.0,18.5,17.487,4,1.0,228.0,,3.153,,,,3.153
IND203396AAB -> IND203390AAA,Pahasu_Kanongyn_D (Uttar Pradesh),Anupshahar_DcntCLY_D (Uttar Pradesh),Uttar Pradesh,Uttar Pradesh,1.333,52.0,39.0,43.141,15,0.933,228.0,1.333,,1.333,,,
IND203135AAA -> IND203390AAA,Jewar_SJRoad_D (Uttar Pradesh),Anupshahar_DcntCLY_D (Uttar Pradesh),Uttar Pradesh,Uttar Pradesh,1.54,144.0,92.5,94.051,4,1.0,228.0,1.54,,,,,1.54
IND122001AAD -> IND122050AAA,Gurgaon_Kadipur (Haryana),Gurgaon_Manesar (Haryana),Haryana,Haryana,1.887,34.0,20.0,16.642,10,0.9,227.0,,1.887,2.476,,,1.263
IND000000ACB -> IND110092AAC,Gurgaon_Bilaspur_HB (Haryana),Delhi_Patparganj_DPC (Delhi),Haryana,Delhi,1.658,121.0,74.0,69.591,5,1.0,226.0,,1.658,,1.753,1.514,
IND673104AAA -> IND673506AAA,Vadakara_Mandodi_D (Kerala),Kallachi_ZamQuatr_D (Kerala),Kerala,Kerala,1.714,27.0,16.0,15.435,17,0.941,226.0,,1.714,,,,1.714
IND424006AAA -> IND425412AAA,Dhule_MIDCAvdn_I (Maharashtra),Nandurbar_DhuleRd_D (Maharashtra),Maharashtra,Maharashtra,2.013,155.0,76.0,104.851,3,1.0,225.0,2.013,,,,2.113,1.737
IND691506AAA -> IND691305AAA,Kottarakkara_Amankovl_D (Kerala),Punalur_PostofJN_D (Kerala),Kerala,Kerala,1.528,28.5,19.0,17.803,20,1.0,225.0,,1.528,,,,1.528
IND607106AAA -> IND607801AAA,Panruti_GandhiRd_D (Tamil Nadu),Neyveli_NJVNgr_D (Tamil Nadu),Tamil Nadu,Tamil Nadu,2.16,25.5,12.0,17.64,14,1.0,223.0,,2.16,,,,2.16
IND673592AAA -> IND673121AAA,SultnBthry_Kollgpra_D (Kerala),Kalpetta_Ward19_D (Kerala),Kerala,Kerala,2.0,32.0,17.0,18.16,11,1.0,223.0,,2.0,,,,2.0
IND342005AAD -> IND344022AAB,Jodhpur_Basni_I (Rajasthan),Balotra_BsnoiHPL_D (Rajasthan),Rajasthan,Rajasthan,1.773,133.0,75.0,104.385,4,1.0,223.0,1.773,,,,,1.773
IND488001AAA -> IND471001AAA,Panna_Mohnprwa_D (Madhya Pradesh),Chhatarpur_Busstand_D (Madhya Pradesh),Madhya Pradesh,Madhya Pradesh,2.169,103.0,47.0,67.274,4,1.0,223.0,2.169,,,,,2.169
IND110037AAM -> IND201301AAF,Delhi_Airport_H (Delhi),Noida_Sec 02_DPC (Uttar Pradesh),Delhi,Uttar Pradesh,2.154,84.0,39.0,35.177,5,1.0,222.0,,2.154,,,,2.154
IND246763AAA -> IND244901AAB,Najibabad_KotdwrRD_D (Uttar Pradesh),Rampur_RoshnBgh_I (Uttar Pradesh),Uttar Pradesh,Uttar Pradesh,1.41,227.0,161.0,174.135,3,1.0,222.0,1.41,,1.597,,,1.404
IND575004AAB -> IND574117AAA,Mangalore_Kuntikna_H (Karnataka),Uchila_Busstand_D (Karnataka),Karnataka,Karnataka,2.345,69.0,30.0,33.899,5,1.0,222.0,2.345,,,2.345,2.594,
IND577535AAC -> IND577522AAA,Molakalmuru_KnsgraRD_D (Karnataka),Challakere_Shivangr_D (Karnataka),Karnataka,Karnataka,1.582,62.0,39.0,56.023,10,1.0,222.0,1.582,,,,,1.582
IND396445AAA -> IND396321AAA,Navsari_DC (Gujarat),Bilimora_DC (Gujarat),Gujarat,Gujarat,2.2,54.0,25.0,27.375,7,1.0,220.0,,2.2,,,,2.2
IND641062AAD -> IND641001AAA,Coimbatore_Karayam_H (Tamil Nadu),Coimbatore_Ukkadam_D (Tamil Nadu),Tamil Nadu,Tamil Nadu,3.889,105.0,27.0,32.356,3,1.0,220.0,,3.889,3.889,,,
IND781003AAA -> IND781018AAB,Guwahati_Chandmari (Assam),Guwahati_Hub (Assam),Assam,Assam,3.108,115.0,37.0,28.213,3,1.0,219.0,,3.108,,,,3.108
IND342602AAC -> IND311302AAA,Bilara_Central_DPP_2 (Rajasthan),Badnaur_BhmrdDPP_D (Rajasthan),Rajasthan,Rajasthan,2.026,154.0,76.0,107.459,3,1.0,219.0,2.026,,,,,2.026
IND395023AAD -> IND395001AAA,Surat_Central_I_4 (Gujarat),Surat_Central_D_9 (Gujarat),Gujarat,Gujarat,2.436,30.5,13.0,13.718,8,1.0,219.0,,2.436,2.538,,,1.857
IND121004AAB -> IND121001AAA,FBD_Balabhgarh_DPC (Haryana),Faridabad (Haryana),Haryana,Haryana,1.809,19.5,11.0,11.526,24,1.0,218.0,,1.809,1.556,,,1.933
IND802213AAB -> IND802212AAA,Dinara_Wardno7_D (Bihar),Bikramgang_Dehrird_D (Bihar),Bihar,Bihar,3.5,59.0,17.0,19.749,5,1.0,218.0,3.5,,,,,3.5
IND415409AAB -> IND415124AAA,Islampur_Shantanu_D (Maharashtra),Karad_Mundhe_D (Maharashtra),Maharashtra,Maharashtra,1.667,40.0,23.0,29.927,13,0.846,217.0,1.667,,,,1.667,1.657
IND332404AAA -> IND332001AAB,Reengus_Shop2DPP_D (Rajasthan),Sikar_FatehpRd_I (Rajasthan),Rajasthan,Rajasthan,1.419,52.5,37.0,50.621,12,1.0,216.0,1.419,,,,1.419,
IND246001AAA -> IND249201AAA,Pauri_Khndyusn_D (Uttarakhand),Rishikesh_DC (Uttarakhand),Uttarakhand,Uttarakhand,1.276,206.0,161.5,108.942,4,1.0,216.0,1.276,,1.335,1.216,,
IND133004AAA -> IND135001AAA,Ambala (Haryana),YamunaNagar_DC (Haryana),Haryana,Haryana,1.661,90.5,54.0,56.624,6,1.0,216.0,1.661,,,,,1.661
IND609110AAA -> IND609602AAA,Sirkazhi_Pngktgudi_D (Tamil Nadu),Karaikal_Thalthru_DC (Pondicherry),Tamil Nadu,Pondicherry,1.929,55.0,29.5,42.076,8,1.0,216.0,1.929,,1.857,,,2.034
IND756019AAA -> IND757025AAA,Balasore_Ganeshwr_D (Orissa),Betnoti_MhliaDPP_D (Orissa),Orissa,Orissa,2.217,42.0,20.0,27.345,8,1.0,216.0,2.217,,2.333,2.0,,
IND735224AAA -> IND736146AAA,Mainaguri_MilpaDPP_D (West Bengal),Mathabhang_Pshimpra_D (West Bengal),West Bengal,West Bengal,1.494,72.5,49.0,57.716,8,1.0,216.0,1.494,,1.494,,,
IND560060AAB -> IND560099AAB,Bengaluru_Kengeri_IP (Karnataka),Bengaluru_Bomsndra_HB (Karnataka),Karnataka,Karnataka,1.364,44.0,32.0,30.659,15,0.8,216.0,,1.364,1.305,,1.552,
IND637408AAA -> IND637001AAA,Rasipurm_Knrpati_D (Tamil Nadu),Namakkal_Rkcomplx_DC (Tamil Nadu),Tamil Nadu,Tamil Nadu,1.759,51.0,29.0,34.408,10,1.0,214.0,1.759,,1.397,1.969,,
IND421302AAF -> IND421302AAR,Mumbai_Kalyan (Maharashtra),Mumbai_East_I_21 (Maharashtra),Maharashtra,Maharashtra,2.944,26.5,9.0,11.679,12,1.0,214.0,,2.944,,,,2.944
IND244301AAA -> IND244412AAA,Sambhal_Khwssrai_D (Uttar Pradesh),Chandausi_Ganesh_D (Uttar Pradesh),Uttar Pradesh,Uttar Pradesh,1.613,50.0,31.0,28.767,11,1.0,213.0,1.613,,,,,1.613
IND401104AAB -> IND400072AAB,Mumbai_MiraRoad_M (Maharashtra),Mumbai Hub (Maharashtra),Maharashtra,Maharashtra,2.267,34.0,15.0,20.081,5,1.0,213.0,,2.267,,,2.233,9.5
IND388320AAA -> IND390022AAA,Anand_Vaghasi_IP (Gujarat),Vadodara_Karelibaug_DPC (Gujarat),Gujarat,Gujarat,2.092,61.0,31.0,38.718,6,1.0,213.0,2.092,,,,2.092,
IND144040AAA -> IND144001AAB,Nakodar_ChowkDPP_D (Punjab),Jalandhar_DPC (Punjab),Punjab,Punjab,2.126,41.5,19.0,27.093,10,1.0,213.0,2.126,,,,,2.126
IND201301AAF -> IND201304AAA,Noida_Sec 02_DPC (Uttar Pradesh),Noida_Sec-83_DC (Uttar Pradesh),Uttar Pradesh,Uttar Pradesh,1.795,28.5,16.0,11.359,12,1.0,212.0,,1.795,1.84,,1.333,1.778
IND500039AAC -> IND500035AAD,Hyderabad_Uppal_I (Telangana),Hyderabad_South_D_12 (Telangana),Telangana,Telangana,2.89,36.5,13.0,13.438,8,1.0,212.0,,2.89,2.636,,,3.143
IND233001AAA -> IND275101AAA,Ghazipur_Kaithwal_D (Uttar Pradesh),Mau_BaliaMod_D (Uttar Pradesh),Uttar Pradesh,Uttar Pradesh,3.448,100.0,29.0,41.642,3,1.0,212.0,3.448,,,,,3.448
IND124507AAA -> IND131028AAE,Bahadurgarh_DC (Haryana),Sonipat_Central_D_2 (Haryana),Haryana,Haryana,2.455,108.0,44.0,42.099,3,1.0,211.0,2.455,,,,,2.455
IND361305AAC -> IND361315AAA,Khambhalia_JdswarRD_D (Gujarat),Bhatiya_Kalyanpr_D (Gujarat),Gujarat,Gujarat,1.703,52.5,31.0,43.56,10,1.0,210.0,1.703,,,,,1.703
IND691001AAB -> IND691506AAA,Kollam_Central_H_1 (Kerala),Kottarakkara_Amankovl_D (Kerala),Kerala,Kerala,1.36,34.0,25.0,23.498,21,0.905,210.0,,1.36,,,1.36,
IND125121AAA -> IND125001AAA,Barwala_Central_DPP_1 (Haryana),Hisar_ModelTwn_P (Haryana),Haryana,Haryana,3.9,117.0,30.0,36.948,3,1.0,209.0,3.9,,4.067,,,2.967
IND123401AAB -> IND000000ACB,Rewari_YuktiDPP_D (Haryana),Gurgaon_Bilaspur_HB (Haryana),Haryana,Haryana,2.0,124.0,62.0,66.04,3,1.0,209.0,2.0,,,,,2.0
IND176303AAA -> IND176310AAA,Dalhousie_Banikhet_D (Himachal Pradesh),Chamba_Bangotu_D (Himachal Pradesh),Himachal Pradesh,Himachal Pradesh,1.328,90.0,69.0,45.689,9,0.778,209.0,1.328,,1.328,,,
IND642126AAA -> IND642001AAA,Udumalpet_Artclgrd_D (Tamil Nadu),Pollachi_Venkatsa_DC (Tamil Nadu),Tamil Nadu,Tamil Nadu,1.387,42.0,31.0,30.8,17,0.882,208.0,,1.387,,,,1.387
IND201301AAL -> IND201301AAF,Dadri_ICDCant_D (Uttar Pradesh),Noida_Sec 02_DPC (Uttar Pradesh),Uttar Pradesh,Uttar Pradesh,1.68,42.0,26.0,23.382,11,1.0,208.0,,1.68,1.733,,,1.611
IND628204AAA -> IND627657AAA,Tirchchndr_Shnmgprm_D (Tamil Nadu),Thisayanvilai_UdnkdiRD_D (Tamil Nadu),Tamil Nadu,Tamil Nadu,1.244,51.0,41.0,42.59,17,0.824,207.0,,1.244,,,,1.244
IND345021AAA -> IND342301AAA,Pokhran_SttinDPP_D (Rajasthan),Phalodi_PalikDPP_D (Rajasthan),Rajasthan,Rajasthan,1.449,64.5,45.0,62.67,10,0.8,206.0,1.449,,,1.449,,
IND603001AAA -> IND603301AAA,Chennai_Chnglptu_DC (Tamil Nadu),Malemruvathur_Achipkam_D (Tamil Nadu),Tamil Nadu,Tamil Nadu,1.429,49.0,35.0,37.487,13,0.538,206.0,,1.429,,,,1.429
IND531036AAA -> IND530012AAA,Chodavaram_BaljiDPP_D (Andhra Pradesh),Visakhapatnam_Gajuwaka_IP (Andhra Pradesh),Andhra Pradesh,Andhra Pradesh,2.361,88.5,37.0,40.01,4,1.0,206.0,,2.361,2.316,,,2.405
IND627811AAA -> IND627401AAA,Tenkasi_RailwyRd_D (Tamil Nadu),Ambasamdrm_Solaiprm_D (Tamil Nadu),Tamil Nadu,Tamil Nadu,1.523,48.0,31.5,34.206,10,0.9,205.0,1.523,,,,,1.523
IND614602AAA -> IND614804AAA,Pattukotai_anthniyr_D (Tamil Nadu),Peravurani_SH71_D (Tamil Nadu),Tamil Nadu,Tamil Nadu,1.5,36.0,24.0,22.698,16,1.0,205.0,1.5,,,,,1.5
IND360510AAB -> IND360530AAB,Bhanvad_Mainroad_D (Gujarat),Jamjodhpur_Court_D (Gujarat),Gujarat,Gujarat,1.423,37.0,25.0,28.162,13,0.923,205.0,,1.423,1.615,,,1.372
IND000000AFF -> IND734203AAA,Darjeeling_Hillcard_DC (West Bengal),Kurseong_ABPath_D (West Bengal),West Bengal,West Bengal,4.842,92.0,19.0,27.866,3,1.0,205.0,4.842,,,4.842,,
IND263139AAA -> IND263153AAB,Haldwani_PiliKoti_D (Uttarakhand),Rudrapur_UdhamNgr_H (Uttarakhand),Uttarakhand,Uttarakhand,1.362,56.5,41.5,35.611,6,0.667,205.0,1.362,,,,,1.362
IND770001AAA -> IND770017AAB,Sundargarh_DiyoDPP_D (Orissa),Rajgangpur_Central_D_2 (Orissa),Orissa,Orissa,1.553,95.5,62.0,65.246,6,1.0,204.0,1.553,,,,,1.553
IND624001AAA -> IND625008AAA,Dindigul_Central_D_1 (Tamil Nadu),Madurai_Kappalur_H (Tamil Nadu),Tamil Nadu,Tamil Nadu,1.396,68.0,49.0,67.705,9,1.0,204.0,1.396,,,1.396,,
IND141115AAA -> IND000000ACA,Machhiwara_MnBzrDPP_D (Punjab),Ludhiana_MilrGanj_HB (Punjab),Punjab,Punjab,1.447,42.0,30.0,29.478,14,0.857,204.0,1.447,,,,,1.447
IND733140AAA -> IND733102AAA,Gangarampr_FulbaDPP_D (West Bengal),Balurghat_AkhirDPP_D (West Bengal),West Bengal,West Bengal,1.783,44.0,24.0,33.376,9,1.0,202.0,1.5,1.811,,,,1.783
IND713103AAA -> IND713205AAB,Bardhaman_Bankura_D (West Bengal),Durgapur_Central_I_1 (West Bengal),West Bengal,West Bengal,2.007,98.5,51.0,69.791,4,1.0,202.0,2.007,,,,2.078,1.936
IND282002AAD -> IND204101AAA,,Hathras (Uttar Pradesh),,Uttar Pradesh,2.013,79.5,40.5,48.161,4,1.0,202.0,2.013,,,,3.068,2.0
IND506143AAA -> IND506167AAB,Ghanpur_Palakrty_D (Telangana),Jangaon_Hanmkond_D (Telangana),Telangana,Telangana,1.73,31.0,17.0,25.246,16,1.0,200.0,1.73,,,,,1.73
IND636102AAA -> IND605601AAA,Attur_KaaduRd_D (Tamil Nadu),Villupuram_Thirumtr_IP (Tamil Nadu),Tamil Nadu,Tamil Nadu,1.352,142.0,105.0,130.55,5,1.0,199.0,1.352,,1.352,,,
IND742101AAC -> IND713130AAA,Baharampur_Chuanpur_I (West Bengal),Katwa_BSarani_D (West Bengal),West Bengal,West Bengal,1.685,155.0,92.0,96.012,3,1.0,198.0,,1.685,,,1.685,
IND533262AAA -> IND533201AAA,Draksharamam_Anaipeta_D (Andhra Pradesh),Amalapuram_Vijdurg_D (Andhra Pradesh),Andhra Pradesh,Andhra Pradesh,2.053,78.0,39.0,46.932,5,1.0,197.0,2.053,,,,1.702,2.154
IND380005AAA -> IND382421AAA,Amd_Chandkheda_Dc (Gujarat),Gandhinagar_DC (Gujarat),Gujarat,Gujarat,2.7,27.0,9.0,10.675,7,1.0,197.0,,2.7,2.628,,,3.556
IND792120AAB -> IND786181AAC,Changlang_Central_D_1 (Arunachal Pradesh),Margherita_CivilHPL_D (Assam),Arunachal Pradesh,Assam,3.088,105.0,34.0,48.745,3,1.0,196.0,,3.088,3.088,,,
IND571430AAA -> IND571124AAA,Malavalli_SulthnRd_D (Karnataka),Tirumakudalu_Narasipr_D (Karnataka),Karnataka,Karnataka,1.524,48.0,33.0,34.818,10,1.0,196.0,1.524,,1.524,,,
IND303108AAB -> IND303106AAA,Kotputli_LXngrDPP_D (Rajasthan),Paota_SmClyDPP_D (Rajasthan),Rajasthan,Rajasthan,1.548,48.0,31.0,43.855,9,1.0,196.0,1.548,,,,,1.548
IND388320AAA -> IND387001AAA,Anand_Vaghasi_IP (Gujarat),Nadiad_DC (Gujarat),Gujarat,Gujarat,1.692,26.0,15.0,19.978,11,1.0,196.0,,1.692,,,,1.692
IND571301AAA -> IND571111AAB,Nanjangud_RPRoad_D (Karnataka),Gundlupet_Swamylyt_D (Karnataka),Karnataka,Karnataka,1.913,45.0,23.0,33.89,8,1.0,195.0,1.913,,,,,1.913
IND276305AAA -> IND223101AAB,Saraimeer_MsmcyDPP_D (Uttar Pradesh),Shahganj_KcharaRD_D (Uttar Pradesh),Uttar Pradesh,Uttar Pradesh,2.077,54.0,26.0,28.594,7,1.0,195.0,2.077,,2.24,,,2.077
IND683511AAA -> IND000000ADM,Aluva_Peedika_H (Kerala),Cochin_Kdvantra_D (Kerala),Kerala,Kerala,1.462,36.0,25.0,22.25,13,0.923,195.0,,1.462,,1.76,1.36,
IND533003AAA -> IND533106AAA,Kakinada_DC (Andhra Pradesh),Rajamundry_AtoNgrRd_I (Andhra Pradesh),Andhra Pradesh,Andhra Pradesh,2.12,106.0,50.0,56.165,3,1.0,194.0,2.12,,,,,2.12
IND462011AAA -> IND462022AAA,Bhopal MP Nagar (Madhya Pradesh),Bhopal_Trnsport_H (Madhya Pradesh),Madhya Pradesh,Madhya Pradesh,2.364,27.0,12.0,12.694,11,1.0,193.0,,2.364,2.522,,,2.25
IND144401AAB -> IND144001AAB,Phagwara_Lovely_D (Punjab),Jalandhar_DPC (Punjab),Punjab,Punjab,1.917,21.0,11.0,13.179,17,1.0,192.0,,1.917,1.958,,,1.889
IND585104AAA -> IND585314AAA,Gulbarga_Nehrugnj_I (Karnataka),Aland_RazaviRd_D (Karnataka),Karnataka,Karnataka,1.842,70.0,38.5,41.411,4,1.0,192.0,,1.842,,,,1.842
IND621211AAA -> IND621010AAA,Musiri_ThryrRD_D (Tamil Nadu),Thuraiyur_Mthrapuri_D (Tamil Nadu),Tamil Nadu,Tamil Nadu,1.5,33.0,22.0,23.969,15,1.0,191.0,1.5,,,,1.5,1.589
IND600032AAB -> IND600044AAD,Chennai_Hub (Tamil Nadu),Chennai_Chrompet_DPC (Tamil Nadu),Tamil Nadu,Tamil Nadu,2.095,22.0,11.0,10.008,16,0.875,191.0,,2.095,2.091,2.5,1.273,1.7
IND423109AAA -> IND423601AAA,Shirdi_SaiBansi_D (Maharashtra),Kopargaon_NkshtrPz_D (Maharashtra),Maharashtra,Maharashtra,2.125,17.5,9.0,12.391,12,1.0,190.0,,2.125,2.25,,,1.778
IND781018AAB -> IND784125AAA,Guwahati_Hub (Assam),Mangaldoi_LNBRoad_D (Assam),Assam,Assam,1.715,111.5,65.0,80.41,4,1.0,190.0,1.715,,1.738,1.677,,
IND144001AAB -> IND144401AAB,Jalandhar_DPC (Punjab),Phagwara_Lovely_D (Punjab),Punjab,Punjab,1.944,23.0,14.0,14.397,14,0.857,188.0,,1.944,1.821,,,1.944
IND721134AAB -> IND721139AAC,Kolaghat_Central_DPP_2 (West Bengal),Panskura_Central_D_3 (West Bengal),West Bengal,West Bengal,1.612,26.0,16.0,18.41,16,0.875,188.0,,1.612,,,,1.612
IND363330AAB -> IND363310AAB,Halvad_CrossRD_D (Gujarat),Dhrangadhra_NvygRDPP_D (Gujarat),Gujarat,Gujarat,1.616,59.5,37.0,29.619,8,0.875,188.0,1.616,,1.616,,,1.818
IND403726AAB -> IND403401AAA,Goa_ZuariNgr_IP (Goa),Goa_Ponda_Dc (Goa),Goa,Goa,2.129,51.5,25.5,23.542,6,1.0,187.0,,2.129,,,2.174,1.963
IND600056AAB -> IND600044AAD,MAA_Poonamallee_HB (Tamil Nadu),Chennai_Chrompet_DPC (Tamil Nadu),Tamil Nadu,Tamil Nadu,1.735,60.0,34.0,35.658,7,1.0,186.0,,1.735,,,1.725,2.118
IND223101AAB -> IND222125AAB,Shahganj_KcharaRD_D (Uttar Pradesh),Badlapur_Bhaluahi_D (Uttar Pradesh),Uttar Pradesh,Uttar Pradesh,2.074,56.0,26.0,29.036,7,1.0,186.0,2.074,,2.074,,,
IND641607AAA -> IND641654AAA,Tirupur_Koliplm_I (Tamil Nadu),Avinashi_Valluvar_D (Tamil Nadu),Tamil Nadu,Tamil Nadu,2.0,32.0,16.0,18.184,11,1.0,186.0,,2.0,,,2.0,
IND600004AAA -> IND600008AAC,Chennai_Mylapore (Tamil Nadu),Chennai_Egmore_DPC (Tamil Nadu),Tamil Nadu,Tamil Nadu,5.5,77.0,14.0,12.831,3,1.0,185.0,,5.5,5.5,,,
IND854311AAA -> IND854334AAA,Araria_Wardn13_D (Bihar),Raniganj_Central_DPP_1 (Bihar),Bihar,Bihar,1.778,32.0,19.0,25.253,8,1.0,185.0,1.778,,,,,1.778
IND713205AAB -> IND713148AAA,Durgapur_Central_I_1 (West Bengal),Panagarh_Central_D_1 (West Bengal),West Bengal,West Bengal,4.444,80.0,18.0,22.388,3,1.0,185.0,4.444,,,,,4.444
IND452001AAC -> IND425201AAA,Jalgaon_DC (Maharashtra),Bhusawal_Samarth_D (Maharashtra),Maharashtra,Maharashtra,2.667,40.0,17.0,23.091,7,1.0,184.0,,2.667,2.0,,,2.824
IND686507AAA -> IND686513AAA,Parakkdavu_KeRoad_D (Kerala),Mundakayam_Central_D_1 (Kerala),Kerala,Kerala,2.375,21.0,9.0,13.019,15,1.0,183.0,,2.375,,,,2.375
IND262001AAA -> IND262122AAB,Pilibhit_ViksClny_D (Uttar Pradesh),Puranpur_MdothdRD_D (Uttar Pradesh),Uttar Pradesh,Uttar Pradesh,1.749,75.0,41.0,47.994,6,1.0,183.0,,1.749,1.898,,,1.749
IND626607AAB -> IND625008AAA,Narikkudi_MukkuRD_D (Tamil Nadu),Madurai_Kappalur_H (Tamil Nadu),Tamil Nadu,Tamil Nadu,1.52,76.0,50.0,53.898,7,1.0,183.0,1.52,,1.495,,,1.554
IND500018AAA -> IND500080AAB,Hyderabad_PndrgNgr_DC (Telangana),Hyderabad_Chikdply_I (Telangana),Telangana,Telangana,3.042,51.5,16.0,14.529,4,1.0,180.0,,3.042,3.25,,,2.4
IND361315AAA -> IND361335AAA,Bhatiya_Kalyanpr_D (Gujarat),Dwarka_StnRoad_DC (Gujarat),Gujarat,Gujarat,1.556,43.0,28.0,40.518,11,1.0,180.0,1.556,,,,,1.556
IND485001AAC -> IND488001AAA,Satna_Central_I_2 (Madhya Pradesh),Panna_Mohnprwa_D (Madhya Pradesh),Madhya Pradesh,Madhya Pradesh,2.07,116.0,55.0,75.496,3,1.0,179.0,2.07,,,2.109,2.063,
IND563131AAB -> IND560300AAA,Bangarapet_KolarRd_D (Karnataka),Bengaluru_KGAirprt_HB (Karnataka),Karnataka,Karnataka,1.562,125.0,79.0,78.857,3,1.0,179.0,,1.562,2.39,,,1.452
IND505001AAA -> IND505302AAB,Karimnagar_DC (Telangana),Vemulawada_Central_DPP_2 (Telangana),Telangana,Telangana,1.382,47.0,34.0,34.666,9,1.0,179.0,1.382,,,,,1.382
IND442001AAA -> IND442101AAB,Wardha_RamaNgr_D (Maharashtra),Deoli_Central_DPP_2 (Maharashtra),Maharashtra,Maharashtra,3.714,52.0,14.0,18.01,5,1.0,178.0,3.714,,,,,3.714
IND243201AAA -> IND262001AAA,Baheri_HoliCDPP_D (Uttar Pradesh),Pilibhit_ViksClny_D (Uttar Pradesh),Uttar Pradesh,Uttar Pradesh,2.02,89.0,44.0,45.213,4,1.0,178.0,,2.02,,,,2.02
IND276128AAA -> IND276305AAA,Azamgarh_ChtwrDPP_D (Uttar Pradesh),Saraimeer_MsmcyDPP_D (Uttar Pradesh),Uttar Pradesh,Uttar Pradesh,1.667,55.0,33.0,33.163,6,1.0,178.0,1.667,,1.647,,,1.688
IND531001AAA -> IND531116AAA,Anakapalle_Kothuru_D (Andhra Pradesh),Narsiptnm_Wardno8_D (Andhra Pradesh),Andhra Pradesh,Andhra Pradesh,2.0,74.0,37.0,42.717,5,1.0,177.0,,2.0,,,,2.0
IND505327AAA -> IND505425AAA,Jagtial_Aravind_D (Telangana),DhrmpuriTS_HanumDPP_D (Telangana),Telangana,Telangana,1.548,32.5,19.0,26.934,12,0.917,177.0,1.548,,1.235,,,1.619
IND530043AAA -> IND531163AAA,Visakhapatnam_VislkNgr_DC (Andhra Pradesh),Bheemunipatnam_SaiTempl_D (Andhra Pradesh),Andhra Pradesh,Andhra Pradesh,1.623,36.5,23.0,25.892,12,1.0,176.0,,1.623,1.522,,,1.636
IND600056AAA -> IND602105AAB,Chennai_Poonamallee (Tamil Nadu),Chennai_Sriperumbudur_Dc (Tamil Nadu),Tamil Nadu,Tamil Nadu,3.0,39.0,12.0,16.099,7,1.0,176.0,,3.0,,,,3.0
IND202001AAC -> IND204215AAA,Aligarh_Central_D_2 (Uttar Pradesh),SikandraRao_JydevNGR_D (Uttar Pradesh),Uttar Pradesh,Uttar Pradesh,2.8,68.5,24.0,34.221,4,1.0,175.0,,2.8,,,,2.8
IND508206AAA -> IND507159AAA,Kodad_VidyaNgr_D (Telangana),Kusumnchi_SKRoad_D (Telangana),Telangana,Telangana,1.351,50.0,37.0,50.973,12,0.833,174.0,1.351,,1.5,,,1.324
IND576201AAA -> IND581320AAA,Kundapura_DC (Karnataka),Bhatkal_KmkshBul_D (Karnataka),Karnataka,Karnataka,2.041,74.5,36.5,49.533,4,1.0,174.0,2.041,,2.658,,,2.027
IND561203AAB -> IND562101AAA,Doddablpur_ChikaDPP_D (Karnataka),Chikblapur_ShntiSgr_D (Karnataka),Karnataka,Karnataka,1.52,38.0,26.0,27.758,12,1.0,173.0,,1.52,,,,1.52
IND679531AAA -> IND680587AAA,Shoranur_KdrShrRd_D (Kerala),Pazhayannur_AlathurRD_D (Kerala),Kerala,Kerala,1.36,33.0,24.0,21.198,15,0.933,173.0,,1.36,,,,1.36
IND508252AAB -> IND508207AAB,Choutuppal_Nagaram_D (Telangana),Miryalguda_Ragvendr_D (Telangana),Telangana,Telangana,1.363,112.0,82.0,109.427,6,1.0,172.0,1.363,,1.363,,,
IND492001AAB -> IND492007AAA,Raipur_Katora_IP (Chhattisgarh),Raipur_Central_D_5 (Chhattisgarh),Chhattisgarh,Chhattisgarh,3.0,32.0,10.0,11.09,8,1.0,171.0,,3.0,,,2.9,3.0
IND561207AAB -> IND562108AAA,Bagepalli_TBCross_D (Karnataka),Gauribidanur_Gurukrpa_D (Karnataka),Karnataka,Karnataka,1.333,59.0,46.0,48.002,12,0.833,171.0,,1.333,,1.468,,1.326
IND695121AAA -> IND695572AAB,Neyatinkra_Arlumodu_D (Kerala),Kallikkad_Mutyvila_D (Kerala),Kerala,Kerala,1.733,24.0,13.0,12.703,17,1.0,171.0,,1.733,,,,1.733
IND712410AAC -> IND712406AAA,Tarkeshwar_Naraynpr_D (West Bengal),Khanakul_Ramnagar_D (West Bengal),West Bengal,West Bengal,1.638,62.0,41.0,37.138,6,0.667,171.0,1.638,,1.638,,,
IND000000AFT -> IND400072AAB,Mumbai_Sanpada_I (Maharashtra),Mumbai Hub (Maharashtra),Maharashtra,Maharashtra,1.974,37.5,19.0,21.139,10,1.0,171.0,,1.974,,,1.974,
IND608001AAA -> IND609110AAA,Chidambaram_ARBNorth_DC (Tamil Nadu),Sirkazhi_Pngktgudi_D (Tamil Nadu),Tamil Nadu,Tamil Nadu,2.733,41.0,16.0,21.177,7,1.0,170.0,2.733,,,,,2.733
IND781335AAA -> IND000000AET,Nalbari_Bhgtpura_D (Assam),Barpeta_ShivBari_D (Assam),Assam,Assam,1.803,91.0,51.0,69.456,4,1.0,170.0,1.803,,,1.803,,
IND673506AAA -> IND670643AAA,Kallachi_ZamQuatr_D (Kerala),Kuthuparamba_IdstrlAr_D (Kerala),Kerala,Kerala,1.458,32.0,23.0,21.62,17,1.0,170.0,,1.458,,,,1.458
IND803213AAA -> IND811105AAA,Barh_Malahi_D (Bihar),Sheikhpura_Bgwtichk_D (Bihar),Bihar,Bihar,1.804,83.0,46.0,52.778,3,1.0,170.0,1.804,,,,1.804,
IND686028AAB -> IND689101AAA,Kottayam_Central_H_1 (Kerala),Tiruvalla_TKRoad_D (Kerala),Kerala,Kerala,1.368,34.0,24.5,26.976,16,0.875,170.0,,1.368,,,1.368,
IND632402AAA -> IND631102AAA,Ranipet_MBTRd_DC (Tamil Nadu),Sholinghur_ArkonmRD_D (Tamil Nadu),Tamil Nadu,Tamil Nadu,1.52,38.0,25.0,26.649,11,1.0,169.0,1.52,,,,,1.52
IND560058AAB -> IND562132AAA,Bengaluru_Peenya_IP (Karnataka),Bangalore_Nelmngla_H (Karnataka),Karnataka,Karnataka,1.642,29.5,20.0,13.6,14,0.857,169.0,,1.642,1.727,1.545,,1.642
IND841424AAA -> IND841226AAB,Chhapra_Prbhunth_D (Bihar),Siwan_HnmntNgr_D (Bihar),Bihar,Bihar,2.349,101.0,44.0,62.937,3,1.0,168.0,2.349,,,,2.349,
IND328001AAA -> IND474003AAA,Dholpur_GtRoad_D (Rajasthan),Gwalior_HrihrNgr_I (Madhya Pradesh),Rajasthan,Madhya Pradesh,1.582,92.5,58.5,60.513,6,0.833,168.0,1.582,,,1.672,1.492,
IND275503AAA -> IND275303AAA,Ghosi_Jamalpur_D (Uttar Pradesh),Dohrighat_AzmrdDPP_D (Uttar Pradesh),Uttar Pradesh,Uttar Pradesh,4.269,55.5,13.0,18.888,4,1.0,168.0,4.269,,,,,4.269
IND232101AAB -> IND232104AAB,MughalSarai_Central_D_2 (Uttar Pradesh),Chandauli_ShubsNGR_D (Uttar Pradesh),Uttar Pradesh,Uttar Pradesh,3.231,42.0,11.0,14.064,7,1.0,168.0,,3.231,,,,3.231
IND000000AFG -> IND673632AAA,Tirur_PmthuKlm_D (Kerala),Kozhikode_Central_H_4 (Kerala),Kerala,Kerala,2.354,113.0,48.0,42.664,3,1.0,167.0,2.354,,,,,2.354
IND411033AAA -> IND410505AAB,Pune_Tathawde_H (Maharashtra),Rajgurunagar_Chakan_D (Maharashtra),Maharashtra,Maharashtra,1.586,46.0,29.0,31.602,7,1.0,166.0,,1.586,1.569,,1.862,
IND700144AAA -> IND743395AAA,Baruipur_Bnsibtla_D (West Bengal),Jaynagar_MjlprDPP_D (West Bengal),West Bengal,West Bengal,3.048,61.0,20.0,22.009,4,1.0,165.0,3.048,,,,,3.048
IND577101AAA -> IND577132AAD,Chikmagalur_DC (Karnataka),Mudigere_HesglDPP_D (Karnataka),Karnataka,Karnataka,2.143,47.0,21.0,30.134,7,1.0,165.0,2.143,,,,,2.143
IND841101AAA -> IND841207AAB,Sonepur_Sabalpur_D (Bihar),Dighwara_SadarHPL_D (Bihar),Bihar,Bihar,2.611,47.0,15.0,22.268,3,1.0,164.0,2.611,,,,,2.611
IND385001AAA -> IND385535AAA,Palanpur_DC (Gujarat),Deesa_HawaiPlr_DC (Gujarat),Gujarat,Gujarat,1.528,26.0,16.0,23.783,14,1.0,164.0,1.528,,,,,1.528
IND602024AAA -> IND602001AAA,Chennai_Vepmpttu_DC (Tamil Nadu),Chennai_Thiruvlr_DC (Tamil Nadu),Tamil Nadu,Tamil Nadu,2.5,29.0,11.0,16.402,9,1.0,163.0,,2.5,,,,2.5
IND854311AAA -> IND852118A1B,Araria_Wardn13_D (Bihar),,Bihar,,3.417,82.0,24.0,30.792,3,1.0,163.0,3.417,,,,,3.417
IND786001AAB -> IND785675AAA,Dibrugarh_Bokule_H (Assam),Moranhat_TiloiDPP_D (Assam),Assam,Assam,3.214,90.0,28.0,40.253,3,1.0,163.0,3.214,,,,3.214,2.763
IND431122AAA -> IND431127AAA,Beed_JalnaRd_D (Maharashtra),Georai_Bazarrd_D (Maharashtra),Maharashtra,Maharashtra,2.095,44.0,21.0,29.967,7,1.0,162.0,2.095,,,,,2.095
IND562132AAA -> IND000000ACS,Bangalore_Nelmngla_H (Karnataka),BLR_HSR_Layout_PC (Karnataka),Karnataka,Karnataka,1.777,55.5,30.5,32.168,6,1.0,162.0,,1.777,2.633,1.927,1.704,
IND637301AAA -> IND638001AAA,Sankari_Trchngrd_D (Tamil Nadu),Erode (Tamil Nadu),Tamil Nadu,Tamil Nadu,1.853,32.0,18.0,21.739,10,1.0,162.0,1.853,,1.853,,,
IND271201AAA -> IND271210AAA,Balrampur_PBRDDPP_D (Uttar Pradesh),Tulsipur_Central_DPP_1 (Uttar Pradesh),Uttar Pradesh,Uttar Pradesh,2.367,48.5,21.0,29.749,6,1.0,162.0,,2.367,,,,2.367
IND245304AAA -> IND245101AAA,Pilkhuwa_HapurRD_D (Uttar Pradesh),Hapur_Swargash_D (Uttar Pradesh),Uttar Pradesh,Uttar Pradesh,1.71,26.5,16.0,15.966,14,1.0,160.0,,1.71,,,,1.71
IND508206AAA -> IND508207AAB,Kodad_VidyaNgr_D (Telangana),Miryalguda_Ragvendr_D (Telangana),Telangana,Telangana,2.086,73.0,35.0,49.939,4,1.0,160.0,2.086,,,,,2.086
IND131028AAB -> IND124001AAB,Sonipat_Kundli_H (Haryana),Rohtak (Haryana),Haryana,Haryana,1.779,96.0,54.5,65.803,4,1.0,159.0,1.779,,,,1.779,
IND144001AAB -> IND144601AAA,Jalandhar_DPC (Punjab),Kapurthala_DC (Punjab),Punjab,Punjab,3.688,59.0,16.0,19.523,3,1.0,159.0,3.688,,,,3.688,4.354
IND201007AAB -> IND201301AAF,Ghaziabad_MohanNgr_C (Uttar Pradesh),Noida_Sec 02_DPC (Uttar Pradesh),Uttar Pradesh,Uttar Pradesh,2.933,44.0,16.0,13.009,5,1.0,158.0,,2.933,,3.248,2.467,
IND721306AAA -> IND721102AAA,Kharagpur_DC (West Bengal),Midnapore_Talkui_D (West Bengal),West Bengal,West Bengal,2.0,36.0,18.0,18.918,5,1.0,157.0,2.0,,5.222,,,1.944
IND244501AAA -> IND244601AAB,Kanth_Dayanand_D (Uttar Pradesh),Thakurdwara_Fathuluh_D (Uttar Pradesh),Uttar Pradesh,Uttar Pradesh,1.31,93.0,71.5,30.963,8,0.75,157.0,1.31,,1.31,,,
IND303301AAB -> IND303303AAA,Bassi_DmodrNGR_D (Rajasthan),Dausa_IndraCln_D (Rajasthan),Rajasthan,Rajasthan,1.492,32.0,23.0,30.73,12,1.0,156.0,,1.492,,,1.775,1.372
IND758001AAA -> IND758035AAA,Kendujhar_Sirjudin_D (Orissa),Barbil_PunjbiPd_D (Orissa),Orissa,Orissa,2.077,108.0,52.0,72.254,3,1.0,156.0,2.077,,,,,2.077
IND277211AAA -> IND277201AAA,Sahatwar_PnchmDPP_D (Uttar Pradesh),Bariya_BgnprDPP_D (Uttar Pradesh),Uttar Pradesh,Uttar Pradesh,2.524,53.0,21.0,23.558,5,1.0,155.0,2.524,,2.65,,,2.452
IND121004AAB -> IND121004AAC,FBD_Balabhgarh_DPC (Haryana),Faridabad_MohnVRTL_D (Haryana),Haryana,Haryana,1.846,26.0,13.0,16.615,9,1.0,155.0,,1.846,1.962,,5.846,1.84
IND410505AAB -> IND410501AAF,Rajgurunagar_Chakan_D (Maharashtra),Talegaon_Central_DPP_4 (Maharashtra),Maharashtra,Maharashtra,4.1,41.0,10.0,15.523,5,1.0,153.0,,4.1,4.1,,,
IND203001AAA -> IND203131AAA,Bulndshahr_Ymunpurm_D (Uttar Pradesh),Khurja_Pnjbiyon_D (Uttar Pradesh),Uttar Pradesh,Uttar Pradesh,3.615,45.0,12.0,17.281,5,1.0,153.0,3.615,,,,,3.615
IND722101AAA -> IND722122AAA,Bankura_KeranDPP_D (West Bengal),Bishnupur_StnRdDPP_D (West Bengal),West Bengal,West Bengal,1.885,37.0,22.0,31.458,8,1.0,153.0,,1.885,2.072,,,1.813
IND303702AAB -> IND332001AAB,Chomu_ShsmlDPP_D (Rajasthan),Sikar_FatehpRd_I (Rajasthan),Rajasthan,Rajasthan,1.609,100.5,62.0,84.541,4,1.0,152.0,1.609,,,1.609,,
IND282002AAD -> IND281004AAA,,Mathura_DC (Uttar Pradesh),,Uttar Pradesh,1.216,93.0,76.0,81.604,8,0.625,152.0,1.216,,,,,1.216
IND246725AAB -> IND246701AAA,Chandpur_NorprRD_D (Uttar Pradesh),Bijnor_NaginaRd_D (Uttar Pradesh),Uttar Pradesh,Uttar Pradesh,1.484,49.0,34.0,37.177,10,1.0,152.0,1.484,,,,,1.484
IND804452AAA -> IND804420AAA,Masaurhi_Blockrd_D (Bihar),Jehanabad_Madarpur_D (Bihar),Bihar,Bihar,2.962,34.0,11.5,16.882,6,1.0,152.0,2.962,,,,2.962,
IND127201AAA -> IND124141AAA,Loharu_BstndDPP_D (Haryana),ChrkhiDdri_PuranDPP_D (Haryana),Haryana,Haryana,2.438,79.0,34.0,48.412,3,1.0,152.0,2.438,,,,,2.438
IND563130AAA -> IND563131AAB,Malur_NharuExt_D (Karnataka),Bangarapet_KolarRd_D (Karnataka),Karnataka,Karnataka,1.354,46.0,33.5,33.606,10,0.8,152.0,,1.354,,,,1.354
IND821307AAA -> IND824101AAA,DehriSone_Dilliyan_D (Bihar),AurngbadBR_Mahindra_D (Bihar),Bihar,Bihar,1.947,39.0,20.0,28.983,8,1.0,151.0,1.947,,,,,1.947
IND110020AAB -> IND110037AAM,OK_RPC (Delhi),Delhi_Airport_H (Delhi),Delhi,Delhi,2.739,63.0,23.0,26.135,3,1.0,151.0,,2.739,2.739,,,
IND110039AAA -> IND110085AAB,Delhi_Barwala (Delhi),Delhi_Rohini_DPC (Delhi),Delhi,Delhi,3.733,56.0,15.0,13.451,3,1.0,151.0,,3.733,3.429,,,6.429
IND509301AAA -> IND509216AAC,Jadcherla_Badeplly_D (Telangana),Shadnagar_Central_D_1 (Telangana),Telangana,Telangana,1.75,42.0,24.0,32.817,5,1.0,151.0,1.75,,,,,1.75
IND413709AAA -> IND423701AAB,Shrirampur_DavkharRd_D (Maharashtra),Vaijiapur_YeolaRD_D (Maharashtra),Maharashtra,Maharashtra,2.231,87.0,39.0,42.573,3,1.0,150.0,,2.231,2.393,,,2.15
IND604303AAA -> IND603102AAA,Marakkanam_MJRDPP_D (Tamil Nadu),Kalpakkam_Sadras_D (Tamil Nadu),Tamil Nadu,Tamil Nadu,1.948,75.0,39.0,53.49,4,1.0,149.0,1.948,,,,,1.948
IND723131AAA -> IND722140AAA,Manbazar_Central_DPP_1 (West Bengal),Khatra_KoralDPP_D (West Bengal),West Bengal,West Bengal,1.333,42.0,31.0,33.694,12,0.833,149.0,1.333,,1.344,,,1.29
IND736135AAA -> IND736101AAA,Dinhata_WrdN4DPP_D (West Bengal),CoochBehar_Psthrjhr_D (West Bengal),West Bengal,West Bengal,2.089,48.5,23.0,22.635,6,1.0,149.0,2.089,,2.13,1.92,,
IND207001AAA -> IND207302AAA,Etah_CivlLine_D (Uttar Pradesh),Jalesar_ChngiDPP_D (Uttar Pradesh),Uttar Pradesh,Uttar Pradesh,1.602,67.5,42.0,51.519,6,1.0,149.0,,1.602,,,,1.602
IND145001AAA -> IND176201AAA,Pathankot_DC (Punjab),Jassur_AadiDPP_D (Himachal Pradesh),Punjab,Himachal Pradesh,1.792,43.0,22.0,17.628,7,1.0,147.0,1.792,,1.476,,,1.979
IND581303AAA -> IND581400AAB,Karwar_Central_D_1 (Karnataka),Mallapur_ShtDRDPP_D (Karnataka),Karnataka,Karnataka,1.366,52.5,44.5,47.047,12,0.583,147.0,1.366,,,,,1.366
IND362220AAA -> IND362225AAA,Junagadh_keshod_DC (Gujarat),Mangrol_JilRDDPP_D (Gujarat),Gujarat,Gujarat,1.942,48.5,25.0,28.353,6,1.0,145.0,,1.942,,,,1.942
IND151001AAA -> IND148101AAA,Bhatinda_DPC (Punjab),Barnala_DC (Punjab),Punjab,Punjab,1.224,71.0,57.5,60.82,8,0.5,145.0,1.224,,,,,1.224
IND483501AAA -> IND483770AAA,Katni_Bargawan_DC (Madhya Pradesh),Barhi_Central_DPP_1 (Madhya Pradesh),Madhya Pradesh,Madhya Pradesh,2.0,92.0,46.0,52.592,3,1.0,144.0,2.0,,,,,2.0
IND509124AAA -> IND509103AAC,JoguGadwal_ColctrOf_D (Telangana),,Telangana,,1.615,63.0,39.0,45.011,4,1.0,144.0,1.615,,,,,1.615
IND624001AAA -> IND624619AAA,Dindigul_Central_D_1 (Tamil Nadu),Oddnchtram_Palani_D (Tamil Nadu),Tamil Nadu,Tamil Nadu,1.538,40.0,27.0,29.06,11,0.818,144.0,1.538,,,,,1.538
IND413304AAA -> IND415301AAB,Pandharpur_RajCmplx_D (Maharashtra),Atapadi_Vidyangr_D (Maharashtra),Maharashtra,Maharashtra,1.48,75.5,52.0,56.603,6,1.0,144.0,,1.48,,,,1.48
IND390022AAA -> IND390020AAA,Vadodara_Karelibaug_DPC (Gujarat),Vadodara (Gujarat),Gujarat,Gujarat,4.417,53.0,12.0,11.989,3,1.0,143.0,,4.417,6.8,,,3.39
IND751014AAA -> IND751002AAB,Bhubaneswar_BjbNgr_DC (Orissa),Bhubaneshwar_Hub (Orissa),Orissa,Orissa,3.0,21.0,7.0,10.717,5,1.0,143.0,,3.0,3.0,,,
IND177001AAA -> IND176110AAB,Hamirpur_GutmgrCl_D (Himachal Pradesh),Sujanpur_SainkSCL_D (Himachal Pradesh),Himachal Pradesh,Himachal Pradesh,1.81,38.0,22.0,24.068,7,1.0,142.0,1.81,,1.814,,,1.81
IND126102AAA -> IND126116AAA,Jind_DC (Haryana),,Haryana,,2.261,52.0,23.0,32.845,5,1.0,142.0,2.261,,,,,2.261
IND383001AAA -> IND383315AAC,Himmatnagar_DC (Gujarat),Modasa_Central_D_1 (Gujarat),Gujarat,Gujarat,1.22,50.0,41.0,47.511,13,0.538,142.0,1.22,,,,,1.22
IND786184AAA -> IND786125AAA,Chabua_CollgeRD_D (Assam),Tinusukia_Chrwpaty_D (Assam),Assam,Assam,2.733,41.0,15.0,21.149,5,1.0,141.0,,2.733,,,,2.733
IND411043AAA -> IND411014AAA,Pune Balaji Nagar (Maharashtra),PNQ Vadgaon Sheri DPC (Maharashtra),Maharashtra,Maharashtra,4.25,68.0,16.0,15.542,3,1.0,141.0,,4.25,4.25,,,3.9
IND574211AAA -> IND574202AAA,Bantwal_Trmltmpl_D (Karnataka),Puttur_Darbe_DC (Karnataka),Karnataka,Karnataka,2.474,47.0,19.0,26.383,5,1.0,141.0,2.474,,,,,2.474
IND690548AAA -> IND688009AAA,Haripad_Kumrpurm_D (Kerala),Alappuzha_Pazhvedu_D (Kerala),Kerala,Kerala,1.219,38.0,32.0,28.135,15,0.533,140.0,,1.219,,,,1.219
IND385340AAB -> IND384205AAA,Radhanpur_Santalpr_D (Gujarat),Mehsana_Panchot_IP (Gujarat),Gujarat,Gujarat,1.408,129.5,92.0,107.712,4,0.75,140.0,1.408,,1.402,,,1.413
IND628801AAA -> IND628204AAA,Eral_Busstand_D (Tamil Nadu),Tirchchndr_Shnmgprm_D (Tamil Nadu),Tamil Nadu,Tamil Nadu,1.438,24.0,16.0,17.842,17,1.0,137.0,,1.438,,,,1.438
IND786171AAA -> IND786181AAC,Digboi_JyotiNgr_D (Assam),Margherita_CivilHPL_D (Assam),Assam,Assam,2.444,20.0,9.0,13.347,11,1.0,137.0,,2.444,2.444,,,2.347
IND580028AAA -> IND591115AAB,Hubli_Adargchi_IP (Karnataka),Kittur_ColageRD_D (Karnataka),Karnataka,Karnataka,1.791,77.0,43.5,59.268,4,1.0,136.0,1.791,,1.705,1.795,1.814,
IND751015AAA -> IND752056AAA,Bhubaneshwar_Nayapalli (Orissa),Khurdha_MdhsnDPP_D (Orissa),Orissa,Orissa,1.957,40.0,17.5,25.297,6,1.0,136.0,,1.957,,,,1.957
IND851127AAA -> IND851112AAB,Manjhaul_Purbari_D (Bihar),Barauni_Wardno10_D (Bihar),Bihar,Bihar,2.269,59.0,26.0,32.145,4,1.0,136.0,2.269,,2.192,,,2.394
IND585104AAA -> IND585307AAB,Gulbarga_Nehrugnj_I (Karnataka),Chincholi_Mainroad_D (Karnataka),Karnataka,Karnataka,1.515,100.0,66.0,71.899,4,1.0,136.0,,1.515,,,,1.515
IND624202AAA -> IND625218AAA,Batlagundu_RTOofice_D (Tamil Nadu),Vadipatti_lalaNGR_D (Tamil Nadu),Tamil Nadu,Tamil Nadu,1.522,35.0,23.0,26.06,11,1.0,136.0,1.522,,1.522,,,
IND201001AAA -> IND201007AAA,Ghaziabad_Patel Nagar (Uttar Pradesh),GZB_Mohan_Nagar_DPC (Uttar Pradesh),Uttar Pradesh,Uttar Pradesh,3.077,40.0,13.0,10.561,5,1.0,135.0,,3.077,3.077,,,2.964
IND757025AAA -> IND757001AAA,Betnoti_MhliaDPP_D (Orissa),Baripada_KalikDPP_D (Orissa),Orissa,Orissa,2.089,37.0,17.0,25.096,6,1.0,135.0,2.089,,,,,2.089
IND827013AAA -> IND829121AAA,Bokaro_KSClny_DC (Jharkhand),Peterbar_GagiDPP_D (Jharkhand),Jharkhand,Jharkhand,2.0,48.0,25.0,35.768,5,1.0,133.0,1.8,2.19,,,2.379,1.9
IND602024AAA -> IND600116AAB,Chennai_Vepmpttu_DC (Tamil Nadu),Chennai_Porur_DPC (Tamil Nadu),Tamil Nadu,Tamil Nadu,2.684,53.0,18.0,20.369,4,1.0,132.0,,2.684,2.0,,,3.368
IND231208AAA -> IND231217AAA,Duddhi_MChwkDPP_D (Uttar Pradesh),Renukoot_Govind_D (Uttar Pradesh),Uttar Pradesh,Uttar Pradesh,1.807,42.5,23.5,33.655,6,1.0,132.0,1.807,,,,1.875,1.565
IND678683AAA -> IND000000ABD,Vadakkencherry_Robinson_D (Kerala),Pallakad_ChndrNgr_D (Kerala),Kerala,Kerala,1.212,41.0,34.0,32.225,13,0.538,131.0,1.212,,,,,1.212
IND209721AAB -> IND209625AAA,Chhibramau_Bhainpura_D (Uttar Pradesh),Farrukhbad_Pnchlght_D (Uttar Pradesh),Uttar Pradesh,Uttar Pradesh,1.339,43.5,32.0,28.744,10,0.7,131.0,1.339,,,,1.371,1.292
IND581343AAC -> IND581314AAA,Kumta_Central_DPP_2 (Karnataka),Ankola_Kakrmath_D (Karnataka),Karnataka,Karnataka,1.729,54.5,32.5,34.619,6,0.833,131.0,1.729,,1.729,,,
IND281401AAA -> IND321022AAA,Chhata_GvrdnDPP_D (Uttar Pradesh),Kaman_BsstdDPP_D (Rajasthan),Uttar Pradesh,Rajasthan,1.353,49.0,38.0,34.546,9,0.778,131.0,,1.353,,,,1.353
IND231205AAA -> IND231216AAA,Chopan_PreetDPP_D (Uttar Pradesh),Robertsganj_ArtoDPP_D (Uttar Pradesh),Uttar Pradesh,Uttar Pradesh,3.3,66.0,21.0,22.997,3,1.0,130.0,3.3,,3.3,,,
IND247776AAA -> IND251309AAB,Shamli_KarnalRd_D (Uttar Pradesh),Budhana_Busstand_D (Uttar Pradesh),Uttar Pradesh,Uttar Pradesh,1.778,32.0,18.0,24.524,9,1.0,130.0,1.778,,,,,1.778
IND334001AAC -> IND334803AAA,Bikaner_ITICollg_L (Rajasthan),Nokha_DeVDPP_D (Rajasthan),Rajasthan,Rajasthan,1.711,78.0,45.0,60.713,4,1.0,130.0,1.711,,,,,1.711
IND416012AAA -> IND415409AAB,Kolhapur_Shivaji_I (Maharashtra),Islampur_Shantanu_D (Maharashtra),Maharashtra,Maharashtra,1.829,59.5,33.0,44.78,4,1.0,130.0,1.829,,,,1.829,
IND362225AAA -> IND362265AAA,Mangrol_JilRDDPP_D (Gujarat),Veraval_DC (Gujarat),Gujarat,Gujarat,1.782,49.0,27.0,37.546,6,1.0,130.0,,1.782,,,,1.782
IND574227AAA -> IND574104AAA,Moodbidri_MrdiVlge_D (Karnataka),Karkala_MarketRd_D (Karnataka),Karnataka,Karnataka,1.786,25.0,14.0,18.3,9,1.0,129.0,,1.786,,,,1.786
IND574239AAA -> IND574221AAA,Sullia_Srirampt_D (Karnataka),Kadaba_AnugrDPP_D (Karnataka),Karnataka,Karnataka,1.513,53.0,35.0,33.259,7,1.0,128.0,1.513,,,,,1.513
IND600044AAD -> IND600032AAB,Chennai_Chrompet_DPC (Tamil Nadu),Chennai_Hub (Tamil Nadu),Tamil Nadu,Tamil Nadu,2.583,31.0,11.0,10.597,7,1.0,128.0,,2.583,3.2,1.727,,
IND132103AAA -> IND132001AAA,Panipat (Haryana),Karnal (Haryana),Haryana,Haryana,1.771,62.0,35.0,39.16,5,1.0,127.0,1.771,,,,,1.771
IND501141AAA -> IND501101AAB,Tandur_SnthiNGR_D (Telangana),Vikarabad_Central_DPP_2 (Telangana),Telangana,Telangana,1.537,64.0,41.0,38.912,5,1.0,126.0,,1.537,,,,1.537
IND160102AAD -> IND160002AAD,Chandigarh_Raiprkln_C (Chandigarh),Chandigarh_Mehmdpur_P (Punjab),Chandigarh,Punjab,2.118,72.0,34.0,44.446,3,1.0,126.0,,2.118,,2.118,,
IND625532AAA -> IND625531AAA,Usilampatti_MrutiNGR_D (Tamil Nadu),Theni_Rathnam_D (Tamil Nadu),Tamil Nadu,Tamil Nadu,1.502,69.0,45.5,41.763,6,1.0,126.0,1.502,,,,,1.502
IND695572AAB -> IND695541AAA,Kallikkad_Mutyvila_D (Kerala),Nedumangad_Arsprmbu_D (Kerala),Kerala,Kerala,1.476,32.0,22.0,20.208,13,0.846,126.0,,1.476,,,,1.476
IND303702AAB -> IND332404AAA,Chomu_ShsmlDPP_D (Rajasthan),Reengus_Shop2DPP_D (Rajasthan),Rajasthan,Rajasthan,1.571,38.5,24.5,33.344,8,1.0,125.0,1.571,,,1.571,,
IND600056AAB -> IND635802AAB,MAA_Poonamallee_HB (Tamil Nadu),Ambur_Central_D_2 (Tamil Nadu),Tamil Nadu,Tamil Nadu,1.317,166.0,127.0,153.357,3,1.0,125.0,1.317,,,,,1.317
IND413307AAB -> IND413304AAA,Sangola_Central_DPP_2 (Maharashtra),Pandharpur_RajCmplx_D (Maharashtra),Maharashtra,Maharashtra,2.261,54.0,24.0,32.91,3,1.0,124.0,,2.261,,,,2.261
IND606803AAA -> IND606801AAB,Polur_StationRD_D (Tamil Nadu),Chetpet_Blmrgnst_D (Tamil Nadu),Tamil Nadu,Tamil Nadu,1.348,31.0,24.0,24.689,13,0.923,123.0,1.348,,,,,1.348
IND396321AAA -> IND396001AAA,Bilimora_DC (Gujarat),Valsad_DC (Gujarat),Gujarat,Gujarat,1.455,40.0,26.5,25.733,8,1.0,123.0,,1.455,,,,1.455
IND842003AAB -> IND483225AAA,Jabalpur_Adhartal_IP (Madhya Pradesh),Sihora_KtnRdDPP_D (Madhya Pradesh),Madhya Pradesh,Madhya Pradesh,2.864,63.0,24.0,34.91,3,1.0,123.0,2.864,,,,2.869,2.542
IND581334AAA -> IND581314AAA,Honnavar_Prbhtngr_D (Karnataka),Ankola_Kakrmath_D (Karnataka),Karnataka,Karnataka,1.904,96.0,51.0,55.155,3,1.0,123.0,1.904,,1.588,1.92,,1.904
IND505209AAA -> IND504201AAA,Ramagundam_Pdmavati_D (Telangana),Chinnur_AsnsdhRD_D (Telangana),Telangana,Telangana,1.414,41.0,29.0,38.546,5,1.0,122.0,1.414,,,,,1.414
IND508277AAB -> IND508223AAA,Mothkur_Mainroad_D (Telangana),Thirumalagiri_Xroad_D (Telangana),Telangana,Telangana,1.385,34.0,25.0,25.718,11,1.0,122.0,1.385,,,,,1.385
IND574202AAA -> IND574239AAA,Puttur_Darbe_DC (Karnataka),Sullia_Srirampt_D (Karnataka),Karnataka,Karnataka,1.562,50.0,31.0,33.981,6,1.0,122.0,1.562,,,,,1.562
IND606003AAA -> IND606105AAA,Virudhchlm_SelamRd_D (Tamil Nadu),Pennadam_EastmnRD_D (Tamil Nadu),Tamil Nadu,Tamil Nadu,1.6,23.0,14.0,15.944,14,1.0,122.0,,1.6,1.606,,,1.6
IND423105AAA -> IND423301AAB,Malegaon_Rawlgaon_D (Maharashtra),Satana_ThrbadRD_D (Maharashtra),Maharashtra,Maharashtra,1.471,50.0,34.0,34.463,7,1.0,122.0,1.471,,,,,1.471
IND591304AAA -> IND586101AAB,Athani_VikrmMah_D (Karnataka),Bijapur_Central_D_2 (Karnataka),Karnataka,Karnataka,1.447,95.5,66.0,75.215,4,1.0,122.0,1.447,,,,,1.447
IND743235AAA -> IND743270AAA,Bongaon_SukntDPP_D (West Bengal),Helencha_ColnyDPP_D (West Bengal),West Bengal,West Bengal,2.1,35.5,17.5,18.137,6,1.0,121.0,2.1,,,,,2.1
IND231225AAB -> IND486886AAA,Anpara_Parasi_D (Uttar Pradesh),Singrauli_Waidhan_D (Madhya Pradesh),Uttar Pradesh,Madhya Pradesh,1.63,44.0,27.0,23.977,7,1.0,121.0,1.63,,,,,1.63
IND395023AAD -> IND396445AAA,Surat_Central_I_4 (Gujarat),Navsari_DC (Gujarat),Gujarat,Gujarat,1.875,30.0,17.0,22.556,7,1.0,121.0,,1.875,,,1.875,
IND321408AAB -> IND321606AAA,Weir_BsstdDPP_D (Rajasthan),Kherli_GodamDPP_D (Rajasthan),Rajasthan,Rajasthan,1.931,64.5,33.5,38.822,4,1.0,120.0,1.931,,,,,1.931
IND758001AAA -> IND757037AAA,Kendujhar_Sirjudin_D (Orissa),Karanjia_Sarubali_D (Orissa),Orissa,Orissa,2.0,86.0,43.0,54.227,3,1.0,120.0,2.0,,,,,2.0
IND424006AAA -> IND425405AAA,Dhule_MIDCAvdn_I (Maharashtra),Shirpur_KrantiNgr_D (Maharashtra),Maharashtra,Maharashtra,1.909,84.0,44.0,59.57,3,1.0,120.0,1.909,,,,1.909,1.898
IND110085AAB -> IND110083AAA,Delhi_Rohini_DPC (Delhi),Delhi_Mangol_DC (Delhi),Delhi,Delhi,4.0,56.0,15.0,11.92,3,1.0,119.0,,4.0,,,,4.0
IND125005AAA -> IND125047AAB,Hisar_IndstlAr_I (Haryana),Hisar_AgrohDPP_D (Haryana),Haryana,Haryana,2.171,74.0,35.0,42.031,3,1.0,119.0,2.171,,,,2.171,
IND335513AAA -> IND335803AAA,Hanumangarh_DC (Rajasthan),Pilibanga_BsstdDPP_D (Rajasthan),Rajasthan,Rajasthan,1.31,38.0,29.0,31.757,9,1.0,119.0,,1.31,1.357,,,1.31
IND695012AAB -> IND695012AAA,Trivandrum_Mnanthla_D (Kerala),Trivandrum_Mnanthla_H (Kerala),Kerala,Kerala,3.3,62.0,14.0,13.836,3,1.0,118.0,,3.3,,,,3.3
IND424006AAA -> IND423106AAA,Dhule_MIDCAvdn_I (Maharashtra),Manmad_Malegaon_D (Maharashtra),Maharashtra,Maharashtra,1.303,86.0,63.0,78.87,5,1.0,118.0,1.303,,,,1.443,1.302
IND144527AAA -> IND141115AAA,Garhshnker_Jagrata_D (Punjab),Machhiwara_MnBzrDPP_D (Punjab),Punjab,Punjab,1.868,63.5,34.0,34.76,4,1.0,118.0,1.868,,,,,1.868
IND000000ACA -> IND147301AAA,Ludhiana_MilrGanj_HB (Punjab),Mandi_Gobindgarh_DC (Punjab),Punjab,Punjab,1.704,46.0,27.0,37.142,3,1.0,117.0,1.704,,,,1.704,
IND483225AAA -> IND483501AAA,Sihora_KtnRdDPP_D (Madhya Pradesh),Katni_Bargawan_DC (Madhya Pradesh),Madhya Pradesh,Madhya Pradesh,2.121,72.0,33.0,44.759,3,1.0,116.0,2.121,,,,,2.121
IND641654AAA -> IND641664AAA,Avinashi_Valluvar_D (Tamil Nadu),Tirpur_Palladam_DC (Tamil Nadu),Tamil Nadu,Tamil Nadu,1.385,36.0,26.0,29.694,11,0.818,116.0,,1.385,,,,1.385
IND142401AAA -> IND000000ACA,Khanna_DC (Punjab),Ludhiana_MilrGanj_HB (Punjab),Punjab,Punjab,1.875,38.5,21.0,29.405,6,1.0,115.0,1.875,,2.0,,,1.75
IND486771AAA -> IND486661AAA,Churhat_Central_DPP_1 (Madhya Pradesh),Sidhi_Padra_D (Madhya Pradesh),Madhya Pradesh,Madhya Pradesh,1.688,37.0,20.5,25.976,6,1.0,115.0,1.688,,,,,1.688
IND501101AAB -> IND509216AAC,Vikarabad_Central_DPP_2 (Telangana),Shadnagar_Central_D_1 (Telangana),Telangana,Telangana,1.472,78.0,53.0,56.152,5,0.8,114.0,,1.472,,,,1.472
IND160002AAC -> IND147001AAB,Chandigarh_Mehmdpur_H (Punjab),Patiala (Punjab),Punjab,Punjab,2.056,74.0,35.0,46.784,3,1.0,114.0,2.056,,,,2.056,
IND581320AAA -> IND581334AAA,Bhatkal_KmkshBul_D (Karnataka),Honnavar_Prbhtngr_D (Karnataka),Karnataka,Karnataka,1.558,57.5,38.0,40.476,4,1.0,113.0,1.558,,1.558,,,1.947
IND586211AAA -> IND586128AAA,Indi_SindgiRD_D (Karnataka),Sindagi_KalyanNg_D (Karnataka),Karnataka,Karnataka,1.792,86.0,47.0,48.522,3,1.0,111.0,,1.792,1.843,,,1.66
IND487001AAB -> IND487551AAA,Narsinghpur_KndliDPP_D (Madhya Pradesh),Gadarwara_MPward_D (Madhya Pradesh),Madhya Pradesh,Madhya Pradesh,1.628,75.5,47.0,51.799,4,1.0,111.0,1.628,,,,,1.628
IND423601AAA -> IND413709AAA,Kopargaon_NkshtrPz_D (Maharashtra),Shrirampur_DavkharRd_D (Maharashtra),Maharashtra,Maharashtra,1.61,66.0,41.0,44.712,3,1.0,111.0,,1.61,,,,1.61
IND242307AAB -> IND242221AAA,Tilhar_SingCLNY_D (Uttar Pradesh),Jalalabad_farukngr_D (Uttar Pradesh),Uttar Pradesh,Uttar Pradesh,1.463,60.0,41.0,50.102,5,1.0,110.0,1.463,,,,,1.463
IND274402AAA -> IND274304AAB,Kushinagar_JiswlDPP_D (Uttar Pradesh),Padrauna_BawliDPPP_D (Uttar Pradesh),Uttar Pradesh,Uttar Pradesh,2.833,34.0,12.5,17.829,4,1.0,110.0,2.833,,2.833,,,3.538
IND321606AAA -> IND321001AAA,Kherli_GodamDPP_D (Rajasthan),Bharatpur_DC (Rajasthan),Rajasthan,Rajasthan,1.592,78.0,49.0,54.473,3,1.0,109.0,1.592,,,,,1.592
IND302014AAB -> IND303301AAB,Jaipur_Central_I_7 (Rajasthan),Bassi_DmodrNGR_D (Rajasthan),Rajasthan,Rajasthan,1.312,42.0,32.0,39.502,10,0.5,109.0,,1.312,,,1.312,
IND177203AAA -> IND177101AAA,Amb_Adrshngr_D (Himachal Pradesh),DehraGopipur_Central_D_1 (Himachal Pradesh),Himachal Pradesh,Himachal Pradesh,1.514,56.0,37.0,32.074,3,1.0,109.0,1.514,,1.405,,,2.328
IND781018AAB -> IND781005AAA,Guwahati_Hub (Assam),Guwahati_North (Assam),Assam,Assam,1.322,59.0,44.0,42.087,6,0.5,108.0,,1.322,,,1.3,1.432
IND414502AAA -> IND431107AAB,Shevgaon_VidyaNgr_D (Maharashtra),Paithan_SantaNGR_D (Maharashtra),Maharashtra,Maharashtra,1.577,41.0,25.0,26.938,7,1.0,107.0,1.577,,,,,1.577
IND695609AAA -> IND695012AAA,Pangodu_Central_D_1 (Kerala),Trivandrum_Mnanthla_H (Kerala),Kerala,Kerala,2.077,81.0,39.0,34.434,3,1.0,107.0,,2.077,,,,2.077
IND303106AAA -> IND303002AAA,Paota_SmClyDPP_D (Rajasthan),Achrol_BgwriDPP_D (Rajasthan),Rajasthan,Rajasthan,1.522,35.0,20.0,26.944,9,1.0,107.0,1.522,,,,,1.522
IND614804AAA -> IND614616AAA,Peravurani_SH71_D (Tamil Nadu),Aranthangi_HsptlRod_D (Tamil Nadu),Tamil Nadu,Tamil Nadu,1.272,34.5,27.0,25.367,16,0.562,106.0,1.272,,,,,1.272
IND321001AAB -> IND321001AAA,Bharatpur_NraynDPP_D (Rajasthan),Bharatpur_DC (Rajasthan),Rajasthan,Rajasthan,1.3,39.0,31.0,32.799,6,0.833,106.0,1.3,,,,,1.3
IND176215AAA -> IND176061AAA,Dharamshala_GrudwrRd_D (Himachal Pradesh),Palampur_Cnsrvila_D (Himachal Pradesh),Himachal Pradesh,Himachal Pradesh,1.87,86.0,46.0,33.6,3,1.0,106.0,1.87,,1.707,1.87,,
IND600116AAB -> IND600056AAB,Chennai_Porur_DPC (Tamil Nadu),MAA_Poonamallee_HB (Tamil Nadu),Tamil Nadu,Tamil Nadu,2.111,57.0,28.0,32.217,3,1.0,105.0,,2.111,,,,2.111
IND334803AAA -> IND341001AAC,Nokha_DeVDPP_D (Rajasthan),Nagaur_KisanCo_D (Rajasthan),Rajasthan,Rajasthan,1.975,79.0,37.0,53.403,3,1.0,105.0,1.975,,,,,1.975
IND605010AAB -> IND604303AAA,Pondicherry_Vasanthm_I (Pondicherry),Marakkanam_MJRDPP_D (Tamil Nadu),Pondicherry,Tamil Nadu,1.4,72.5,50.5,34.035,4,0.5,105.0,1.4,,,,,1.4
IND415301AAB -> IND413307AAB,Atapadi_Vidyangr_D (Maharashtra),Sangola_Central_DPP_2 (Maharashtra),Maharashtra,Maharashtra,1.766,65.0,36.0,36.73,4,1.0,104.0,,1.766,,,,1.766
IND712406AAA -> IND712602AAA,Khanakul_Ramnagar_D (West Bengal),Arambag_BalibDPP_D (West Bengal),West Bengal,West Bengal,2.323,72.0,31.0,30.81,3,1.0,104.0,2.323,,2.323,,,
IND732138AAA -> IND733124AAA,Bamangola_Central_D_1 (West Bengal),Gangarmpur_KhdimDPP_D (West Bengal),West Bengal,West Bengal,2.028,72.0,36.0,41.022,3,1.0,104.0,1.806,2.073,,,,2.028
IND312001AAA -> IND312601AAA,Chittaurgarh_DC (Rajasthan),Nimbahera_MsjidDPP_D (Rajasthan),Rajasthan,Rajasthan,1.358,81.0,58.5,50.398,6,0.667,103.0,1.358,,,,,1.358
IND395023AAD -> IND395009AAA,Surat_Central_I_4 (Gujarat),Surat_Central_D_12 (Gujarat),Gujarat,Gujarat,2.877,44.5,15.5,15.741,4,1.0,103.0,,2.877,2.938,,,2.367
IND272207AAB -> IND272153AAC,Naugarh_Central_D_1 (Uttar Pradesh),Bansi_GangDPP_D (Uttar Pradesh),Uttar Pradesh,Uttar Pradesh,3.059,52.0,17.0,22.943,3,1.0,102.0,,3.059,,,,3.059
IND630561AAA -> IND623701AAA,Sivaganga_Wardno3_D (Tamil Nadu),Paramakudi_VagaiNgr_D (Tamil Nadu),Tamil Nadu,Tamil Nadu,1.412,54.0,39.0,42.66,5,1.0,102.0,1.412,,,,1.475,1.385
IND384170AAA -> IND384265AAB,Unjha_DC (Gujarat),Patan_Central_D_2 (Gujarat),Gujarat,Gujarat,1.286,30.0,24.0,26.787,12,0.667,102.0,1.286,,,,,1.286
IND591115AAB -> IND590016AAA,Kittur_ColageRD_D (Karnataka),Belgaum_Dc (Karnataka),Karnataka,Karnataka,1.833,55.5,30.5,43.002,4,1.0,102.0,1.833,,,,1.885,1.787
IND815301AAA -> IND815353AAA,Giridih_Shivalya_D (Jharkhand),Madhupur_Sitarmrd_D (Jharkhand),Jharkhand,Jharkhand,2.114,74.0,35.0,48.853,3,1.0,102.0,2.114,,,,,2.114
IND530012AAA -> IND531001AAA,Visakhapatnam_Gajuwaka_IP (Andhra Pradesh),Anakapalle_Kothuru_D (Andhra Pradesh),Andhra Pradesh,Andhra Pradesh,2.0,42.0,21.0,23.446,5,1.0,102.0,,2.0,,,,2.0
IND733129AAB -> IND733129AAA,Kaliyaganj_Central_DPP_1 (West Bengal),Kaliyaganj_FatprDPP_D (West Bengal),West Bengal,West Bengal,1.952,44.0,22.0,24.728,5,1.0,101.0,,1.952,2.0,,,1.861
IND345001AAA -> IND345021AAA,Jaisalmer_Gopa3PL_D (Rajasthan),Pokhran_SttinDPP_D (Rajasthan),Rajasthan,Rajasthan,1.338,103.0,77.0,109.549,4,1.0,101.0,1.338,,1.338,,,
IND530012AAA -> IND531162AAA,Visakhapatnam_Gajuwaka_IP (Andhra Pradesh),Vishakhapatnam (Andhra Pradesh),Andhra Pradesh,Andhra Pradesh,1.75,28.0,16.0,16.095,7,1.0,100.0,,1.75,2.118,,,1.75
IND400064AAB -> IND400072AAB,Mumbai_MaladWest_CP (Maharashtra),Mumbai Hub (Maharashtra),Maharashtra,Maharashtra,3.084,37.5,12.5,12.635,4,1.0,100.0,,3.084,,3.084,,
IND363641AAA -> IND363621AAB,Morbi_DC (Gujarat),Wankaner_JivanDPP_D (Gujarat),Gujarat,Gujarat,1.478,49.5,33.0,33.968,6,0.833,99.0,,1.478,,,,1.478
IND523002AAA -> IND523226AAA,Ongole_SubhVRTL_I (Andhra Pradesh),Chimkurthy_MSRClgRd_D (Andhra Pradesh),Andhra Pradesh,Andhra Pradesh,1.684,35.0,19.0,20.522,5,1.0,99.0,1.684,,,2.575,1.632,
IND327001AAB -> IND312605AAB,Banswara_KhandDPP_D (Rajasthan),Pratapgarh_Nimachrd_D (Rajasthan),Rajasthan,Rajasthan,1.411,87.5,62.0,88.513,4,1.0,99.0,1.411,,,,1.403,1.419
IND781014AAA -> IND781102AAA,Guwahati_Jalukbari (Assam),Hajo_Sardala_D (Assam),Assam,Assam,2.315,40.5,17.5,22.767,4,1.0,97.0,,2.315,2.315,,,
IND518222AAA -> IND518002AAA,Dhone_RmNyrDPP_D (Andhra Pradesh),Kurnool_AbbasNgr_I (Andhra Pradesh),Andhra Pradesh,Andhra Pradesh,1.514,56.0,41.0,54.069,5,0.8,96.0,1.514,,,,,1.514
IND201204AAA -> IND250002AAA,Modinagar_SikriKla_DC (Uttar Pradesh),Meerut (Uttar Pradesh),Uttar Pradesh,Uttar Pradesh,1.643,34.5,21.0,23.083,6,0.833,96.0,1.643,,,,,1.643
IND341512AAA -> IND341505AAA,Parbatsar_AjmhwDPP_D (Rajasthan),Makrana_Mwalibad_D (Rajasthan),Rajasthan,Rajasthan,1.727,42.0,23.0,24.384,5,1.0,96.0,1.727,,,,,1.727
IND767001AAA -> IND767017AAA,Balangir_Rjndpara_D (Orissa),Sonepur_BrezeDPP_D (Orissa),Orissa,Orissa,1.857,65.0,35.0,49.247,3,1.0,96.0,1.857,,,,,1.857
IND342601AAA -> IND342902AAA,Piparcity_BsstdDPP_D (Rajasthan),Gotan_DKLogDPP_D (Rajasthan),Rajasthan,Rajasthan,1.914,68.0,41.0,39.002,3,1.0,96.0,1.914,,,,,1.914
IND676306AAA -> IND676509AAA,Tirurangadi_Kooriyad_D (Kerala),Malappuram_Munduprm_D (Kerala),Kerala,Kerala,1.7,30.0,20.0,20.507,7,1.0,96.0,,1.7,,,2.0,1.429
IND277303AAC -> IND277211AAA,Sikandarpur_Central_D_3 (Uttar Pradesh),Sahatwar_PnchmDPP_D (Uttar Pradesh),Uttar Pradesh,Uttar Pradesh,1.414,52.0,37.0,40.504,6,1.0,96.0,1.414,,,,,1.414
IND560027AAA -> IND560099AAA,Blr_Domlur (Karnataka),Bengaluru_Bomsndra_PC (Karnataka),Karnataka,Karnataka,2.206,46.0,21.5,18.954,4,0.75,95.0,,2.206,,3.028,1.44,
IND500032AAA -> IND502295AAA,Hyd_Chandanagar_Dc (Telangana),Sangareddy_Pothredy_D (Telangana),Telangana,Telangana,1.98,41.5,21.0,26.696,4,1.0,95.0,,1.98,,,,1.98
IND673305AAA -> IND673104AAA,Koyilandy_Pshrikvu_D (Kerala),Vadakara_Mandodi_D (Kerala),Kerala,Kerala,1.267,27.5,22.0,20.834,14,0.714,95.0,,1.267,,,,1.267
IND683572AAA -> IND680307AAA,Angamaly_CivilStn_D (Kerala),Chalakudy_SurbhiTh_D (Kerala),Kerala,Kerala,1.364,15.0,11.0,13.42,13,0.692,95.0,,1.364,,,,1.364
IND400072AAB -> IND400701AAB,Mumbai Hub (Maharashtra),Mumbai_Pawane_L (Maharashtra),Maharashtra,Maharashtra,2.421,46.0,19.0,22.205,3,1.0,94.0,,2.421,,,,2.421
IND144514AAA -> IND141115AAA,Nawanshahr_DC (Punjab),Machhiwara_MnBzrDPP_D (Punjab),Punjab,Punjab,1.75,49.0,28.0,26.132,5,1.0,94.0,1.75,,,,,1.75
IND303901AAA -> IND304001AAA,Chaksu_TonkRoad_D (Rajasthan),Tonk_DC (Rajasthan),Rajasthan,Rajasthan,1.905,80.0,42.0,56.511,3,1.0,93.0,,1.905,,,,1.905
IND184104AAA -> IND181152AAA,Kathua_BOB_D (Jammu & Kashmir),Jammu_TrnptNgr_L (Jammu & Kashmir),Jammu & Kashmir,Jammu & Kashmir,1.486,104.0,71.0,77.643,3,1.0,93.0,1.486,,,,,1.486
IND505001AAB -> IND505302AAB,Karimnagar_KamnHbRD_I (Telangana),Vemulawada_Central_DPP_2 (Telangana),Telangana,Telangana,1.712,56.5,33.5,34.789,4,0.75,93.0,1.712,,,,1.676,1.712
IND590016AAA -> IND591302AAB,Belgaum_Dc (Karnataka),Khanapur_StatinRD_D (Karnataka),Karnataka,Karnataka,1.452,45.0,31.0,35.98,5,1.0,91.0,1.452,,,,,1.452
IND625531AAA -> IND625516AAA,Theni_Rathnam_D (Tamil Nadu),Cumbum_LFRoad_D (Tamil Nadu),Tamil Nadu,Tamil Nadu,1.283,59.0,46.0,41.412,7,1.0,91.0,1.283,,,,,1.283
IND680307AAA -> IND680712AAA,Chalakudy_SurbhiTh_D (Kerala),Irinjlkuda_Greens_D (Kerala),Kerala,Kerala,1.619,33.0,20.0,19.353,7,1.0,90.0,,1.619,,,,1.619
IND733128AAA -> IND733134AAA,Itahar_NatunDPP_D (West Bengal),Raiganj_SubrtDPP_D (West Bengal),West Bengal,West Bengal,1.81,38.0,21.0,26.666,5,1.0,89.0,,1.81,,,,1.81
IND321001AAA -> IND321401AAB,Bharatpur_DC (Rajasthan),Bayana_LalBagh_D (Rajasthan),Rajasthan,Rajasthan,1.236,46.5,39.0,41.854,10,0.6,89.0,1.236,,,,,1.236
IND415003AAA -> IND412803AAB,Satara_DC (Maharashtra),Wai_Central_DPP_3 (Maharashtra),Maharashtra,Maharashtra,1.279,55.0,43.0,35.631,7,0.714,88.0,1.279,,,,1.119,1.282
IND623704AAA -> IND626607AAB,Muthukulathur_VaiklSRT_D (Tamil Nadu),Narikkudi_MukkuRD_D (Tamil Nadu),Tamil Nadu,Tamil Nadu,1.271,59.0,47.0,48.782,7,0.714,88.0,1.271,,1.291,,,1.122
IND181152AAB -> IND184121AAA,Jammu_Central_I_1 (Jammu & Kashmir),Samba_Wardno13_D (Jammu & Kashmir),Jammu & Kashmir,Jammu & Kashmir,1.641,52.5,32.0,36.463,4,1.0,87.0,1.641,,1.719,,,1.562
IND518124AAA -> IND518206AAA,Bngnpalle_Enkndla_D (Andhra Pradesh),Betamcherla_CmtNgRod_D (Andhra Pradesh),Andhra Pradesh,Andhra Pradesh,1.65,33.0,21.0,19.492,6,1.0,86.0,1.65,,,,,1.65
IND275303AAA -> IND276140AAA,Dohrighat_AzmrdDPP_D (Uttar Pradesh),Jiyanpur_Central_DPP_1 (Uttar Pradesh),Uttar Pradesh,Uttar Pradesh,2.153,35.5,16.0,23.163,4,1.0,86.0,2.153,,,,,2.153
IND465001AAA -> IND465333AAA,Shajapur_MhpraRD_D (Madhya Pradesh),Shujalpur_AstrdDPP_D (Madhya Pradesh),Madhya Pradesh,Madhya Pradesh,1.343,94.0,69.0,66.441,3,1.0,86.0,1.343,,,1.343,,
IND785621AAA -> IND785001AAA,Golaghat_BaruaRd_D (Assam),Jorhat_RicMilRd_D (Assam),Assam,Assam,1.591,70.0,44.0,49.249,3,1.0,85.0,1.591,,,1.591,,
IND680307AAA -> IND683511AAA,Chalakudy_SurbhiTh_D (Kerala),Aluva_Peedika_H (Kerala),Kerala,Kerala,1.667,30.0,18.0,21.498,5,1.0,85.0,,1.667,,,,1.667
IND124112AAA -> IND125033AAA,Meham_GModDPP_D (Haryana),Hansi_DelRdDPP_D (Haryana),Haryana,Haryana,1.721,50.0,28.5,36.352,4,1.0,85.0,1.721,,,1.721,,
IND636705AAB -> IND635001AAA,Dharmapuri_Central_D_2 (Tamil Nadu),Krishnagiri_BnglorRd_D (Tamil Nadu),Tamil Nadu,Tamil Nadu,1.433,71.0,50.0,53.147,4,0.75,84.0,1.433,,,1.433,,
IND600116AAB -> IND600056AAA,Chennai_Porur_DPC (Tamil Nadu),Chennai_Poonamallee (Tamil Nadu),Tamil Nadu,Tamil Nadu,2.25,27.0,12.0,12.37,3,1.0,84.0,,2.25,4.083,,,1.909
IND151505AAA -> IND151506AAA,Mansa_GreenVly_D (Punjab),Jhunir_BhaRDDPP_D (Punjab),Punjab,Punjab,1.769,46.0,27.0,33.995,5,0.6,84.0,1.769,,,,,1.769
IND825102AAA -> IND827013AAA,Phusro_RhmgjDPP_D (Jharkhand),Bokaro_KSClny_DC (Jharkhand),Jharkhand,Jharkhand,2.12,53.0,26.0,32.343,3,1.0,83.0,2.058,2.12,,,2.12,
IND573201AAB -> IND573134AAB,Hassan_Pandrnga_I (Karnataka),Sakleshpur_RgvdrDPP_D (Karnataka),Karnataka,Karnataka,1.677,52.0,32.0,43.094,3,1.0,82.0,1.677,,,,1.677,
IND110024AAA -> IND110014AAA,Delhi_Lajpat_IP (Delhi),Delhi_Bhogal (Delhi),Delhi,Delhi,2.0,14.0,7.0,9.723,9,1.0,82.0,,2.0,3.143,,2.0,1.714
IND147101AAA -> IND147105AAA,Samana_PODPP_D (Punjab),Patran_MheshNGR_D (Punjab),Punjab,Punjab,1.391,33.0,23.0,26.072,9,1.0,81.0,1.391,,,,,1.391
IND201007AAA -> IND201005AAA,GZB_Mohan_Nagar_DPC (Uttar Pradesh),Ghaziabad_RjndrNgr_DC (Uttar Pradesh),Uttar Pradesh,Uttar Pradesh,2.077,27.0,13.0,10.469,3,0.667,80.0,,2.077,,,2.077,
IND122001AAA -> IND122001AAD,GGN_DPC (Haryana),Gurgaon_Kadipur (Haryana),Haryana,Haryana,3.2,41.0,13.0,12.724,3,1.0,80.0,,3.2,3.254,,,3.154
IND636352AAA -> IND636705AAB,Thoppur_HghsclRD_D (Tamil Nadu),Dharmapuri_Central_D_2 (Tamil Nadu),Tamil Nadu,Tamil Nadu,1.6,40.0,25.0,27.303,5,1.0,79.0,1.6,,1.741,1.52,,
IND689650AAA -> IND690548AAA,Kozhenchery_Cherukole_D (Kerala),Haripad_Kumrpurm_D (Kerala),Kerala,Kerala,1.605,69.0,41.0,41.879,3,1.0,79.0,,1.605,,,,1.605
IND474003AAA -> IND476001AAA,Gwalior_HrihrNgr_I (Madhya Pradesh),Morena_Prjapati_D (Madhya Pradesh),Madhya Pradesh,Madhya Pradesh,1.595,59.0,37.0,34.69,3,1.0,78.0,1.595,,,,,1.595
IND241124AAB -> IND242001AAA,Shahabad_KDRoad_D (Uttar Pradesh),Shahjhnpur_NavdaCln_D (Uttar Pradesh),Uttar Pradesh,Uttar Pradesh,2.186,36.0,16.5,23.759,4,1.0,77.0,2.186,,,,,2.186
IND425406AAA -> IND425405AAA,Shindkheda_KakaCplx_D (Maharashtra),Shirpur_KrantiNgr_D (Maharashtra),Maharashtra,Maharashtra,1.948,39.5,20.5,20.742,4,1.0,77.0,1.948,,,,,1.948
IND824101AAA -> IND821307AAA,AurngbadBR_Mahindra_D (Bihar),DehriSone_Dilliyan_D (Bihar),Bihar,Bihar,1.89,42.5,22.0,32.116,4,1.0,75.0,1.89,,,,,1.89
IND382421AAA -> IND382721AAA,Gandhinagar_DC (Gujarat),Gandhinagar_Kalol_DC (Gujarat),Gujarat,Gujarat,1.294,20.0,16.0,15.994,14,0.571,75.0,,1.294,,,,1.294
IND181152AAA -> IND184121AAA,Jammu_TrnptNgr_L (Jammu & Kashmir),Samba_Wardno13_D (Jammu & Kashmir),Jammu & Kashmir,Jammu & Kashmir,1.467,44.0,32.0,36.502,5,1.0,74.0,1.467,,1.467,,,
IND641607AAA -> IND641664AAA,Tirupur_Koliplm_I (Tamil Nadu),Tirpur_Palladam_DC (Tamil Nadu),Tamil Nadu,Tamil Nadu,1.9,38.0,20.0,21.592,4,1.0,74.0,,1.9,,,1.9,
IND462022AAA -> IND462001AAA,Bhopal_Trnsport_H (Madhya Pradesh),Bhopal_Old City (Madhya Pradesh),Madhya Pradesh,Madhya Pradesh,2.308,30.0,13.0,14.517,3,1.0,73.0,,2.308,,,,2.308
IND635001AAA -> IND636705AAB,Krishnagiri_BnglorRd_D (Tamil Nadu),Dharmapuri_Central_D_2 (Tamil Nadu),Tamil Nadu,Tamil Nadu,1.368,72.5,52.0,55.553,4,1.0,73.0,1.368,,,,,1.368
IND384205AAA -> IND384170AAA,Mehsana_Panchot_IP (Gujarat),Unjha_DC (Gujarat),Gujarat,Gujarat,1.25,35.0,28.0,28.24,6,0.667,72.0,1.25,,,,1.536,1.179
IND140406AAA -> IND140401AAA,SirhindFatehgarh_DC (Punjab),Rajpura_DC (Punjab),Punjab,Punjab,1.583,38.0,28.0,31.025,7,0.714,71.0,1.583,,,,,1.583
IND403726AAB -> IND403507AAA,Goa_ZuariNgr_IP (Goa),Panaji Goa (Goa),Goa,Goa,1.333,40.0,29.0,25.099,5,0.8,71.0,,1.333,,,1.376,1.276
IND110044AAB -> IND110037AAM,Del_Okhla_PC (Delhi),Delhi_Airport_H (Delhi),Delhi,Delhi,2.048,43.0,23.0,24.686,3,1.0,70.0,,2.048,,,,2.048
IND785001AAA -> IND785112AAC,Jorhat_RicMilRd_D (Assam),Teok_Wardno3_D (Assam),Assam,Assam,2.111,40.0,19.0,27.002,3,1.0,70.0,,2.111,,,2.111,
IND624619AAA -> IND624601AAA,Oddnchtram_Palani_D (Tamil Nadu),Palani_RjndraRd_D (Tamil Nadu),Tamil Nadu,Tamil Nadu,1.271,34.0,26.0,27.209,10,0.7,69.0,1.271,,,,,1.271
IND505325AAA -> IND505327AAA,Metpally_GunjRDPP_D (Telangana),Jagtial_Aravind_D (Telangana),Telangana,Telangana,1.422,27.5,20.0,28.383,6,1.0,68.0,1.422,,,,,1.422
IND442605AAA -> IND441603AAA,Gadchiroli_Central_DPP_1 (Maharashtra),Chamorshi_Central_DPP_1 (Maharashtra),Maharashtra,Maharashtra,2.091,46.0,23.0,31.538,3,1.0,68.0,,2.091,2.091,,,
IND521001AAA -> IND521165AAA,Machilipatnam_DC (Andhra Pradesh),Vuyyuru_BhogdDPP_D (Andhra Pradesh),Andhra Pradesh,Andhra Pradesh,1.808,47.0,26.0,36.565,3,1.0,68.0,1.808,,,,,1.808
IND571438AAB -> IND571401AAA,Srirangapatna_Bburynkpl_D (Karnataka),Mandya_Dc (Karnataka),Karnataka,Karnataka,1.258,40.0,31.0,24.747,9,0.667,68.0,1.258,,,,,1.258
IND487001AAA -> IND487551AAA,Narsingpur_JrjolDPP_D (Madhya Pradesh),Gadarwara_MPward_D (Madhya Pradesh),Madhya Pradesh,Madhya Pradesh,1.377,64.0,46.0,50.059,4,0.75,67.0,1.377,,,,,1.377
IND341030AAA -> IND341303AAA,Tarnau_BsstdDPP_D (Rajasthan),Didwana_KatlaDPP_D (Rajasthan),Rajasthan,Rajasthan,1.467,66.0,45.0,55.557,3,1.0,64.0,1.467,,1.467,,,
IND521105AAA -> IND534001AAA,HanumanJNC_VijywdRD_D (Andhra Pradesh),Eluru_Agraharm_DC (Andhra Pradesh),Andhra Pradesh,Andhra Pradesh,1.941,33.5,17.0,18.17,4,1.0,64.0,1.941,,,,,1.941
IND695101AAB -> IND691574AAA,Attingal_Central_D_2 (Kerala),Kalluvathukal_Pariplly_D (Kerala),Kerala,Kerala,1.258,18.5,15.0,14.507,20,0.6,63.0,,1.258,,,,1.258
IND518206AAA -> IND518222AAA,Betamcherla_CmtNgRod_D (Andhra Pradesh),Dhone_RmNyrDPP_D (Andhra Pradesh),Andhra Pradesh,Andhra Pradesh,1.267,57.0,44.5,35.97,4,0.75,62.0,1.267,,,,,1.267
IND303008AAB -> IND303338AAB,Dudu_NrainaRD_D (Rajasthan),Phulera_NarenaRD_D (Rajasthan),Rajasthan,Rajasthan,1.533,44.0,30.0,32.709,5,0.8,62.0,,1.533,,,,1.533
IND585307AAB -> IND585222AAA,Chincholi_Mainroad_D (Karnataka),Sedam_DBRCmplx_D (Karnataka),Karnataka,Karnataka,1.411,51.5,37.0,39.699,4,1.0,60.0,,1.411,,,,1.411
IND722202AAA -> IND722101AAC,Barjora_Central_DPP_1 (West Bengal),Bankura_BhowmDPP_D (West Bengal),West Bengal,West Bengal,1.509,44.0,29.0,32.539,4,1.0,60.0,,1.509,,,,1.509
IND535591AAA -> IND535558AAA,Salur_ward9_D (Andhra Pradesh),Bobbili_ColegRd_D (Andhra Pradesh),Andhra Pradesh,Andhra Pradesh,2.133,33.0,16.0,19.049,3,1.0,60.0,2.133,,,,,2.133
IND141003AAB -> IND000000ACA,Ludhiana_GillChwk_DC (Punjab),Ludhiana_MilrGanj_HB (Punjab),Punjab,Punjab,1.818,20.0,11.0,15.259,7,0.714,59.0,,1.818,1.818,,,
IND638001AAA -> IND638052AAA,Erode (Tamil Nadu),Perundurai_Viveka_DC (Tamil Nadu),Tamil Nadu,Tamil Nadu,2.167,37.0,17.0,18.676,3,1.0,59.0,2.167,,,2.167,,
IND676509AAA -> IND679322AAA,Malappuram_Munduprm_D (Kerala),Printhlmna_EmsPnmbi_D (Kerala),Kerala,Kerala,2.095,43.0,20.0,21.07,3,1.0,56.0,,2.095,,,,2.095
IND575004AAB -> IND671323AAD,Mangalore_Kuntikna_H (Karnataka),Manjeshwar_Central_D_1 (Kerala),Karnataka,Kerala,1.741,47.0,26.0,24.326,3,1.0,56.0,1.741,,,1.462,1.741,1.923
IND576101AAA -> IND576201AAA,Udupi (Karnataka),Kundapura_DC (Karnataka),Karnataka,Karnataka,1.567,47.0,30.0,39.633,3,1.0,55.0,1.567,,1.452,,,1.683
IND140401AAA -> IND142401AAA,Rajpura_DC (Punjab),Khanna_DC (Punjab),Punjab,Punjab,1.576,51.0,33.0,44.926,3,1.0,55.0,1.576,,,,,1.576
IND507002AAA -> IND507159AAA,Khammam_NSTRoad_I (Telangana),Kusumnchi_SKRoad_D (Telangana),Telangana,Telangana,1.941,34.0,17.0,23.175,3,1.0,55.0,1.941,,,,1.941,
IND626117AAA -> IND626138AAA,Rajpalayam_AshkTalk_D (Tamil Nadu),Maharajapuram_Krsnakcl_D (Tamil Nadu),Tamil Nadu,Tamil Nadu,1.24,32.0,25.0,20.775,9,0.667,54.0,1.24,,,,,1.24
IND573103AAA -> IND577116AAA,Arsikere_HsnRdDPP_D (Karnataka),,Karnataka,,1.385,37.0,27.0,37.589,5,1.0,53.0,1.385,,,,,1.385
IND125033AAA -> IND125001AAA,Hansi_DelRdDPP_D (Haryana),Hisar_ModelTwn_P (Haryana),Haryana,Haryana,2.0,34.0,17.0,21.274,3,1.0,52.0,2.0,,,2.0,,
IND572201AAB -> IND573103AAA,Tiptur_YTRd_D (Karnataka),Arsikere_HsnRdDPP_D (Karnataka),Karnataka,Karnataka,1.421,27.0,19.0,27.564,3,1.0,52.0,1.421,,,,1.367,2.857
IND184104AAA -> IND184121AAA,Kathua_BOB_D (Jammu & Kashmir),Samba_Wardno13_D (Jammu & Kashmir),Jammu & Kashmir,Jammu & Kashmir,1.575,63.0,40.0,43.107,3,0.667,51.0,1.575,,,,1.643,1.3
IND110085AAB -> IND110039AAA,Delhi_Rohini_DPC (Delhi),Delhi_Barwala (Delhi),Delhi,Delhi,1.738,28.5,16.0,13.577,4,0.5,51.0,,1.738,2.385,,,1.134
IND585222AAA -> IND585211AAA,Sedam_DBRCmplx_D (Karnataka),Chittapur_GlbrgaRD_D (Karnataka),Karnataka,Karnataka,1.412,36.0,26.0,26.247,4,0.75,50.0,,1.412,,,,1.412
IND641008AAA -> IND641001AAA,Cjb_Kovaipudur_Dc (Tamil Nadu),Coimbatore_Ukkadam_D (Tamil Nadu),Tamil Nadu,Tamil Nadu,2.059,34.0,12.0,12.619,3,1.0,50.0,,2.059,,,,2.059
IND505302AAB -> IND505326AAB,Vemulawada_Central_DPP_2 (Telangana),,Telangana,,1.212,66.0,54.5,50.424,4,0.5,50.0,1.212,,,,,1.212
IND151001AAA -> IND151103AAA,Bhatinda_DPC (Punjab),RampuraPhul_DC (Punjab),Punjab,Punjab,1.429,40.0,27.0,28.384,5,0.8,50.0,1.429,,,,,1.429
IND147001AAB -> IND147201AAA,Patiala (Punjab),Nabha_Sahni_D (Punjab),Punjab,Punjab,1.321,36.0,28.0,27.104,6,0.833,49.0,1.321,,,,,1.321
IND521201AAA -> IND521105AAA,Nuzvid_Ward17_D (Andhra Pradesh),HanumanJNC_VijywdRD_D (Andhra Pradesh),Andhra Pradesh,Andhra Pradesh,1.737,33.0,22.0,22.355,3,1.0,49.0,1.737,,,,1.737,1.795
IND184121AAA -> IND184104AAA,Samba_Wardno13_D (Jammu & Kashmir),Kathua_BOB_D (Jammu & Kashmir),Jammu & Kashmir,Jammu & Kashmir,1.205,47.0,38.0,41.085,3,0.667,49.0,1.205,,1.205,,,
IND403726AAB -> IND403601AAA,Goa_ZuariNgr_IP (Goa),Goa_Margao_Dc (Goa),Goa,Goa,1.492,23.5,15.0,15.925,6,1.0,48.0,,1.492,,,1.492,
IND591237AAB -> IND591201AAA,Nipani_AkkolRD_D (Karnataka),Chikodi_IndraNgr_D (Karnataka),Karnataka,Karnataka,1.568,34.5,22.0,24.023,4,0.75,48.0,1.568,,,,1.5,1.636
IND854334AAA -> IND852118AAA,Raniganj_Central_DPP_1 (Bihar),Forbesganj_JhumanCk_D (Bihar),Bihar,Bihar,1.333,28.0,21.0,23.877,7,1.0,48.0,1.333,,,,,1.333
IND742147AAA -> IND742137AAA,Khargram_BoiDPP_D (West Bengal),Kandi_DohalDPP_D (West Bengal),West Bengal,West Bengal,1.833,33.0,18.0,15.517,3,1.0,47.0,,1.833,,,,1.833
IND110085AAB -> IND110087AAA,Delhi_Rohini_DPC (Delhi),Delhi_Paschim_DC (Delhi),Delhi,Delhi,2.0,26.0,13.0,11.755,3,0.667,45.0,,2.0,2.692,,,1.077
IND332001AAB -> IND333001AAA,Sikar_FatehpRd_I (Rajasthan),Jhunjhunu_DC (Rajasthan),Rajasthan,Rajasthan,1.271,75.0,59.0,64.165,3,0.667,44.0,1.271,,,,1.271,
IND221303AAA -> IND231001AAA,Gopiganj_Wardno13_D (Uttar Pradesh),Mirzapur_JangiRd_D (Uttar Pradesh),Uttar Pradesh,Uttar Pradesh,1.625,39.0,23.0,29.253,3,1.0,43.0,1.625,,,,,1.625
IND689101AAA -> IND690548AAA,Tiruvalla_TKRoad_D (Kerala),Haripad_Kumrpurm_D (Kerala),Kerala,Kerala,1.44,35.5,25.0,25.15,4,1.0,42.0,,1.44,,,,1.44
IND689101AAA -> IND689650AAA,Tiruvalla_TKRoad_D (Kerala),Kozhenchery_Cherukole_D (Kerala),Kerala,Kerala,1.367,20.5,15.0,16.117,6,0.667,40.0,,1.367,,,,1.367
IND110035AAC -> IND110037AAM,Delhi_North_R_8 (Delhi),Delhi_Airport_H (Delhi),Delhi,Delhi,1.667,30.0,19.0,20.908,3,1.0,40.0,,1.667,1.667,,1.728,
IND403726AAB -> IND403002AAA,Goa_ZuariNgr_IP (Goa),Central Goa (Goa),Goa,Goa,1.292,31.0,24.0,16.117,4,0.75,39.0,,1.292,,,1.292,1.292
IND333001AAA -> IND333028AAA,Jhunjhunu_DC (Rajasthan),Sultana_Central_DPP_1 (Rajasthan),Rajasthan,Rajasthan,1.378,51.0,41.0,33.367,3,0.667,39.0,1.378,,,,,1.378
IND854334AAA -> IND852118A1B,Raniganj_Central_DPP_1 (Bihar),,Bihar,,1.286,27.0,21.0,23.155,7,0.714,38.0,1.286,,,,,1.286
IND679329AAA -> IND673639AAA,Nilambur_StteHW28_D (Kerala),Areacode_Puthalam_D (Kerala),Kerala,Kerala,1.619,34.0,21.0,22.458,3,1.0,38.0,,1.619,,,,1.619
IND695614AAA -> IND695609AAA,Kilimanoor_Krvnkuzy_D (Kerala),Pangodu_Central_D_1 (Kerala),Kerala,Kerala,1.316,25.0,19.0,15.302,3,1.0,35.0,,1.316,,,,1.316
IND632006AAA -> IND635802AAB,Vellore_GndhiNgr_IP (Tamil Nadu),Ambur_Central_D_2 (Tamil Nadu),Tamil Nadu,Tamil Nadu,1.349,58.0,44.0,47.557,3,0.667,34.0,1.349,,,,1.356,1.056
IND712612AAA -> IND722154AAA,Kamarpukur_ChatiDPP_D (West Bengal),MirzapurWB_VidyaDPP_D (West Bengal),West Bengal,West Bengal,1.684,32.0,19.0,19.713,3,1.0,34.0,1.684,,1.684,,,
IND733134AAA -> IND733129AAB,Raiganj_SubrtDPP_D (West Bengal),Kaliyaganj_Central_DPP_1 (West Bengal),West Bengal,West Bengal,1.478,34.0,23.0,23.596,3,1.0,33.0,,1.478,,,,1.478
IND751015AAA -> IND751002AAB,Bhubaneshwar_Nayapalli (Orissa),Bhubaneshwar_Hub (Orissa),Orissa,Orissa,2.0,14.0,7.0,10.178,4,1.0,33.0,,2.0,2.0,,,
IND636005AAA -> IND636016AAA,Salem_Kadtmpty_H (Tamil Nadu),Salem (Tamil Nadu),Tamil Nadu,Tamil Nadu,1.85,17.5,9.5,10.361,4,0.75,32.0,,1.85,,,,1.85
IND201301AAL -> IND201307AAA,Dadri_ICDCant_D (Uttar Pradesh),Noida_Chukhndi_D (Uttar Pradesh),Uttar Pradesh,Uttar Pradesh,1.263,26.0,21.0,19.507,5,0.8,29.0,,1.263,1.429,,,1.251
IND764059AAA -> IND764071AAB,Nabarangpr_PhdofDPP_D (Orissa),Pappadahandi_Central_DPP_2 (Orissa),Orissa,Orissa,1.889,17.0,9.0,12.798,3,1.0,24.0,,1.889,1.833,2.125,,
IND272155AAA -> IND272001AAA,Harraiya_MahuGDPP_D (Uttar Pradesh),Basti_GndhiNgr_D (Uttar Pradesh),Uttar Pradesh,Uttar Pradesh,1.292,31.0,24.0,34.515,3,1.0,23.0,1.292,,1.36,1.292,,
IND201007AAA -> IND201001AAA,GZB_Mohan_Nagar_DPC (Uttar Pradesh),Ghaziabad_Patel Nagar (Uttar Pradesh),Uttar Pradesh,Uttar Pradesh,1.446,18.0,12.5,10.486,4,1.0,22.0,,1.446,,,1.308,1.583
IND484001AAA -> IND484224AAA,Shahdol_Sohagpur_D (Madhya Pradesh),Anuppur_JthriDPP_DC (Madhya Pradesh),Madhya Pradesh,Madhya Pradesh,1.405,59.0,42.0,46.901,3,0.667,9.0,1.405,,1.429,,,0.913
IND209304AAA -> IND208012AAA,Kanpur_Central_H_6 (Uttar Pradesh),Kanpur_Central_D_7 (Uttar Pradesh),Uttar Pradesh,Uttar Pradesh,1.273,34.0,22.0,29.001,21,0.524,-168.0,,1.273,,,1.273,1.062
