corridor,src_name,dst_name,median_dist_km,n_traversals,daily_vol,src_btw,time_ftl,time_cart,time_saved_ftl,cost_ftl,cost_cart,cost_premium_ftl,pbreach_ftl,pbreach_cart,gc_ftl,gc_cart,recommend,gc_saving_vs_alt,dist_band,vol_band
IND110024AAA -> IND110014AAA,Delhi_Lajpat_IP (Delhi),Delhi_Bhogal (Delhi),9.723,9,0.36,0.0,15.9,14.4,-1.5,2714.0,692.0,2022.0,0.925,0.895,4113.0,2045.0,Carting,2068.0,<50km,thin(<1.5/d)
IND600032AAB -> IND600044AAD,Chennai_Hub (Tamil Nadu),Chennai_Chrompet_DPC (Tamil Nadu),10.008,16,0.64,0.0,24.1,19.6,-4.5,2720.0,700.0,2020.0,0.786,0.733,3915.0,1813.0,Carting,2102.0,<50km,thin(<1.5/d)
IND751015AAA -> IND751002AAB,Bhubaneshwar_Nayapalli (Orissa),Bhubaneshwar_Hub (Orissa),10.178,4,0.16,0.0,13.9,11.8,-2.1,2724.0,705.0,2019.0,0.734,0.63,3835.0,1658.0,Carting,2177.0,<50km,thin(<1.5/d)
IND211002AAB -> IND211011AAA,Allahabad_Central_H_1 (Uttar Pradesh),Allahabad_Central_D_5 (Uttar Pradesh),10.351,12,0.48,0.008,26.4,27.6,1.2,2728.0,711.0,2017.0,0.948,0.927,4200.0,2152.0,Carting,2048.0,<50km,thin(<1.5/d)
IND636005AAA -> IND636016AAA,Salem_Kadtmpty_H (Tamil Nadu),Salem (Tamil Nadu),10.361,4,0.16,0.0,18.9,16.0,-2.8,2728.0,711.0,2017.0,0.734,0.63,3842.0,1666.0,Carting,2176.0,<50km,thin(<1.5/d)
IND201007AAA -> IND201005AAA,GZB_Mohan_Nagar_DPC (Uttar Pradesh),Ghaziabad_RjndrNgr_DC (Uttar Pradesh),10.469,3,0.12,0.004,26.4,24.0,-2.4,2730.0,714.0,2016.0,0.877,0.846,4078.0,2013.0,Carting,2065.0,<50km,thin(<1.5/d)
IND201007AAA -> IND201001AAA,GZB_Mohan_Nagar_DPC (Uttar Pradesh),Ghaziabad_Patel Nagar (Uttar Pradesh),10.486,4,0.16,0.004,25.4,23.1,-2.3,2731.0,715.0,2016.0,0.877,0.846,4077.0,2012.0,Carting,2065.0,<50km,thin(<1.5/d)
IND482002AAA -> IND842003AAB,Jabalpur (Madhya Pradesh),Jabalpur_Adhartal_IP (Madhya Pradesh),10.491,3,0.12,0.0,69.6,76.5,7.0,2731.0,715.0,2016.0,0.94,0.929,4188.0,2159.0,Carting,2029.0,<50km,thin(<1.5/d)
IND201001AAA -> IND201007AAA,Ghaziabad_Patel Nagar (Uttar Pradesh),GZB_Mohan_Nagar_DPC (Uttar Pradesh),10.561,5,0.2,0.0,36.2,36.6,0.4,2732.0,717.0,2016.0,0.966,0.951,4205.0,2168.0,Carting,2038.0,<50km,thin(<1.5/d)
IND600044AAD -> IND600032AAB,Chennai_Chrompet_DPC (Tamil Nadu),Chennai_Hub (Tamil Nadu),10.597,7,0.28,0.004,28.5,29.2,0.6,2733.0,718.0,2015.0,0.925,0.89,4155.0,2086.0,Carting,2069.0,<50km,thin(<1.5/d)
IND380005AAA -> IND382421AAA,Amd_Chandkheda_Dc (Gujarat),Gandhinagar_DC (Gujarat),10.675,7,0.28,0.001,29.2,27.2,-2.1,2735.0,720.0,2015.0,0.989,0.983,4241.0,2217.0,Carting,2025.0,<50km,thin(<1.5/d)
IND751014AAA -> IND751002AAB,Bhubaneswar_BjbNgr_DC (Orissa),Bhubaneshwar_Hub (Orissa),10.717,5,0.2,0.0,16.5,15.6,-0.9,2736.0,722.0,2014.0,0.889,0.824,4081.0,1968.0,Carting,2113.0,<50km,thin(<1.5/d)
IND400102AAC -> IND400052AAA,Mumbai_Jogshwri_I (Maharashtra),Mumbai_Khar West _Dc (Maharashtra),11.049,8,0.32,0.0,47.7,46.4,-1.4,2743.0,731.0,2012.0,0.99,0.983,4262.0,2238.0,Carting,2024.0,<50km,thin(<1.5/d)
IND492001AAB -> IND492007AAA,Raipur_Katora_IP (Chhattisgarh),Raipur_Central_D_5 (Chhattisgarh),11.09,8,0.32,0.0,23.6,22.4,-1.2,2744.0,733.0,2011.0,0.889,0.824,4094.0,1984.0,Carting,2110.0,<50km,thin(<1.5/d)
IND411033AAA -> IND411021AAA,Pune_Tathawde_H (Maharashtra),PNQ Pashan DPC (Maharashtra),11.17,41,1.64,0.054,66.1,61.9,-4.2,2746.0,735.0,2011.0,0.846,0.582,4264.0,1791.0,Carting,2473.0,<50km,medium(1.5-4/d)
IND201301AAF -> IND201304AAA,Noida_Sec 02_DPC (Uttar Pradesh),Noida_Sec-83_DC (Uttar Pradesh),11.359,12,0.48,0.002,35.8,32.9,-2.9,2750.0,741.0,2009.0,0.988,0.981,4263.0,2242.0,Carting,2021.0,<50km,thin(<1.5/d)
IND562114AAA -> IND560067AAC,Hoskote_DC (Karnataka),Bengaluru_Kadugodi_D (Karnataka),11.429,8,0.32,0.0,38.4,38.5,0.1,2751.0,743.0,2009.0,0.989,0.979,4262.0,2238.0,Carting,2024.0,<50km,thin(<1.5/d)
IND201304AAA -> IND201301AAF,Noida_Sec-83_DC (Uttar Pradesh),Noida_Sec 02_DPC (Uttar Pradesh),11.506,18,0.72,0.0,36.1,30.1,-6.0,2753.0,745.0,2008.0,0.982,0.978,4250.0,2232.0,Carting,2018.0,<50km,thin(<1.5/d)
IND121004AAB -> IND121001AAA,FBD_Balabhgarh_DPC (Haryana),Faridabad (Haryana),11.526,24,0.96,0.005,22.1,18.8,-3.3,2754.0,746.0,2008.0,0.985,0.979,4267.0,2247.0,Carting,2019.0,<50km,thin(<1.5/d)
IND110014AAA -> IND110024AAA,Delhi_Bhogal (Delhi),Delhi_Lajpat_IP (Delhi),11.541,11,0.44,0.0,24.8,23.5,-1.3,2754.0,746.0,2008.0,0.938,0.937,4178.0,2167.0,Carting,2011.0,<50km,thin(<1.5/d)
IND712124AAA -> IND712103AAA,Hooghly_DC (West Bengal),Hoogly_Bandel_D (West Bengal),11.643,25,1.0,0.0,29.4,28.4,-1.0,2756.0,749.0,2007.0,0.973,0.953,4236.0,2198.0,Carting,2038.0,<50km,thin(<1.5/d)
IND421302AAF -> IND421302AAR,Mumbai_Kalyan (Maharashtra),Mumbai_East_I_21 (Maharashtra),11.679,12,0.48,0.0,27.4,28.8,1.5,2757.0,750.0,2007.0,0.971,0.954,4231.0,2201.0,Carting,2030.0,<50km,thin(<1.5/d)
IND110085AAB -> IND110087AAA,Delhi_Rohini_DPC (Delhi),Delhi_Paschim_DC (Delhi),11.755,3,0.12,0.002,31.6,31.2,-0.4,2759.0,753.0,2006.0,0.864,0.766,4085.0,1931.0,Carting,2154.0,<50km,thin(<1.5/d)
IND110085AAB -> IND110083AAA,Delhi_Rohini_DPC (Delhi),Delhi_Mangol_DC (Delhi),11.92,3,0.12,0.002,36.5,36.0,-0.5,2762.0,758.0,2005.0,0.864,0.766,4092.0,1939.0,Carting,2153.0,<50km,thin(<1.5/d)
IND390022AAA -> IND390020AAA,Vadodara_Karelibaug_DPC (Gujarat),Vadodara (Gujarat),11.989,3,0.12,0.006,38.8,38.6,-0.2,2764.0,760.0,2004.0,0.992,0.989,4306.0,2298.0,Carting,2008.0,<50km,thin(<1.5/d)
IND121001AAA -> IND121004AAB,Faridabad (Haryana),FBD_Balabhgarh_DPC (Haryana),12.039,27,1.08,0.0,26.3,22.4,-3.8,2765.0,761.0,2004.0,0.949,0.943,4207.0,2191.0,Carting,2016.0,<50km,thin(<1.5/d)
IND600116AAB -> IND600056AAA,Chennai_Porur_DPC (Tamil Nadu),Chennai_Poonamallee (Tamil Nadu),12.37,3,0.12,0.003,31.0,28.2,-2.8,2772.0,771.0,2001.0,0.985,0.977,4283.0,2267.0,Carting,2016.0,<50km,thin(<1.5/d)
IND423109AAA -> IND423601AAA,Shirdi_SaiBansi_D (Maharashtra),Kopargaon_NkshtrPz_D (Maharashtra),12.391,12,0.48,0.001,26.9,22.1,-4.7,2773.0,772.0,2001.0,0.991,0.985,4280.0,2268.0,Carting,2012.0,<50km,thin(<1.5/d)
IND302020AAA -> IND302014AAB,Jaipur_VarunCly_DC (Rajasthan),Jaipur_Central_I_7 (Rajasthan),12.466,19,0.76,0.0,41.4,37.1,-4.3,2774.0,774.0,2000.0,0.975,0.967,4264.0,2249.0,Carting,2015.0,<50km,thin(<1.5/d)
IND421301AAA -> IND421302AAR,Mumbai_Kalyan West _Dc (Maharashtra),Mumbai_East_I_21 (Maharashtra),12.502,15,0.6,0.0,31.2,32.3,1.1,2775.0,775.0,2000.0,0.928,0.952,4187.0,2225.0,Carting,1962.0,<50km,thin(<1.5/d)
IND641008AAA -> IND641001AAA,Cjb_Kovaipudur_Dc (Tamil Nadu),Coimbatore_Ukkadam_D (Tamil Nadu),12.619,3,0.12,0.0,29.5,24.4,-5.2,2778.0,779.0,1999.0,0.96,0.925,4238.0,2182.0,Carting,2055.0,<50km,thin(<1.5/d)
IND400064AAB -> IND400072AAB,Mumbai_MaladWest_CP (Maharashtra),Mumbai Hub (Maharashtra),12.635,4,0.16,0.0,26.9,23.6,-3.3,2778.0,779.0,1999.0,0.894,0.831,4137.0,2041.0,Carting,2096.0,<50km,thin(<1.5/d)
IND560067AAC -> IND562114AAA,Bengaluru_Kadugodi_D (Karnataka),Hoskote_DC (Karnataka),12.649,20,0.8,0.0,25.6,25.3,-0.3,2778.0,779.0,1999.0,0.959,0.961,4234.0,2237.0,Carting,1997.0,<50km,thin(<1.5/d)
IND462022AAA -> IND462011AAA,Bhopal_Trnsport_H (Madhya Pradesh),Bhopal MP Nagar (Madhya Pradesh),12.661,30,1.2,0.033,41.0,35.1,-5.8,2779.0,780.0,1999.0,0.994,0.987,4443.0,2428.0,Carting,2015.0,<50km,thin(<1.5/d)
IND600044AAD -> IND600048AAA,Chennai_Chrompet_DPC (Tamil Nadu),Chennai_Vandalur_Dc (Tamil Nadu),12.688,14,0.56,0.004,34.9,33.8,-1.0,2779.0,781.0,1998.0,0.971,0.956,4274.0,2252.0,Carting,2022.0,<50km,thin(<1.5/d)
IND462011AAA -> IND462022AAA,Bhopal MP Nagar (Madhya Pradesh),Bhopal_Trnsport_H (Madhya Pradesh),12.694,11,0.44,0.0,26.1,24.5,-1.6,2779.0,781.0,1998.0,0.882,0.865,4120.0,2094.0,Carting,2026.0,<50km,thin(<1.5/d)
IND110044AAB -> IND201301AAF,Del_Okhla_PC (Delhi),Noida_Sec 02_DPC (Uttar Pradesh),12.7,12,0.48,0.003,34.3,29.3,-5.0,2779.0,781.0,1998.0,0.993,0.987,4304.0,2294.0,Carting,2010.0,<50km,thin(<1.5/d)
IND695121AAA -> IND695572AAB,Neyatinkra_Arlumodu_D (Kerala),Kallikkad_Mutyvila_D (Kerala),12.703,17,0.68,0.0,43.9,55.7,11.8,2779.0,781.0,1998.0,0.971,0.964,4266.0,2264.0,Carting,2002.0,<50km,thin(<1.5/d)
IND122001AAA -> IND122001AAD,GGN_DPC (Haryana),Gurgaon_Kadipur (Haryana),12.724,3,0.12,0.007,47.2,47.5,0.3,2780.0,782.0,1998.0,0.982,0.986,4315.0,2324.0,Carting,1992.0,<50km,thin(<1.5/d)
IND400037AAA -> IND400072AAJ,Mumbai Antop Hill (Maharashtra),Mumbai_Tejpal_I (Maharashtra),12.788,13,0.52,0.0,33.8,31.9,-1.9,2781.0,784.0,1998.0,0.928,0.926,4195.0,2194.0,Carting,2001.0,<50km,thin(<1.5/d)
IND764059AAA -> IND764071AAB,Nabarangpr_PhdofDPP_D (Orissa),Pappadahandi_Central_DPP_2 (Orissa),12.798,3,0.12,0.002,18.6,16.6,-2.0,2782.0,784.0,1998.0,0.98,0.959,4271.0,2240.0,Carting,2031.0,<50km,thin(<1.5/d)
IND600004AAA -> IND600008AAC,Chennai_Mylapore (Tamil Nadu),Chennai_Egmore_DPC (Tamil Nadu),12.831,3,0.12,0.0,45.4,49.9,4.5,2782.0,785.0,1997.0,0.938,0.906,4220.0,2177.0,Carting,2042.0,<50km,thin(<1.5/d)
IND421302AAR -> IND421301AAA,Mumbai_East_I_21 (Maharashtra),Mumbai_Kalyan West _Dc (Maharashtra),12.843,17,0.68,0.002,33.0,31.0,-2.0,2783.0,785.0,1997.0,0.971,0.953,4268.0,2243.0,Carting,2025.0,<50km,thin(<1.5/d)
IND411021AAA -> IND411033AAA,PNQ Pashan DPC (Maharashtra),Pune_Tathawde_H (Maharashtra),12.915,32,1.28,0.0,44.4,43.3,-1.1,2784.0,787.0,1997.0,0.881,0.76,4135.0,1957.0,Carting,2178.0,<50km,thin(<1.5/d)
IND201007AAB -> IND201301AAF,Ghaziabad_MohanNgr_C (Uttar Pradesh),Noida_Sec 02_DPC (Uttar Pradesh),13.009,5,0.2,0.002,44.9,41.4,-3.5,2786.0,790.0,1996.0,0.843,0.735,4088.0,1927.0,Carting,2161.0,<50km,thin(<1.5/d)
IND686507AAA -> IND686513AAA,Parakkdavu_KeRoad_D (Kerala),Mundakayam_Central_D_1 (Kerala),13.019,15,0.6,0.0,22.8,24.4,1.6,2786.0,791.0,1996.0,0.928,0.887,4193.0,2137.0,Carting,2056.0,<50km,thin(<1.5/d)
IND131021AAA -> IND131028AAA,Sonipat_AmzonDev_V (Haryana),Sonipat_Kundli_P (Haryana),13.074,58,2.32,0.0,24.1,21.3,-2.8,2788.0,792.0,1995.0,0.857,0.771,4089.0,1964.0,Carting,2125.0,<50km,medium(1.5-4/d)
IND144401AAB -> IND144001AAB,Phagwara_Lovely_D (Punjab),Jalandhar_DPC (Punjab),13.179,17,0.68,0.0,32.5,27.2,-5.3,2790.0,795.0,1995.0,0.944,0.93,4227.0,2208.0,Carting,2019.0,<50km,thin(<1.5/d)
IND786171AAA -> IND786181AAC,Digboi_JyotiNgr_D (Assam),Margherita_CivilHPL_D (Assam),13.347,11,0.44,0.001,25.5,22.5,-3.0,2794.0,800.0,1993.0,0.991,0.982,4303.0,2293.0,Carting,2009.0,<50km,thin(<1.5/d)
IND431136AAC -> IND431001AAA,Aurangabad_Central_H_1 (Maharashtra),Aurangabad (Maharashtra),13.365,18,0.72,0.006,29.6,28.9,-0.8,2794.0,801.0,1993.0,0.979,0.966,4307.0,2294.0,Carting,2013.0,<50km,thin(<1.5/d)
IND400064AAB -> IND400072AAD,Mumbai_MaladWest_CP (Maharashtra),Mumbai_Chndivli_PC (Maharashtra),13.393,17,0.68,0.0,36.9,33.3,-3.6,2795.0,802.0,1993.0,0.818,0.717,4046.0,1899.0,Carting,2147.0,<50km,thin(<1.5/d)
IND683572AAA -> IND680307AAA,Angamaly_CivilStn_D (Kerala),Chalakudy_SurbhiTh_D (Kerala),13.42,13,0.52,0.0,29.0,26.2,-2.8,2795.0,803.0,1993.0,0.818,0.717,4041.0,1895.0,Carting,2146.0,<50km,thin(<1.5/d)
IND302014AAB -> IND302020AAA,Jaipur_Central_I_7 (Rajasthan),Jaipur_VarunCly_DC (Rajasthan),13.424,18,0.72,0.0,32.0,30.8,-1.2,2795.0,803.0,1993.0,0.943,0.899,4232.0,2172.0,Carting,2060.0,<50km,thin(<1.5/d)
IND500039AAC -> IND500035AAD,Hyderabad_Uppal_I (Telangana),Hyderabad_South_D_12 (Telangana),13.438,8,0.32,0.005,54.7,60.4,5.7,2796.0,803.0,1992.0,0.989,0.984,4337.0,2341.0,Carting,1996.0,<50km,thin(<1.5/d)
IND110044AAB -> IND110030AAD,Del_Okhla_PC (Delhi),Delhi_Kishangarh_DPC (Delhi),13.439,30,1.2,0.003,37.2,31.8,-5.3,2796.0,803.0,1992.0,0.99,0.981,4317.0,2308.0,Carting,2009.0,<50km,thin(<1.5/d)
IND110039AAA -> IND110085AAB,Delhi_Barwala (Delhi),Delhi_Rohini_DPC (Delhi),13.451,3,0.12,0.0,55.4,57.0,1.7,2796.0,804.0,1992.0,0.827,0.878,4073.0,2159.0,Carting,1914.0,<50km,thin(<1.5/d)
IND560043AAC -> IND560064AAA,HBR Layout PC (Karnataka),Bengaluru_NwYlhnka_DC (Karnataka),13.514,39,1.56,0.001,35.6,32.8,-2.8,2797.0,805.0,1992.0,0.963,0.94,4270.0,2241.0,Carting,2029.0,<50km,medium(1.5-4/d)
IND110085AAB -> IND110039AAA,Delhi_Rohini_DPC (Delhi),Delhi_Barwala (Delhi),13.577,4,0.16,0.002,43.6,43.0,-0.6,2799.0,807.0,1991.0,0.872,0.773,4145.0,2004.0,Carting,2142.0,<50km,thin(<1.5/d)
IND140901AAA -> IND160055AAA,Chandigarh_Mullanpr_DC (Chandigarh),Chandigarh_Mohali (Chandigarh),13.594,20,0.8,0.0,25.5,23.8,-1.7,2799.0,808.0,1991.0,0.987,0.98,4298.0,2295.0,Carting,2004.0,<50km,thin(<1.5/d)
IND560058AAB -> IND562132AAA,Bengaluru_Peenya_IP (Karnataka),Bangalore_Nelmngla_H (Karnataka),13.6,14,0.56,0.0,36.5,25.6,-11.0,2799.0,808.0,1991.0,0.737,0.498,3930.0,1572.0,Carting,2357.0,<50km,thin(<1.5/d)
IND395023AAD -> IND395001AAA,Surat_Central_I_4 (Gujarat),Surat_Central_D_9 (Gujarat),13.718,8,0.32,0.0,35.6,32.2,-3.4,2802.0,812.0,1990.0,0.971,0.957,4282.0,2268.0,Carting,2014.0,<50km,thin(<1.5/d)
IND302006AAA -> IND302014AAB,Jaipur (Rajasthan),Jaipur_Central_I_7 (Rajasthan),13.765,13,0.52,0.0,35.3,33.9,-1.3,2803.0,813.0,1990.0,0.927,0.898,4217.0,2182.0,Carting,2035.0,<50km,thin(<1.5/d)
IND562132AAA -> IND560058AAB,Bangalore_Nelmngla_H (Karnataka),Bengaluru_Peenya_IP (Karnataka),13.776,20,0.8,0.089,38.5,28.5,-10.0,2803.0,813.0,1990.0,0.831,0.574,4407.0,1924.0,Carting,2483.0,<50km,thin(<1.5/d)
IND695012AAB -> IND695012AAA,Trivandrum_Mnanthla_D (Kerala),Trivandrum_Mnanthla_H (Kerala),13.836,3,0.12,0.0,33.3,29.6,-3.7,2804.0,815.0,1989.0,0.817,0.716,4053.0,1909.0,Carting,2144.0,<50km,thin(<1.5/d)
IND828111AAA -> IND826004AAA,Dhanbad_Jharia_DC (Jharkhand),Dhanbad_Kalynpur_I (Jharkhand),13.886,7,0.28,0.0,75.6,80.3,4.7,2805.0,817.0,1989.0,0.98,0.963,4328.0,2317.0,Carting,2012.0,<50km,thin(<1.5/d)
IND811399AAA -> IND110044AAB,Noida_Sector02_C (Uttar Pradesh),Del_Okhla_PC (Delhi),13.89,40,1.6,0.0,62.7,63.6,0.9,2806.0,817.0,1989.0,0.988,0.981,4332.0,2332.0,Carting,2000.0,<50km,medium(1.5-4/d)
IND742225AAA -> IND742223AAA,Ragunthgnj_GopalDPP_D (West Bengal),Jangipur_Central_D_1 (West Bengal),13.908,16,0.64,0.001,40.0,38.5,-1.5,2806.0,817.0,1989.0,0.99,0.986,4322.0,2326.0,Carting,1996.0,<50km,thin(<1.5/d)
IND560064AAD -> IND560043AAC,Bengaluru_Bagaluru_D (Karnataka),HBR Layout PC (Karnataka),13.956,41,1.64,0.0,35.7,31.7,-4.0,2807.0,819.0,1988.0,0.817,0.716,4057.0,1914.0,Carting,2143.0,<50km,medium(1.5-4/d)
IND411014AAA -> IND411048AAA,PNQ Vadgaon Sheri DPC (Maharashtra),Pune_East_D_8 (Maharashtra),14.054,6,0.24,0.002,92.2,93.7,1.5,2809.0,822.0,1988.0,0.965,0.945,4325.0,2309.0,Carting,2017.0,<50km,thin(<1.5/d)
IND232101AAB -> IND232104AAB,MughalSarai_Central_D_2 (Uttar Pradesh),Chandauli_ShubsNGR_D (Uttar Pradesh),14.064,7,0.28,0.0,26.2,23.2,-2.9,2809.0,822.0,1987.0,0.817,0.716,4053.0,1911.0,Carting,2141.0,<50km,thin(<1.5/d)
IND421302AAR -> IND421004AAA,Mumbai_East_I_21 (Maharashtra),Mumbai_Ulhasngr_DC (Maharashtra),14.077,27,1.08,0.002,35.4,33.2,-2.2,2810.0,822.0,1987.0,0.968,0.947,4292.0,2272.0,Carting,2020.0,<50km,thin(<1.5/d)
IND501401AAC -> IND500010AAA,Medchal_MROoffce_D (Telangana),Hyderabad_Alwal_I (Telangana),14.096,14,0.56,0.0,71.2,77.5,6.3,2810.0,823.0,1987.0,0.98,0.962,4329.0,2319.0,Carting,2010.0,<50km,thin(<1.5/d)
IND421302AAR -> IND400612AAA,Mumbai_East_I_21 (Maharashtra),Mumbai_Mumbra_DC (Maharashtra),14.255,14,0.56,0.002,31.2,28.2,-3.0,2814.0,828.0,1986.0,0.968,0.947,4293.0,2273.0,Carting,2020.0,<50km,thin(<1.5/d)
IND380006AAA -> IND382430AAB,Ahmedabad_Paldi_D (Gujarat),Ahmedabad_East_H_1 (Gujarat),14.259,18,0.72,0.0,23.3,20.2,-3.0,2814.0,828.0,1986.0,0.851,0.763,4106.0,1986.0,Carting,2120.0,<50km,thin(<1.5/d)
IND462001AAA -> IND462022AAA,Bhopal_Old City (Madhya Pradesh),Bhopal_Trnsport_H (Madhya Pradesh),14.264,28,1.12,0.0,50.4,51.4,1.0,2814.0,828.0,1986.0,0.989,0.986,4333.0,2342.0,Carting,1991.0,<50km,thin(<1.5/d)
IND400612AAA -> IND421302AAR,Mumbai_Mumbra_DC (Maharashtra),Mumbai_East_I_21 (Maharashtra),14.386,10,0.4,0.0,28.4,27.0,-1.5,2816.0,832.0,1985.0,0.937,0.911,4241.0,2216.0,Carting,2025.0,<50km,thin(<1.5/d)
IND144001AAB -> IND144401AAB,Jalandhar_DPC (Punjab),Phagwara_Lovely_D (Punjab),14.397,14,0.56,0.004,39.7,34.0,-5.7,2817.0,832.0,1985.0,0.982,0.971,4333.0,2327.0,Carting,2006.0,<50km,thin(<1.5/d)
IND742121AAB -> IND742121AAA,Nowda_ArhamDPP_D (West Bengal),Nowda_AmtlaDPP_D (West Bengal),14.442,16,0.64,0.001,35.0,31.6,-3.4,2818.0,833.0,1984.0,0.988,0.981,4329.0,2331.0,Carting,1998.0,<50km,thin(<1.5/d)
IND395001AAA -> IND395023AAD,Surat_Central_D_9 (Gujarat),Surat_Central_I_4 (Gujarat),14.478,14,0.56,0.0,81.3,90.4,9.0,2819.0,834.0,1984.0,0.947,0.924,4293.0,2280.0,Carting,2012.0,<50km,thin(<1.5/d)
IND431001AAB -> IND431136AAC,Aurangabad_Pratpngr_D (Maharashtra),Aurangabad_Central_H_1 (Maharashtra),14.479,18,0.72,0.0,25.9,23.2,-2.7,2819.0,834.0,1984.0,0.872,0.794,4144.0,2041.0,Carting,2104.0,<50km,thin(<1.5/d)
IND695101AAB -> IND691574AAA,Attingal_Central_D_2 (Kerala),Kalluvathukal_Pariplly_D (Kerala),14.507,20,0.8,0.0,20.4,17.3,-3.1,2819.0,835.0,1984.0,0.889,0.765,4169.0,1996.0,Carting,2173.0,<50km,thin(<1.5/d)
IND462022AAA -> IND462001AAA,Bhopal_Trnsport_H (Madhya Pradesh),Bhopal_Old City (Madhya Pradesh),14.517,3,0.12,0.033,45.7,38.7,-7.0,2819.0,836.0,1984.0,0.994,0.987,4487.0,2486.0,Carting,2001.0,<50km,thin(<1.5/d)
IND500018AAA -> IND500080AAB,Hyderabad_PndrgNgr_DC (Telangana),Hyderabad_Chikdply_I (Telangana),14.529,4,0.16,0.0,37.6,33.7,-3.9,2820.0,836.0,1984.0,0.872,0.794,4153.0,2049.0,Carting,2104.0,<50km,thin(<1.5/d)
IND842001AAA -> IND843109AAB,Muzaffrpur_Bbganj_I (Bihar),Kanti_Central_DPP_2 (Bihar),14.638,15,0.6,0.025,37.2,34.1,-3.1,2822.0,839.0,1983.0,0.994,0.986,4448.0,2450.0,Carting,1998.0,<50km,thin(<1.5/d)
IND400016AAB -> IND400072AAD,Mumbai_MhimWest_C (Maharashtra),Mumbai_Chndivli_PC (Maharashtra),14.78,15,0.6,0.0,33.3,30.5,-2.8,2825.0,843.0,1982.0,0.86,0.776,4138.0,2028.0,Carting,2110.0,<50km,thin(<1.5/d)
IND380006AAB -> IND382430AAB,Ahmedabad_Mithakal_D (Gujarat),Ahmedabad_East_H_1 (Gujarat),15.014,27,1.08,0.0,29.8,27.3,-2.6,2830.0,850.0,1980.0,0.882,0.807,4172.0,2080.0,Carting,2093.0,<50km,thin(<1.5/d)
IND560058AAD -> IND562132AAA,Bengaluru_Peenya_L (Karnataka),Bangalore_Nelmngla_H (Karnataka),15.082,36,1.44,0.0,52.9,51.0,-1.9,2832.0,852.0,1979.0,0.917,0.901,4243.0,2238.0,Carting,2005.0,<50km,thin(<1.5/d)
IND395023AAD -> IND395006AAA,Surat_Central_I_4 (Gujarat),Surat_Varachha_DC (Gujarat),15.129,27,1.08,0.0,29.5,25.2,-4.2,2833.0,854.0,1979.0,0.983,0.974,4327.0,2332.0,Carting,1995.0,<50km,thin(<1.5/d)
IND245101AAA -> IND245304AAA,Hapur_Swargash_D (Uttar Pradesh),Pilkhuwa_HapurRD_D (Uttar Pradesh),15.169,15,0.6,0.0,41.4,39.9,-1.5,2834.0,855.0,1979.0,0.917,0.901,4237.0,2234.0,Carting,2004.0,<50km,thin(<1.5/d)
IND141003AAB -> IND000000ACA,Ludhiana_GillChwk_DC (Punjab),Ludhiana_MilrGanj_HB (Punjab),15.259,7,0.28,0.0,27.3,25.0,-2.4,2836.0,858.0,1978.0,0.882,0.807,4176.0,2086.0,Carting,2091.0,<50km,thin(<1.5/d)
IND140301AAA -> IND140901AAA,Chandigarh_Kharar_DC (Chandigarh),Chandigarh_Mullanpr_DC (Chandigarh),15.278,19,0.76,0.001,38.5,29.3,-9.2,2836.0,858.0,1978.0,0.991,0.984,4352.0,2358.0,Carting,1994.0,<50km,thin(<1.5/d)
IND695614AAA -> IND695609AAA,Kilimanoor_Krvnkuzy_D (Kerala),Pangodu_Central_D_1 (Kerala),15.302,3,0.12,0.0,31.7,25.4,-6.3,2837.0,859.0,1978.0,0.902,0.823,4213.0,2112.0,Carting,2100.0,<50km,thin(<1.5/d)
IND382430AAB -> IND380015AAB,Ahmedabad_East_H_1 (Gujarat),AMD_Satellite (Gujarat),15.379,35,1.4,0.039,45.8,38.5,-7.3,2838.0,861.0,1977.0,0.994,0.992,4536.0,2551.0,Carting,1985.0,<50km,thin(<1.5/d)
IND673104AAA -> IND673506AAA,Vadakara_Mandodi_D (Kerala),Kallachi_ZamQuatr_D (Kerala),15.435,17,0.68,0.001,40.0,34.9,-5.1,2840.0,863.0,1977.0,0.985,0.976,4347.0,2353.0,Carting,1994.0,<50km,thin(<1.5/d)
IND500055AAC -> IND501401AAC,Hyderabad_North_D_2 (Telangana),Medchal_MROoffce_D (Telangana),15.488,17,0.68,0.0,28.7,26.1,-2.6,2841.0,865.0,1976.0,0.882,0.807,4182.0,2093.0,Carting,2089.0,<50km,thin(<1.5/d)
IND742147AAA -> IND742137AAA,Khargram_BoiDPP_D (West Bengal),Kandi_DohalDPP_D (West Bengal),15.517,3,0.12,0.002,46.3,45.1,-1.2,2841.0,866.0,1976.0,0.985,0.974,4357.0,2364.0,Carting,1993.0,<50km,thin(<1.5/d)
IND410505AAB -> IND410501AAF,Rajgurunagar_Chakan_D (Maharashtra),Talegaon_Central_DPP_4 (Maharashtra),15.523,5,0.2,0.001,41.1,45.1,4.0,2842.0,866.0,1976.0,0.978,0.956,4339.0,2334.0,Carting,2005.0,<50km,thin(<1.5/d)
IND396191AAC -> IND396232AAA,Vapi_IndEstat_I (Gujarat),Silvassa_Samrvrni_D (Dadra and Nagar Haveli),15.536,17,0.68,0.002,36.3,32.5,-3.8,2842.0,866.0,1976.0,0.968,0.938,4327.0,2303.0,Carting,2024.0,<50km,thin(<1.5/d)
IND411043AAA -> IND411014AAA,Pune Balaji Nagar (Maharashtra),PNQ Vadgaon Sheri DPC (Maharashtra),15.542,3,0.12,0.0,49.9,49.5,-0.4,2842.0,866.0,1976.0,0.952,0.939,4303.0,2307.0,Carting,1996.0,<50km,thin(<1.5/d)
IND403601AAA -> IND403726AAB,Goa_Margao_Dc (Goa),Goa_ZuariNgr_IP (Goa),15.608,4,0.16,0.0,47.7,47.7,0.0,2843.0,868.0,1975.0,0.978,0.97,4342.0,2356.0,Carting,1986.0,<50km,thin(<1.5/d)
IND620020AAA -> IND621112AAA,Tiruchi (Tamil Nadu),Tiruchi_Samyaprm_D (Tamil Nadu),15.618,25,1.0,0.0,33.6,28.4,-5.2,2844.0,869.0,1975.0,0.882,0.808,4189.0,2100.0,Carting,2089.0,<50km,thin(<1.5/d)
IND395023AAD -> IND395009AAA,Surat_Central_I_4 (Gujarat),Surat_Central_D_12 (Gujarat),15.741,4,0.16,0.0,39.1,32.4,-6.7,2846.0,872.0,1974.0,0.983,0.974,4347.0,2355.0,Carting,1992.0,<50km,thin(<1.5/d)
IND395023AAD -> IND395004AAB,Surat_Central_I_4 (Gujarat),Surat_Central_D_3 (Gujarat),15.792,17,0.68,0.0,37.8,31.3,-6.5,2847.0,874.0,1974.0,0.983,0.974,4347.0,2356.0,Carting,1991.0,<50km,thin(<1.5/d)
IND562132AAA -> IND560058AAD,Bangalore_Nelmngla_H (Karnataka),Bengaluru_Peenya_L (Karnataka),15.8,57,2.28,0.089,58.4,44.0,-14.4,2848.0,874.0,1974.0,0.876,0.67,4551.0,2176.0,Carting,2376.0,<50km,medium(1.5-4/d)
IND683565AAA -> IND683511AAA,Kunnathund_Pringla_D (Kerala),Aluva_Peedika_H (Kerala),15.811,13,0.52,0.0,58.4,43.9,-14.5,2848.0,874.0,1974.0,0.992,0.987,4376.0,2385.0,Carting,1991.0,<50km,thin(<1.5/d)
IND411014AAA -> IND411043AAA,PNQ Vadgaon Sheri DPC (Maharashtra),Pune Balaji Nagar (Maharashtra),15.815,7,0.28,0.002,79.0,79.1,0.1,2848.0,874.0,1973.0,0.972,0.958,4366.0,2370.0,Carting,1995.0,<50km,thin(<1.5/d)
IND403726AAB -> IND403601AAA,Goa_ZuariNgr_IP (Goa),Goa_Margao_Dc (Goa),15.925,6,0.24,0.0,40.8,27.5,-13.3,2850.0,878.0,1973.0,0.943,0.904,4292.0,2252.0,Carting,2040.0,<50km,thin(<1.5/d)
IND606003AAA -> IND606105AAA,Virudhchlm_SelamRd_D (Tamil Nadu),Pennadam_EastmnRD_D (Tamil Nadu),15.944,14,0.56,0.002,30.6,23.2,-7.4,2851.0,878.0,1972.0,0.981,0.958,4349.0,2338.0,Carting,2012.0,<50km,thin(<1.5/d)
IND245304AAA -> IND245101AAA,Pilkhuwa_HapurRD_D (Uttar Pradesh),Hapur_Swargash_D (Uttar Pradesh),15.966,14,0.56,0.0,36.3,31.0,-5.3,2851.0,879.0,1972.0,0.947,0.944,4296.0,2316.0,Carting,1980.0,<50km,thin(<1.5/d)
IND382421AAA -> IND382721AAA,Gandhinagar_DC (Gujarat),Gandhinagar_Kalol_DC (Gujarat),15.994,14,0.56,0.0,40.5,37.1,-3.4,2852.0,880.0,1972.0,0.76,0.732,4019.0,2002.0,Carting,2017.0,<50km,thin(<1.5/d)
IND530012AAA -> IND531162AAA,Visakhapatnam_Gajuwaka_IP (Andhra Pradesh),Vishakhapatnam (Andhra Pradesh),16.095,7,0.28,0.033,56.5,46.3,-10.2,2854.0,883.0,1971.0,0.997,0.995,4537.0,2555.0,Carting,1982.0,<50km,thin(<1.5/d)
IND302014AAB -> IND302006AAA,Jaipur_Central_I_7 (Rajasthan),Jaipur (Rajasthan),16.095,16,0.64,0.0,47.9,43.4,-4.5,2854.0,883.0,1971.0,0.969,0.944,4340.0,2328.0,Carting,2012.0,<50km,thin(<1.5/d)
IND600056AAA -> IND602105AAB,Chennai_Poonamallee (Tamil Nadu),Chennai_Sriperumbudur_Dc (Tamil Nadu),16.099,7,0.28,0.0,42.8,41.5,-1.2,2854.0,883.0,1971.0,0.99,0.985,4369.0,2390.0,Carting,1979.0,<50km,thin(<1.5/d)
IND689101AAA -> IND689650AAA,Tiruvalla_TKRoad_D (Kerala),Kozhenchery_Cherukole_D (Kerala),16.117,6,0.24,0.001,32.7,30.8,-1.9,2855.0,883.0,1971.0,0.964,0.944,4328.0,2326.0,Carting,2002.0,<50km,thin(<1.5/d)
IND403726AAB -> IND403002AAA,Goa_ZuariNgr_IP (Goa),Central Goa (Goa),16.117,4,0.16,0.0,65.2,44.0,-21.2,2855.0,884.0,1971.0,0.943,0.904,4313.0,2269.0,Carting,2044.0,<50km,thin(<1.5/d)
IND209304AAA -> IND208019AAA,Kanpur_Central_H_6 (Uttar Pradesh),Kanpur_Rawatpur_D (Uttar Pradesh),16.285,18,0.72,0.039,78.4,67.9,-10.5,2858.0,889.0,1970.0,0.99,0.945,4569.0,2516.0,Carting,2053.0,<50km,thin(<1.5/d)
IND602024AAA -> IND602001AAA,Chennai_Vepmpttu_DC (Tamil Nadu),Chennai_Thiruvlr_DC (Tamil Nadu),16.402,9,0.36,0.0,29.7,28.5,-1.2,2861.0,892.0,1969.0,0.984,0.975,4358.0,2375.0,Carting,1983.0,<50km,thin(<1.5/d)
IND396232AAA -> IND396191AAC,Silvassa_Samrvrni_D (Dadra and Nagar Haveli),Vapi_IndEstat_I (Gujarat),16.542,15,0.6,0.0,39.8,37.2,-2.6,2864.0,896.0,1968.0,0.862,0.862,4183.0,2214.0,Carting,1969.0,<50km,thin(<1.5/d)
IND121004AAB -> IND121004AAA,FBD_Balabhgarh_DPC (Haryana),Faridabad_Blbgarh_DC (Haryana),16.545,23,0.92,0.005,31.8,28.0,-3.8,2864.0,896.0,1968.0,0.986,0.981,4386.0,2407.0,Carting,1979.0,<50km,thin(<1.5/d)
IND121004AAC -> IND121004AAB,Faridabad_MohnVRTL_D (Haryana),FBD_Balabhgarh_DPC (Haryana),16.566,6,0.24,0.0,47.0,48.6,1.6,2864.0,897.0,1967.0,0.94,0.935,4306.0,2331.0,Carting,1975.0,<50km,thin(<1.5/d)
IND600032AAB -> IND600076AAB,Chennai_Hub (Tamil Nadu),Chennai_Madhavaram_DPC (Tamil Nadu),16.612,42,1.68,0.0,37.0,30.7,-6.3,2865.0,898.0,1967.0,0.952,0.935,4318.0,2321.0,Carting,1997.0,<50km,medium(1.5-4/d)
IND121004AAB -> IND121004AAC,FBD_Balabhgarh_DPC (Haryana),Faridabad_MohnVRTL_D (Haryana),16.615,9,0.36,0.005,34.5,30.4,-4.2,2866.0,898.0,1967.0,0.986,0.981,4389.0,2411.0,Carting,1978.0,<50km,thin(<1.5/d)
IND400011AAA -> IND400072AAB,LowerParel_CP (Maharashtra),Mumbai Hub (Maharashtra),16.63,12,0.48,0.001,35.7,33.0,-2.7,2866.0,899.0,1967.0,0.994,0.991,4385.0,2412.0,Carting,1973.0,<50km,thin(<1.5/d)
IND122001AAD -> IND122050AAA,Gurgaon_Kadipur (Haryana),Gurgaon_Manesar (Haryana),16.642,10,0.4,0.0,61.3,58.6,-2.6,2866.0,899.0,1967.0,0.963,0.95,4351.0,2363.0,Carting,1988.0,<50km,thin(<1.5/d)
IND679303AAA -> IND679531AAA,Sankaramangalam_Central_D_1 (Kerala),Shoranur_KdrShrRd_D (Kerala),16.738,14,0.56,0.001,36.6,33.0,-3.6,2868.0,902.0,1966.0,0.983,0.972,4372.0,2388.0,Carting,1984.0,<50km,thin(<1.5/d)
IND560058AAB -> IND560060AAB,Bengaluru_Peenya_IP (Karnataka),Bengaluru_Kengeri_IP (Karnataka),16.749,44,1.76,0.0,34.1,24.5,-9.6,2868.0,902.0,1966.0,0.763,0.533,4036.0,1718.0,Carting,2318.0,<50km,medium(1.5-4/d)
IND562114AAA -> IND560048AAB,Hoskote_DC (Karnataka),Bengaluru_Hoodi_IP (Karnataka),16.851,9,0.36,0.0,53.3,53.0,-0.2,2871.0,906.0,1965.0,0.984,0.968,4384.0,2395.0,Carting,1989.0,<50km,thin(<1.5/d)
IND804452AAA -> IND804420AAA,Masaurhi_Blockrd_D (Bihar),Jehanabad_Madarpur_D (Bihar),16.882,6,0.24,0.0,31.8,29.6,-2.2,2871.0,906.0,1965.0,0.87,0.786,4197.0,2104.0,Carting,2093.0,<50km,thin(<1.5/d)
IND380021AAA -> IND382430AAB,AMD_Rakhial (Gujarat),Ahmedabad_East_H_1 (Gujarat),16.892,32,1.28,0.0,36.0,33.5,-2.5,2872.0,907.0,1965.0,0.87,0.786,4200.0,2107.0,Carting,2093.0,<50km,thin(<1.5/d)
IND410501AAF -> IND411033AAA,Talegaon_Central_DPP_4 (Maharashtra),Pune_Tathawde_H (Maharashtra),16.925,4,0.16,0.0,53.3,51.7,-1.6,2872.0,908.0,1965.0,0.98,0.962,4380.0,2388.0,Carting,1992.0,<50km,thin(<1.5/d)
IND203001AAA -> IND203131AAA,Bulndshahr_Ymunpurm_D (Uttar Pradesh),Khurja_Pnjbiyon_D (Uttar Pradesh),17.281,5,0.2,0.0,33.9,31.3,-2.6,2880.0,918.0,1962.0,0.87,0.786,4207.0,2118.0,Carting,2090.0,<50km,thin(<1.5/d)
IND395004AAB -> IND395023AAD,Surat_Central_D_3 (Gujarat),Surat_Central_I_4 (Gujarat),17.341,4,0.16,0.0,63.0,57.5,-5.5,2882.0,920.0,1961.0,0.972,0.964,4382.0,2404.0,Carting,1978.0,<50km,thin(<1.5/d)
IND603203AAA -> IND600044AAD,Chennai_Potheri (Tamil Nadu),Chennai_Chrompet_DPC (Tamil Nadu),17.382,13,0.52,0.0,49.0,47.3,-1.8,2882.0,921.0,1961.0,0.987,0.987,4397.0,2435.0,Carting,1963.0,<50km,thin(<1.5/d)
IND515301AAA -> IND561202AAB,Madakasira_RTCStand_D (Andhra Pradesh),Pavagada_PnukndRD_D (Karnataka),17.392,16,0.64,0.0,42.6,34.9,-7.7,2883.0,922.0,1961.0,0.989,0.978,4397.0,2413.0,Carting,1984.0,<50km,thin(<1.5/d)
IND208019AAA -> IND209304AAA,Kanpur_Rawatpur_D (Uttar Pradesh),Kanpur_Central_H_6 (Uttar Pradesh),17.468,6,0.24,0.0,56.5,62.0,5.5,2884.0,924.0,1960.0,0.908,0.913,4283.0,2334.0,Carting,1949.0,<50km,thin(<1.5/d)
IND713205AAB -> IND722202AAA,Durgapur_Central_I_1 (West Bengal),Barjora_Central_DPP_1 (West Bengal),17.487,4,0.16,0.014,85.2,76.4,-8.8,2885.0,925.0,1960.0,0.996,0.993,4500.0,2529.0,Carting,1971.0,<50km,thin(<1.5/d)
IND201306AAA -> IND201301AAF,Noida_Surajpur_DC (Uttar Pradesh),Noida_Sec 02_DPC (Uttar Pradesh),17.502,8,0.32,0.0,53.6,49.5,-4.1,2885.0,925.0,1960.0,0.87,0.786,4225.0,2136.0,Carting,2089.0,<50km,thin(<1.5/d)
IND121004AAA -> IND121004AAB,Faridabad_Blbgarh_DC (Haryana),FBD_Balabhgarh_DPC (Haryana),17.515,10,0.4,0.0,43.7,43.3,-0.4,2885.0,925.0,1960.0,0.907,0.895,4275.0,2297.0,Carting,1978.0,<50km,thin(<1.5/d)
IND395009AAA -> IND395023AAD,Surat_Central_D_12 (Gujarat),Surat_Central_I_4 (Gujarat),17.524,16,0.64,0.0,105.4,131.3,25.9,2886.0,926.0,1960.0,0.949,0.924,4379.0,2400.0,Carting,1980.0,<50km,thin(<1.5/d)
IND000000AFT -> IND410209AAA,Mumbai_Sanpada_I (Maharashtra),Mumbai_Khandeshwar_Dc (Maharashtra),17.574,40,1.6,0.005,40.8,40.3,-0.5,2887.0,927.0,1959.0,0.992,0.989,4423.0,2459.0,Carting,1964.0,<50km,medium(1.5-4/d)
IND000000AFT -> IND410210AAA,Mumbai_Sanpada_I (Maharashtra),Mumbai_Kharghar_D (Maharashtra),17.622,13,0.52,0.005,46.6,46.0,-0.6,2888.0,929.0,1959.0,0.992,0.989,4428.0,2465.0,Carting,1964.0,<50km,thin(<1.5/d)
IND145001AAA -> IND176201AAA,Pathankot_DC (Punjab),Jassur_AadiDPP_D (Himachal Pradesh),17.628,7,0.28,0.0,61.7,44.7,-17.1,2888.0,929.0,1959.0,0.883,0.708,4253.0,2021.0,Carting,2233.0,<50km,thin(<1.5/d)
IND607106AAA -> IND607801AAA,Panruti_GandhiRd_D (Tamil Nadu),Neyveli_NJVNgr_D (Tamil Nadu),17.64,14,0.56,0.002,31.3,24.2,-7.0,2888.0,929.0,1959.0,0.95,0.917,4341.0,2328.0,Carting,2013.0,<50km,thin(<1.5/d)
IND302004AAA -> IND302014AAB,Jaipur_NgrNigam_DC (Rajasthan),Jaipur_Central_I_7 (Rajasthan),17.668,8,0.32,0.0,42.7,30.7,-11.9,2889.0,930.0,1959.0,0.968,0.929,4369.0,2344.0,Carting,2025.0,<50km,thin(<1.5/d)
IND691506AAA -> IND691305AAA,Kottarakkara_Amankovl_D (Kerala),Punalur_PostofJN_D (Kerala),17.803,20,0.8,0.0,39.3,30.4,-8.9,2892.0,934.0,1958.0,0.957,0.931,4354.0,2352.0,Carting,2002.0,<50km,thin(<1.5/d)
IND274402AAA -> IND274304AAB,Kushinagar_JiswlDPP_D (Uttar Pradesh),Padrauna_BawliDPPP_D (Uttar Pradesh),17.829,4,0.16,0.0,29.3,22.8,-6.5,2892.0,935.0,1957.0,0.939,0.853,4320.0,2230.0,Carting,2091.0,<50km,thin(<1.5/d)
IND628801AAA -> IND628204AAA,Eral_Busstand_D (Tamil Nadu),Tirchchndr_Shnmgprm_D (Tamil Nadu),17.842,17,0.68,0.0,40.5,30.5,-10.0,2893.0,935.0,1957.0,0.904,0.867,4276.0,2256.0,Carting,2019.0,<50km,thin(<1.5/d)
IND563116AAA -> IND563131AAB,Bethamangala_FshryOFC_D (Karnataka),Bangarapet_KolarRd_D (Karnataka),17.995,14,0.56,0.0,46.3,45.3,-1.0,2896.0,940.0,1956.0,0.932,0.931,4324.0,2367.0,Carting,1957.0,<50km,thin(<1.5/d)
IND412105AAC -> IND411017AAA,Pune_North_D_3 (Maharashtra),PNQ Rahatani DPC (Maharashtra),18.003,33,1.32,0.0,47.3,45.4,-1.8,2896.0,940.0,1956.0,0.945,0.939,4346.0,2379.0,Carting,1967.0,<50km,thin(<1.5/d)
IND442001AAA -> IND442101AAB,Wardha_RamaNgr_D (Maharashtra),Deoli_Central_DPP_2 (Maharashtra),18.01,5,0.2,0.0,37.5,33.7,-3.8,2896.0,940.0,1956.0,0.816,0.674,4145.0,1973.0,Carting,2172.0,<50km,thin(<1.5/d)
IND563131AAB -> IND563116AAA,Bangarapet_KolarRd_D (Karnataka),Bethamangala_FshryOFC_D (Karnataka),18.011,16,0.64,0.001,45.6,42.2,-3.5,2896.0,940.0,1956.0,0.97,0.948,4386.0,2396.0,Carting,1990.0,<50km,thin(<1.5/d)
IND400015AAA -> IND400072AAB,Mumbai_CottonGreen_DPC (Maharashtra),Mumbai Hub (Maharashtra),18.035,36,1.44,0.0,50.1,49.0,-1.1,2897.0,941.0,1956.0,0.98,0.967,4402.0,2425.0,Carting,1977.0,<50km,thin(<1.5/d)
IND743235AAA -> IND743270AAA,Bongaon_SukntDPP_D (West Bengal),Helencha_ColnyDPP_D (West Bengal),18.137,6,0.24,0.0,47.7,47.3,-0.4,2899.0,944.0,1955.0,0.98,0.975,4403.0,2439.0,Carting,1964.0,<50km,thin(<1.5/d)
IND560002AAA -> IND560099AAB,Bengaluru_KHRoad_I (Karnataka),Bengaluru_Bomsndra_HB (Karnataka),18.147,18,0.72,0.005,61.5,58.7,-2.8,2899.0,944.0,1955.0,0.986,0.979,4441.0,2473.0,Carting,1967.0,<50km,thin(<1.5/d)
IND673592AAA -> IND673121AAA,SultnBthry_Kollgpra_D (Kerala),Kalpetta_Ward19_D (Kerala),18.16,11,0.44,0.001,42.4,33.5,-8.9,2900.0,945.0,1955.0,0.966,0.943,4382.0,2387.0,Carting,1995.0,<50km,thin(<1.5/d)
IND521105AAA -> IND534001AAA,HanumanJNC_VijywdRD_D (Andhra Pradesh),Eluru_Agraharm_DC (Andhra Pradesh),18.17,4,0.16,0.001,40.7,36.8,-4.0,2900.0,945.0,1955.0,0.987,0.974,4412.0,2437.0,Carting,1976.0,<50km,thin(<1.5/d)
IND623407AAA -> IND623315AAB,Thiruvadanai_RamnadRD_D (Tamil Nadu),Oriyur_Vllyaprm_D (Tamil Nadu),18.176,15,0.6,0.0,47.1,27.0,-20.2,2900.0,945.0,1955.0,0.406,0.119,3540.0,1142.0,Carting,2398.0,<50km,thin(<1.5/d)
IND641607AAA -> IND641654AAA,Tirupur_Koliplm_I (Tamil Nadu),Avinashi_Valluvar_D (Tamil Nadu),18.184,11,0.44,0.0,38.4,33.8,-4.5,2900.0,946.0,1955.0,0.989,0.982,4410.0,2441.0,Carting,1969.0,<50km,thin(<1.5/d)
IND000000ABA -> IND683565AAA,Cochin_Chtrpuza_D (Kerala),Kunnathund_Pringla_D (Kerala),18.237,7,0.28,0.0,45.6,38.3,-7.4,2901.0,947.0,1954.0,0.931,0.88,4330.0,2294.0,Carting,2036.0,<50km,thin(<1.5/d)
IND574227AAA -> IND574104AAA,Moodbidri_MrdiVlge_D (Karnataka),Karkala_MarketRd_D (Karnataka),18.3,9,0.36,0.0,29.3,29.4,0.1,2903.0,949.0,1954.0,0.97,0.953,4379.0,2399.0,Carting,1980.0,<50km,thin(<1.5/d)
IND400015AAB -> IND400072AAB,Mumbai_CotnGren_M (Maharashtra),Mumbai Hub (Maharashtra),18.315,6,0.24,0.0,58.2,57.2,-1.0,2903.0,949.0,1953.0,0.933,0.893,4342.0,2327.0,Carting,2015.0,<50km,thin(<1.5/d)
IND802101AAA -> IND802119AAA,Buxar_Sarswati_D (Bihar),Dumraon_Nishangr_D (Bihar),18.34,14,0.56,0.001,35.0,31.8,-3.2,2903.0,950.0,1953.0,0.98,0.957,4400.0,2410.0,Carting,1990.0,<50km,thin(<1.5/d)
IND110037AAM -> IND110035AAC,Delhi_Airport_H (Delhi),Delhi_North_R_8 (Delhi),18.352,36,1.44,0.054,65.4,52.9,-12.5,2904.0,951.0,1953.0,0.929,0.908,4568.0,2569.0,Carting,1999.0,<50km,thin(<1.5/d)
IND000000AFJ -> IND695121AAA,Trivandrum_Pettah_D (Kerala),Neyatinkra_Arlumodu_D (Kerala),18.367,20,0.8,0.0,70.9,50.7,-20.2,2904.0,951.0,1953.0,0.498,0.15,3698.0,1209.0,Carting,2489.0,<50km,thin(<1.5/d)
IND721134AAB -> IND721139AAC,Kolaghat_Central_DPP_2 (West Bengal),Panskura_Central_D_3 (West Bengal),18.41,16,0.64,0.001,29.9,24.8,-5.1,2905.0,952.0,1953.0,0.977,0.948,4395.0,2396.0,Carting,1999.0,<50km,thin(<1.5/d)
IND110043AAA -> IND110078AAA,Delhi_Nangli_IP (Delhi),Janakpuri (Delhi),18.429,33,1.32,0.001,42.2,43.6,1.4,2905.0,953.0,1953.0,0.969,0.949,4392.0,2411.0,Carting,1981.0,<50km,thin(<1.5/d)
IND560099AAB -> IND560085AAA,Bengaluru_Bomsndra_HB (Karnataka),Bengaluru_Banshkri_DC (Karnataka),18.449,17,0.68,0.005,41.1,37.7,-3.5,2906.0,953.0,1952.0,0.773,0.661,4112.0,1986.0,Carting,2125.0,<50km,thin(<1.5/d)
IND400072AAB -> IND400015AAA,Mumbai Hub (Maharashtra),Mumbai_CottonGreen_DPC (Maharashtra),18.629,60,2.4,0.006,57.8,59.0,1.2,2910.0,959.0,1951.0,0.986,0.985,4455.0,2502.0,Carting,1952.0,<50km,medium(1.5-4/d)
IND400072AAC -> IND400011AAA,BOM_Sakinaka_RP (Maharashtra),LowerParel_CP (Maharashtra),18.637,17,0.68,0.0,46.7,41.2,-5.5,2910.0,959.0,1951.0,0.785,0.642,4118.0,1950.0,Carting,2169.0,<50km,thin(<1.5/d)
IND638001AAA -> IND638052AAA,Erode (Tamil Nadu),Perundurai_Viveka_DC (Tamil Nadu),18.676,3,0.12,0.0,41.2,37.7,-3.5,2911.0,960.0,1951.0,0.843,0.825,4202.0,2223.0,Carting,1980.0,<50km,thin(<1.5/d)
IND302014AAB -> IND302004AAA,Jaipur_Central_I_7 (Rajasthan),Jaipur_NgrNigam_DC (Rajasthan),18.792,26,1.04,0.0,50.0,48.2,-1.9,2913.0,964.0,1950.0,0.947,0.907,4367.0,2356.0,Carting,2011.0,<50km,thin(<1.5/d)
IND600016AAA -> IND600119AAA,Airport (Tamil Nadu),Chennai_Sholinganallur_Dc (Tamil Nadu),18.858,8,0.32,0.0,56.2,50.1,-6.1,2915.0,966.0,1949.0,0.809,0.694,4165.0,2041.0,Carting,2125.0,<50km,thin(<1.5/d)
IND275503AAA -> IND275303AAA,Ghosi_Jamalpur_D (Uttar Pradesh),Dohrighat_AzmrdDPP_D (Uttar Pradesh),18.888,4,0.16,0.0,32.8,21.0,-11.8,2916.0,967.0,1949.0,0.893,0.773,4277.0,2140.0,Carting,2137.0,<50km,thin(<1.5/d)
IND560099AAB -> IND560002AAA,Bengaluru_Bomsndra_HB (Karnataka),Bengaluru_KHRoad_I (Karnataka),18.91,25,1.0,0.005,39.7,35.6,-4.1,2916.0,967.0,1949.0,0.755,0.659,4093.0,1996.0,Carting,2097.0,<50km,thin(<1.5/d)
IND721306AAA -> IND721102AAA,Kharagpur_DC (West Bengal),Midnapore_Talkui_D (West Bengal),18.918,5,0.2,0.005,48.8,45.9,-2.9,2916.0,968.0,1949.0,0.987,0.983,4450.0,2493.0,Carting,1957.0,<50km,thin(<1.5/d)
IND201307AAA -> IND201301AAL,Noida_Chukhndi_D (Uttar Pradesh),Dadri_ICDCant_D (Uttar Pradesh),18.927,28,1.12,0.0,46.2,38.3,-7.8,2916.0,968.0,1949.0,0.901,0.756,4299.0,2128.0,Carting,2171.0,<50km,thin(<1.5/d)
IND712311AAA -> IND700028AAB,Kolkata_Dankuni_HB (West Bengal),CCU_DumDum_DPC (West Bengal),18.928,23,0.92,0.09,82.2,74.6,-7.6,2916.0,968.0,1949.0,0.997,0.993,4873.0,2912.0,Carting,1961.0,<50km,thin(<1.5/d)
IND410206AAA -> IND000000AFT,Jasai_JNPT_D (Maharashtra),Mumbai_Sanpada_I (Maharashtra),18.941,13,0.52,0.0,51.6,51.9,0.3,2917.0,968.0,1948.0,0.974,0.973,4414.0,2465.0,Carting,1949.0,<50km,thin(<1.5/d)
IND560027AAA -> IND560099AAA,Blr_Domlur (Karnataka),Bengaluru_Bomsndra_PC (Karnataka),18.954,4,0.16,0.0,54.9,49.0,-5.9,2917.0,969.0,1948.0,0.809,0.694,4167.0,2043.0,Carting,2124.0,<50km,thin(<1.5/d)
IND712124AAA -> IND712310AAE,Hooghly_DC (West Bengal),Kolkata_North_I_4 (West Bengal),19.016,3,0.12,0.0,55.6,53.1,-2.6,2918.0,970.0,1948.0,0.945,0.906,4374.0,2366.0,Carting,2008.0,<50km,thin(<1.5/d)
IND535591AAA -> IND535558AAA,Salur_ward9_D (Andhra Pradesh),Bobbili_ColegRd_D (Andhra Pradesh),19.049,3,0.12,0.002,57.4,55.4,-2.0,2919.0,971.0,1948.0,0.968,0.948,4416.0,2437.0,Carting,1980.0,<50km,thin(<1.5/d)
IND731204AAB -> IND731301AAA,Bolpur_WebelDPP_D (West Bengal),Nanoor_Central_DPP_1 (West Bengal),19.058,13,0.52,0.0,55.5,54.0,-1.5,2919.0,972.0,1948.0,0.941,0.912,4368.0,2376.0,Carting,1992.0,<50km,thin(<1.5/d)
IND500008AAF -> IND500039AAC,Hyderabad_South_D_4 (Telangana),Hyderabad_Uppal_I (Telangana),19.091,19,0.76,0.0,38.4,32.2,-6.2,2920.0,973.0,1947.0,0.804,0.681,4151.0,2016.0,Carting,2135.0,<50km,thin(<1.5/d)
IND712310AAE -> IND712124AAA,Kolkata_North_I_4 (West Bengal),Hooghly_DC (West Bengal),19.129,30,1.2,0.003,62.6,58.8,-3.8,2921.0,974.0,1947.0,0.989,0.982,4460.0,2501.0,Carting,1959.0,<50km,thin(<1.5/d)
IND462042AAA -> IND462022AAA,Bhopal_Kolar Mandakni (Madhya Pradesh),Bhopal_Trnsport_H (Madhya Pradesh),19.145,17,0.68,0.0,73.4,79.5,6.1,2921.0,974.0,1947.0,0.875,0.8,4282.0,2227.0,Carting,2055.0,<50km,thin(<1.5/d)
IND274304AAA -> IND274304AAB,Kushinagar_KasyaDPP_D (Uttar Pradesh),Padrauna_BawliDPPP_D (Uttar Pradesh),19.208,6,0.24,0.0,63.2,56.3,-6.9,2923.0,976.0,1946.0,0.941,0.922,4377.0,2396.0,Carting,1980.0,<50km,thin(<1.5/d)
IND302014AAB -> IND302026AAA,Jaipur_Central_I_7 (Rajasthan),Jaipur_Bhankrot_DC (Rajasthan),19.234,19,0.76,0.0,51.6,49.5,-2.1,2923.0,977.0,1946.0,0.944,0.901,4374.0,2361.0,Carting,2013.0,<50km,thin(<1.5/d)
IND680307AAA -> IND680712AAA,Chalakudy_SurbhiTh_D (Kerala),Irinjlkuda_Greens_D (Kerala),19.353,7,0.28,0.0,48.3,53.1,4.9,2926.0,981.0,1945.0,0.95,0.944,4385.0,2434.0,Carting,1952.0,<50km,thin(<1.5/d)
IND110078AAA -> IND110043AAA,Janakpuri (Delhi),Delhi_Nangli_IP (Delhi),19.389,14,0.56,0.0,47.6,45.0,-2.5,2927.0,982.0,1945.0,0.856,0.803,4242.0,2217.0,Carting,2025.0,<50km,thin(<1.5/d)
IND600076AAB -> IND600032AAB,Chennai_Madhavaram_DPC (Tamil Nadu),Chennai_Hub (Tamil Nadu),19.415,16,0.64,0.0,34.7,29.7,-5.0,2927.0,982.0,1945.0,0.881,0.86,4271.0,2292.0,Carting,1979.0,<50km,thin(<1.5/d)
IND518124AAA -> IND518206AAA,Bngnpalle_Enkndla_D (Andhra Pradesh),Betamcherla_CmtNgRod_D (Andhra Pradesh),19.492,6,0.24,0.001,45.0,38.2,-6.8,2929.0,985.0,1944.0,0.948,0.904,4386.0,2371.0,Carting,2015.0,<50km,thin(<1.5/d)
IND201301AAL -> IND201307AAA,Dadri_ICDCant_D (Uttar Pradesh),Noida_Chukhndi_D (Uttar Pradesh),19.507,5,0.2,0.0,34.6,29.8,-4.8,2929.0,985.0,1944.0,0.931,0.839,4350.0,2266.0,Carting,2085.0,<50km,thin(<1.5/d)
IND695582AAA -> IND695101AAB,Kazhakkoottam_Rdiosttn_D (Kerala),Attingal_Central_D_2 (Kerala),19.513,19,0.76,0.0,55.6,46.5,-9.1,2929.0,985.0,1944.0,0.752,0.618,4095.0,1943.0,Carting,2151.0,<50km,thin(<1.5/d)
IND144001AAB -> IND144601AAA,Jalandhar_DPC (Punjab),Kapurthala_DC (Punjab),19.523,3,0.12,0.004,45.9,39.4,-6.5,2930.0,986.0,1944.0,0.977,0.965,4442.0,2476.0,Carting,1966.0,<50km,thin(<1.5/d)
IND421502AAA -> IND421302AAR,Mumbai_Ambernath_Dc (Maharashtra),Mumbai_East_I_21 (Maharashtra),19.534,17,0.68,0.0,43.0,35.9,-7.0,2930.0,986.0,1944.0,0.752,0.618,4087.0,1937.0,Carting,2150.0,<50km,thin(<1.5/d)
IND400011AAA -> IND400072AAD,LowerParel_CP (Maharashtra),Mumbai_Chndivli_PC (Maharashtra),19.63,53,2.12,0.001,40.7,38.2,-2.5,2932.0,989.0,1943.0,0.993,0.991,4452.0,2504.0,Carting,1948.0,<50km,medium(1.5-4/d)
IND788713AAA -> IND788806AAA,Karimganj_Alngjuri_D (Assam),Badarpur_Konapara_D (Assam),19.651,10,0.4,0.0,36.0,30.0,-6.0,2932.0,990.0,1943.0,0.969,0.961,4410.0,2452.0,Carting,1958.0,<50km,thin(<1.5/d)
IND382430AAB -> IND380054AAA,Ahmedabad_East_H_1 (Gujarat),AMD_Memnagar (Gujarat),19.675,40,1.6,0.039,54.8,44.0,-10.8,2933.0,990.0,1943.0,0.989,0.985,4628.0,2672.0,Carting,1956.0,<50km,medium(1.5-4/d)
IND140501AAA -> IND160002AAC,Lalru_OnkarDPP_D (Punjab),Chandigarh_Mehmdpur_H (Punjab),19.679,14,0.56,0.0,36.2,35.1,-1.1,2933.0,990.0,1943.0,0.958,0.948,4395.0,2435.0,Carting,1960.0,<50km,thin(<1.5/d)
IND712612AAA -> IND722154AAA,Kamarpukur_ChatiDPP_D (West Bengal),MirzapurWB_VidyaDPP_D (West Bengal),19.713,3,0.12,0.0,45.0,38.2,-6.8,2934.0,991.0,1942.0,0.912,0.803,4332.0,2222.0,Carting,2110.0,<50km,thin(<1.5/d)
IND802213AAB -> IND802212AAA,Dinara_Wardno7_D (Bihar),Bikramgang_Dehrird_D (Bihar),19.749,5,0.2,0.001,41.9,38.8,-3.1,2934.0,992.0,1942.0,0.98,0.973,4436.0,2482.0,Carting,1954.0,<50km,thin(<1.5/d)
IND110044AAB -> IND201007AAA,Del_Okhla_PC (Delhi),GZB_Mohan_Nagar_DPC (Uttar Pradesh),19.787,11,0.44,0.003,55.9,46.2,-9.7,2935.0,994.0,1942.0,0.991,0.985,4472.0,2515.0,Carting,1956.0,<50km,thin(<1.5/d)
IND302014AAB -> IND302006AAC,Jaipur_Central_I_7 (Rajasthan),Jaipur_Central_D_10 (Rajasthan),19.79,22,0.88,0.0,52.4,51.8,-0.6,2935.0,994.0,1942.0,0.952,0.916,4398.0,2403.0,Carting,1995.0,<50km,thin(<1.5/d)
IND134102AAA -> IND174103AAA,Kalka_Pinjore_DC (Haryana),Baddi_ByePass_D (Himachal Pradesh),19.854,16,0.64,0.0,35.2,33.5,-1.7,2937.0,996.0,1941.0,0.951,0.957,4386.0,2454.0,Carting,1933.0,<50km,thin(<1.5/d)
IND673632AAA -> IND676306AAA,Kozhikode_Central_H_4 (Kerala),Tirurangadi_Kooriyad_D (Kerala),19.908,4,0.16,0.002,52.0,41.6,-10.4,2938.0,997.0,1941.0,0.845,0.625,4250.0,1969.0,Carting,2281.0,<50km,thin(<1.5/d)
IND388320AAA -> IND387001AAA,Anand_Vaghasi_IP (Gujarat),Nadiad_DC (Gujarat),19.978,11,0.44,0.003,39.6,37.3,-2.3,2940.0,999.0,1940.0,0.978,0.97,4448.0,2493.0,Carting,1955.0,<50km,thin(<1.5/d)
IND786001AAB -> IND786184AAA,Dibrugarh_Bokule_H (Assam),Chabua_CollgeRD_D (Assam),20.008,10,0.4,0.012,39.0,38.7,-0.3,2940.0,1000.0,1940.0,0.99,0.987,4503.0,2558.0,Carting,1946.0,<50km,thin(<1.5/d)
IND382430AAB -> IND382345AAA,Ahmedabad_East_H_1 (Gujarat),Amdavad_East (Gujarat),20.076,34,1.36,0.039,47.2,38.0,-9.3,2942.0,1002.0,1939.0,0.989,0.986,4632.0,2682.0,Carting,1950.0,<50km,thin(<1.5/d)
IND401104AAB -> IND400072AAB,Mumbai_MiraRoad_M (Maharashtra),Mumbai Hub (Maharashtra),20.081,5,0.2,0.0,32.7,29.6,-3.1,2942.0,1002.0,1939.0,0.923,0.833,4348.0,2271.0,Carting,2077.0,<50km,thin(<1.5/d)
IND695572AAB -> IND695541AAA,Kallikkad_Mutyvila_D (Kerala),Nedumangad_Arsprmbu_D (Kerala),20.208,13,0.52,0.0,47.0,38.3,-8.8,2945.0,1006.0,1938.0,0.981,0.969,4449.0,2487.0,Carting,1962.0,<50km,thin(<1.5/d)
IND380054AAA -> IND382430AAB,AMD_Memnagar (Gujarat),Ahmedabad_East_H_1 (Gujarat),20.252,24,0.96,0.0,41.5,34.0,-7.5,2946.0,1008.0,1938.0,0.904,0.91,4329.0,2395.0,Carting,1934.0,<50km,thin(<1.5/d)
IND226004AAA -> IND226016AAA,Lucknow_Hub (Uttar Pradesh),Lucknow_Indira Nagar (Uttar Pradesh),20.308,6,0.24,0.0,47.1,46.6,-0.5,2947.0,1009.0,1938.0,0.812,0.727,4197.0,2131.0,Carting,2065.0,<50km,thin(<1.5/d)
IND401104AAA -> IND400072AAB,Mumbai_MiraRd_IP (Maharashtra),Mumbai Hub (Maharashtra),20.312,31,1.24,0.001,49.1,50.7,1.6,2947.0,1009.0,1938.0,0.981,0.974,4456.0,2509.0,Carting,1947.0,<50km,thin(<1.5/d)
IND560099AAB -> IND560078AAC,Bengaluru_Bomsndra_HB (Karnataka),BLR_JPNagar_Pc (Karnataka),20.354,28,1.12,0.005,35.3,32.3,-3.0,2948.0,1011.0,1937.0,0.759,0.677,4128.0,2065.0,Carting,2063.0,<50km,thin(<1.5/d)
IND602024AAA -> IND600116AAB,Chennai_Vepmpttu_DC (Tamil Nadu),Chennai_Porur_DPC (Tamil Nadu),20.369,4,0.16,0.0,43.7,42.9,-0.7,2948.0,1011.0,1937.0,0.976,0.964,4443.0,2488.0,Carting,1955.0,<50km,thin(<1.5/d)
IND732202AAA -> IND732204AAB,Manikchak_Enayetpr_D (West Bengal),Paranpur_Nijgan_D (West Bengal),20.432,11,0.44,0.0,28.9,26.4,-2.5,2950.0,1013.0,1937.0,0.954,0.906,4401.0,2391.0,Carting,2010.0,<50km,thin(<1.5/d)
IND410206AAB -> IND000000AFT,Mumbai_Panvel_D (Maharashtra),Mumbai_Sanpada_I (Maharashtra),20.458,36,1.44,0.0,37.1,44.6,7.5,2950.0,1014.0,1936.0,0.923,0.888,4359.0,2376.0,Carting,1983.0,<50km,thin(<1.5/d)
IND676306AAA -> IND676509AAA,Tirurangadi_Kooriyad_D (Kerala),Malappuram_Munduprm_D (Kerala),20.507,7,0.28,0.0,39.9,29.4,-10.4,2951.0,1015.0,1936.0,0.949,0.953,4401.0,2465.0,Carting,1937.0,<50km,thin(<1.5/d)
IND523002AAA -> IND523226AAA,Ongole_SubhVRTL_I (Andhra Pradesh),Chimkurthy_MSRClgRd_D (Andhra Pradesh),20.522,5,0.2,0.011,46.5,49.0,2.5,2951.0,1016.0,1936.0,0.991,0.988,4518.0,2579.0,Carting,1939.0,<50km,thin(<1.5/d)
IND400072AAB -> IND401104AAA,Mumbai Hub (Maharashtra),Mumbai_MiraRd_IP (Maharashtra),20.533,72,2.88,0.006,42.6,43.6,1.0,2952.0,1016.0,1936.0,0.986,0.986,4486.0,2550.0,Carting,1936.0,<50km,medium(1.5-4/d)
IND211002AAB -> IND211013AAA,Allahabad_Central_H_1 (Uttar Pradesh),Allahabad_Phaphamu_DC (Uttar Pradesh),20.576,7,0.28,0.008,44.9,49.0,4.0,2953.0,1017.0,1935.0,0.989,0.986,4501.0,2563.0,Carting,1938.0,<50km,thin(<1.5/d)
IND249407AAA -> IND249201AAA,Haridwar (Uttarakhand),Rishikesh_DC (Uttarakhand),20.672,18,0.72,0.004,69.4,64.7,-4.6,2955.0,1020.0,1935.0,0.952,0.951,4447.0,2507.0,Carting,1939.0,<50km,thin(<1.5/d)
IND742148AAA -> IND742225AAA,Lalgola_KrsprDPP_D (West Bengal),Ragunthgnj_GopalDPP_D (West Bengal),20.679,16,0.64,0.0,46.4,49.4,3.0,2955.0,1020.0,1935.0,0.986,0.979,4466.0,2524.0,Carting,1942.0,<50km,thin(<1.5/d)
IND425406AAA -> IND425405AAA,Shindkheda_KakaCplx_D (Maharashtra),Shirpur_KrantiNgr_D (Maharashtra),20.742,4,0.16,0.0,36.0,22.8,-13.2,2956.0,1022.0,1934.0,0.869,0.697,4284.0,2082.0,Carting,2201.0,<50km,thin(<1.5/d)
IND626117AAA -> IND626138AAA,Rajpalayam_AshkTalk_D (Tamil Nadu),Maharajapuram_Krsnakcl_D (Tamil Nadu),20.775,9,0.36,0.0,54.0,44.4,-9.6,2957.0,1023.0,1934.0,0.871,0.845,4300.0,2321.0,Carting,1979.0,<50km,thin(<1.5/d)
IND673305AAA -> IND673104AAA,Koyilandy_Pshrikvu_D (Kerala),Vadakara_Mandodi_D (Kerala),20.834,14,0.56,0.0,33.5,28.0,-5.5,2958.0,1025.0,1933.0,0.949,0.89,4406.0,2381.0,Carting,2025.0,<50km,thin(<1.5/d)
IND208017AAA -> IND209304AAA,Kanpur_Central_D_5 (Uttar Pradesh),Kanpur_Central_H_6 (Uttar Pradesh),20.872,5,0.2,0.0,34.8,39.7,4.9,2959.0,1026.0,1933.0,0.825,0.743,4219.0,2168.0,Carting,2052.0,<50km,thin(<1.5/d)
IND209304AAA -> IND209101AAA,Kanpur_Central_H_6 (Uttar Pradesh),Akbarpur_NehruNGR_D (Uttar Pradesh),20.875,16,0.64,0.039,49.4,38.7,-10.7,2959.0,1026.0,1933.0,0.973,0.869,4622.0,2508.0,Carting,2114.0,<50km,thin(<1.5/d)
IND110035AAC -> IND110037AAM,Delhi_North_R_8 (Delhi),Delhi_Airport_H (Delhi),20.908,3,0.12,0.0,44.6,49.7,5.1,2960.0,1027.0,1933.0,0.886,0.762,4319.0,2203.0,Carting,2116.0,<50km,thin(<1.5/d)
IND676509AAA -> IND679322AAA,Malappuram_Munduprm_D (Kerala),Printhlmna_EmsPnmbi_D (Kerala),21.07,3,0.12,0.0,44.8,33.1,-11.7,2964.0,1032.0,1931.0,0.946,0.913,4413.0,2424.0,Carting,1989.0,<50km,thin(<1.5/d)
IND000000AFT -> IND400072AAB,Mumbai_Sanpada_I (Maharashtra),Mumbai Hub (Maharashtra),21.139,10,0.4,0.005,48.6,49.0,0.4,2965.0,1034.0,1931.0,0.99,0.988,4504.0,2570.0,Carting,1934.0,<50km,thin(<1.5/d)
IND786184AAA -> IND786125AAA,Chabua_CollgeRD_D (Assam),Tinusukia_Chrwpaty_D (Assam),21.149,5,0.2,0.002,38.9,34.1,-4.8,2965.0,1034.0,1931.0,0.897,0.857,4345.0,2350.0,Carting,1995.0,<50km,thin(<1.5/d)
IND608001AAA -> IND609110AAA,Chidambaram_ARBNorth_DC (Tamil Nadu),Sirkazhi_Pngktgudi_D (Tamil Nadu),21.177,7,0.28,0.003,40.2,31.7,-8.5,2966.0,1035.0,1931.0,0.992,0.988,4493.0,2550.0,Carting,1943.0,<50km,thin(<1.5/d)
IND679531AAA -> IND680587AAA,Shoranur_KdrShrRd_D (Kerala),Pazhayannur_AlathurRD_D (Kerala),21.198,15,0.6,0.001,57.3,46.4,-10.9,2966.0,1036.0,1930.0,0.981,0.975,4482.0,2535.0,Carting,1947.0,<50km,thin(<1.5/d)
IND712311AAA -> IND700065AAA,Kolkata_Dankuni_HB (West Bengal),CCU_Beliaghata_DPC (West Bengal),21.221,29,1.16,0.09,86.8,79.0,-7.8,2967.0,1037.0,1930.0,0.998,0.996,4928.0,2988.0,Carting,1940.0,<50km,thin(<1.5/d)
IND125033AAA -> IND125001AAA,Hansi_DelRdDPP_D (Haryana),Hisar_ModelTwn_P (Haryana),21.274,3,0.12,0.0,52.9,85.0,32.1,2968.0,1038.0,1930.0,0.972,0.967,4461.0,2545.0,Carting,1915.0,<50km,thin(<1.5/d)
IND000000ACN -> IND501359AAF,Hyderabad_Mhdiptnm_C (Telangana),Hyderabad_Shamshbd_P (Telangana),21.381,16,0.64,0.0,42.0,42.8,0.9,2970.0,1041.0,1929.0,0.916,0.927,4372.0,2460.0,Carting,1912.0,<50km,thin(<1.5/d)
IND680307AAA -> IND683511AAA,Chalakudy_SurbhiTh_D (Kerala),Aluva_Peedika_H (Kerala),21.498,5,0.2,0.0,47.0,53.4,6.4,2973.0,1045.0,1928.0,0.956,0.957,4440.0,2517.0,Carting,1923.0,<50km,thin(<1.5/d)
IND431515AAA -> IND431517AAB,Parli_JirgeNgr_D (Maharashtra),Ambajogai_BnsllNgr_D (Maharashtra),21.56,14,0.56,0.003,43.5,37.4,-6.1,2974.0,1047.0,1928.0,0.972,0.947,4476.0,2505.0,Carting,1970.0,<50km,thin(<1.5/d)
IND641607AAA -> IND641664AAA,Tirupur_Koliplm_I (Tamil Nadu),Tirpur_Palladam_DC (Tamil Nadu),21.592,4,0.16,0.0,44.5,39.2,-5.3,2975.0,1048.0,1927.0,0.987,0.98,4485.0,2543.0,Carting,1942.0,<50km,thin(<1.5/d)
IND609602AAA -> IND611001AAA,Karaikal_Thalthru_DC (Pondicherry),Nagapttinm_Sttyapar_D (Tamil Nadu),21.607,11,0.44,0.003,42.1,33.4,-8.7,2975.0,1048.0,1927.0,0.993,0.988,4505.0,2565.0,Carting,1940.0,<50km,thin(<1.5/d)
IND673506AAA -> IND670643AAA,Kallachi_ZamQuatr_D (Kerala),Kuthuparamba_IdstrlAr_D (Kerala),21.62,17,0.68,0.001,43.0,38.0,-5.0,2976.0,1049.0,1927.0,0.986,0.982,4489.0,2552.0,Carting,1937.0,<50km,thin(<1.5/d)
IND530012AAA -> IND530043AAA,Visakhapatnam_Gajuwaka_IP (Andhra Pradesh),Visakhapatnam_VislkNgr_DC (Andhra Pradesh),21.653,13,0.52,0.033,54.2,43.8,-10.4,2976.0,1050.0,1927.0,0.994,0.991,4654.0,2713.0,Carting,1940.0,<50km,thin(<1.5/d)
IND691574AAA -> IND695614AAA,Kalluvathukal_Pariplly_D (Kerala),Kilimanoor_Krvnkuzy_D (Kerala),21.68,21,0.84,0.0,39.1,29.1,-10.0,2977.0,1050.0,1927.0,0.954,0.925,4434.0,2457.0,Carting,1977.0,<50km,thin(<1.5/d)
IND209206AAB -> IND210301AAA,Ghatampur_StatinRD_D (Uttar Pradesh),Hamirpur_KanpurRd_D (Uttar Pradesh),21.684,15,0.6,0.0,34.8,30.0,-4.7,2977.0,1051.0,1927.0,0.983,0.979,4477.0,2541.0,Carting,1936.0,<50km,thin(<1.5/d)
IND637301AAA -> IND638001AAA,Sankari_Trchngrd_D (Tamil Nadu),Erode (Tamil Nadu),21.739,10,0.4,0.0,40.7,48.8,8.2,2978.0,1052.0,1926.0,0.922,0.878,4388.0,2402.0,Carting,1986.0,<50km,thin(<1.5/d)
IND125051AAA -> IND125111AAA,Ratia_SchdvDPP_D (Haryana),Fatehabad_BhunaDPP_D (Haryana),21.792,4,0.16,0.002,76.3,61.7,-14.7,2979.0,1054.0,1926.0,0.789,0.632,4219.0,2048.0,Carting,2172.0,<50km,thin(<1.5/d)
IND249201AAA -> IND249407AAA,Rishikesh_DC (Uttarakhand),Haridwar (Uttarakhand),21.899,14,0.56,0.002,170.5,121.4,-49.2,2982.0,1057.0,1925.0,0.973,0.948,4562.0,2566.0,Carting,1996.0,<50km,thin(<1.5/d)
IND700065AAA -> IND712311AAA,CCU_Beliaghata_DPC (West Bengal),Kolkata_Dankuni_HB (West Bengal),21.899,22,0.88,0.0,54.4,61.0,6.6,2982.0,1057.0,1925.0,0.952,0.946,4446.0,2516.0,Carting,1929.0,<50km,thin(<1.5/d)
IND600119AAA -> IND600016AAC,Chennai_Sholinganallur_Dc (Tamil Nadu),Chennai_Perungudi_DPC (Tamil Nadu),21.924,10,0.4,0.0,63.2,63.7,0.5,2982.0,1058.0,1925.0,0.981,0.97,4498.0,2558.0,Carting,1941.0,<50km,thin(<1.5/d)
IND110037AAM -> IND110085AAB,Delhi_Airport_H (Delhi),Delhi_Rohini_DPC (Delhi),21.94,22,0.88,0.054,73.1,57.5,-15.7,2983.0,1058.0,1924.0,0.957,0.951,4701.0,2756.0,Carting,1945.0,<50km,thin(<1.5/d)
IND600116AAB -> IND602024AAA,Chennai_Porur_DPC (Tamil Nadu),Chennai_Vepmpttu_DC (Tamil Nadu),21.98,10,0.4,0.003,48.1,42.9,-5.1,2984.0,1059.0,1924.0,0.988,0.982,4511.0,2574.0,Carting,1937.0,<50km,thin(<1.5/d)
IND700144AAA -> IND743395AAA,Baruipur_Bnsibtla_D (West Bengal),Jaynagar_MjlprDPP_D (West Bengal),22.009,4,0.16,0.0,50.8,48.0,-2.8,2984.0,1060.0,1924.0,0.979,0.969,4489.0,2548.0,Carting,1941.0,<50km,thin(<1.5/d)
IND302026AAA -> IND302014AAB,Jaipur_Bhankrot_DC (Rajasthan),Jaipur_Central_I_7 (Rajasthan),22.119,3,0.12,0.0,58.0,68.5,10.5,2987.0,1064.0,1923.0,0.971,0.965,4482.0,2557.0,Carting,1925.0,<50km,thin(<1.5/d)
IND175018AAA -> IND175001AAA,SundarNgr_Bhogpur_D (Himachal Pradesh),Mandi_PlaceCol_D (Himachal Pradesh),22.132,16,0.64,0.002,40.5,37.8,-2.7,2987.0,1064.0,1923.0,0.974,0.916,4485.0,2473.0,Carting,2012.0,<50km,thin(<1.5/d)
IND560078AAC -> IND560099AAB,BLR_JPNagar_Pc (Karnataka),Bengaluru_Bomsndra_HB (Karnataka),22.164,20,0.8,0.0,47.7,51.6,4.0,2988.0,1065.0,1923.0,0.948,0.938,4442.0,2507.0,Carting,1935.0,<50km,thin(<1.5/d)
IND400072AAB -> IND400701AAB,Mumbai Hub (Maharashtra),Mumbai_Pawane_L (Maharashtra),22.205,3,0.12,0.006,51.4,51.8,0.4,2989.0,1066.0,1922.0,0.986,0.985,4528.0,2605.0,Carting,1923.0,<50km,thin(<1.5/d)
IND683511AAA -> IND000000ADM,Aluva_Peedika_H (Kerala),Cochin_Kdvantra_D (Kerala),22.25,13,0.52,0.021,64.3,48.9,-15.4,2989.0,1067.0,1922.0,0.922,0.853,4500.0,2459.0,Carting,2041.0,<50km,thin(<1.5/d)
IND841101AAA -> IND841207AAB,Sonepur_Sabalpur_D (Bihar),Dighwara_SadarHPL_D (Bihar),22.268,3,0.12,0.0,34.1,40.5,6.4,2990.0,1068.0,1922.0,0.926,0.884,4401.0,2421.0,Carting,1980.0,<50km,thin(<1.5/d)
IND700065AAB -> IND712310AAA,CCU_Beleghta_CP (West Bengal),Kolkata_Dankuni_P (West Bengal),22.308,15,0.6,0.0,49.9,59.4,9.5,2991.0,1069.0,1922.0,0.926,0.884,4413.0,2435.0,Carting,1978.0,<50km,thin(<1.5/d)
IND643231AAA -> IND643217AAA,Coonoor_Fairybnk_D (Tamil Nadu),Kotagiri_CroslySRT_D (Tamil Nadu),22.333,11,0.44,0.0,80.6,90.7,10.1,2991.0,1070.0,1921.0,0.92,0.826,4426.0,2369.0,Carting,2056.0,<50km,thin(<1.5/d)
IND521201AAA -> IND521105AAA,Nuzvid_Ward17_D (Andhra Pradesh),HanumanJNC_VijywdRD_D (Andhra Pradesh),22.355,3,0.12,0.001,50.3,42.0,-8.2,2992.0,1071.0,1921.0,0.985,0.975,4508.0,2567.0,Carting,1941.0,<50km,thin(<1.5/d)
IND400072AAB -> IND000000AFT,Mumbai Hub (Maharashtra),Mumbai_Sanpada_I (Maharashtra),22.367,67,2.68,0.006,54.1,54.5,0.4,2992.0,1071.0,1921.0,0.986,0.985,4533.0,2612.0,Carting,1922.0,<50km,medium(1.5-4/d)
IND713205AAB -> IND713148AAA,Durgapur_Central_I_1 (West Bengal),Panagarh_Central_D_1 (West Bengal),22.388,3,0.12,0.014,70.2,60.6,-9.5,2993.0,1072.0,1921.0,0.994,0.99,4594.0,2661.0,Carting,1934.0,<50km,thin(<1.5/d)
IND205135AAA -> IND283203AAA,Shikohabad_Katrmira_D (Uttar Pradesh),Firozabad_Sudmpuri_D (Uttar Pradesh),22.39,13,0.52,0.0,43.5,38.4,-5.1,2993.0,1072.0,1921.0,0.961,0.951,4464.0,2525.0,Carting,1939.0,<50km,thin(<1.5/d)
IND679329AAA -> IND673639AAA,Nilambur_StteHW28_D (Kerala),Areacode_Puthalam_D (Kerala),22.458,3,0.12,0.0,47.2,57.4,10.2,2994.0,1074.0,1920.0,0.926,0.884,4414.0,2438.0,Carting,1976.0,<50km,thin(<1.5/d)
IND395023AAD -> IND396445AAA,Surat_Central_I_4 (Gujarat),Navsari_DC (Gujarat),22.556,7,0.28,0.0,36.1,32.5,-3.6,2996.0,1077.0,1920.0,0.974,0.964,4481.0,2544.0,Carting,1937.0,<50km,thin(<1.5/d)
IND700028AAB -> IND712311AAA,CCU_DumDum_DPC (West Bengal),Kolkata_Dankuni_HB (West Bengal),22.598,10,0.4,0.0,50.7,49.3,-1.4,2997.0,1078.0,1919.0,0.988,0.983,4515.0,2588.0,Carting,1928.0,<50km,thin(<1.5/d)
IND421302AAG -> IND000000AFT,Bhiwandi_Mankoli_HB (Maharashtra),Mumbai_Sanpada_I (Maharashtra),22.632,54,2.16,0.061,78.8,68.5,-10.3,2998.0,1079.0,1919.0,0.998,0.996,4822.0,2893.0,Carting,1929.0,<50km,medium(1.5-4/d)
IND736135AAA -> IND736101AAA,Dinhata_WrdN4DPP_D (West Bengal),CoochBehar_Psthrjhr_D (West Bengal),22.635,6,0.24,0.0,50.7,43.1,-7.5,2998.0,1079.0,1919.0,0.967,0.895,4482.0,2450.0,Carting,2032.0,<50km,thin(<1.5/d)
IND852201AAA -> IND852113AAA,Saharsa_Gangjala_D (Bihar),Madhepura_Krishnpr_D (Bihar),22.656,17,0.68,0.0,47.4,42.0,-5.3,2998.0,1080.0,1919.0,0.989,0.985,4516.0,2587.0,Carting,1929.0,<50km,thin(<1.5/d)
IND614602AAA -> IND614804AAA,Pattukotai_anthniyr_D (Tamil Nadu),Peravurani_SH71_D (Tamil Nadu),22.698,16,0.64,0.0,53.0,71.9,19.0,2999.0,1081.0,1918.0,0.911,0.866,4402.0,2428.0,Carting,1974.0,<50km,thin(<1.5/d)
IND638452AAA -> IND638501AAB,Gobicheti_Ward25_D (Tamil Nadu),Anthiyour_TherSRT_D (Tamil Nadu),22.725,3,0.12,0.0,54.3,42.9,-11.4,3000.0,1082.0,1918.0,0.827,0.769,4276.0,2264.0,Carting,2013.0,<50km,thin(<1.5/d)
IND781014AAA -> IND781102AAA,Guwahati_Jalukbari (Assam),Hajo_Sardala_D (Assam),22.767,4,0.16,0.0,38.6,52.5,13.8,3001.0,1083.0,1918.0,0.911,0.866,4394.0,2417.0,Carting,1977.0,<50km,thin(<1.5/d)
IND632301AAA -> IND606803AAA,Arani_KrthiKyn_D (Tamil Nadu),Polur_StationRD_D (Tamil Nadu),22.814,11,0.44,0.001,38.9,39.7,0.8,3002.0,1084.0,1917.0,0.966,0.951,4480.0,2540.0,Carting,1939.0,<50km,thin(<1.5/d)
IND211008AAA -> IND211002AAB,Allahabad_Central_D_3 (Uttar Pradesh),Allahabad_Central_H_1 (Uttar Pradesh),22.834,4,0.16,0.0,35.3,48.0,12.6,3002.0,1085.0,1917.0,0.911,0.866,4393.0,2416.0,Carting,1977.0,<50km,thin(<1.5/d)
IND400701AAB -> IND421302AAG,Mumbai_Pawane_L (Maharashtra),Bhiwandi_Mankoli_HB (Maharashtra),22.873,26,1.04,0.0,40.6,55.1,14.5,3003.0,1086.0,1917.0,0.961,0.954,4472.0,2554.0,Carting,1918.0,<50km,thin(<1.5/d)
IND421302AAG -> IND400701AAB,Bhiwandi_Mankoli_HB (Maharashtra),Mumbai_Pawane_L (Maharashtra),22.881,22,0.88,0.061,80.3,70.2,-10.2,3003.0,1086.0,1917.0,0.998,0.996,4828.0,2901.0,Carting,1927.0,<50km,thin(<1.5/d)
IND801103AAA -> IND802301AAA,Bihta_ShivNgar_D (Bihar),Arrah_Katira_D (Bihar),22.883,11,0.44,0.0,35.3,48.0,12.6,3003.0,1086.0,1917.0,0.911,0.866,4394.0,2417.0,Carting,1977.0,<50km,thin(<1.5/d)
IND272207AAB -> IND272153AAC,Naugarh_Central_D_1 (Uttar Pradesh),Bansi_GangDPP_D (Uttar Pradesh),22.943,3,0.12,0.0,37.5,51.0,13.4,3005.0,1088.0,1916.0,0.911,0.866,4397.0,2421.0,Carting,1976.0,<50km,thin(<1.5/d)
IND231205AAA -> IND231216AAA,Chopan_PreetDPP_D (Uttar Pradesh),Robertsganj_ArtoDPP_D (Uttar Pradesh),22.997,3,0.12,0.0,41.1,33.5,-7.6,3006.0,1090.0,1916.0,0.876,0.695,4347.0,2155.0,Carting,2191.0,<50km,thin(<1.5/d)
IND201204AAA -> IND250002AAA,Modinagar_SikriKla_DC (Uttar Pradesh),Meerut (Uttar Pradesh),23.083,6,0.24,0.0,52.7,64.9,12.2,3008.0,1093.0,1915.0,0.98,0.977,4515.0,2603.0,Carting,1912.0,<50km,thin(<1.5/d)
IND452001AAC -> IND425201AAA,Jalgaon_DC (Maharashtra),Bhusawal_Samarth_D (Maharashtra),23.091,7,0.28,0.0,40.4,31.8,-8.6,3008.0,1093.0,1915.0,0.942,0.926,4448.0,2502.0,Carting,1946.0,<50km,thin(<1.5/d)
IND854334AAA -> IND852118A1B,Raniganj_Central_DPP_1 (Bihar),,23.155,7,0.28,0.001,36.7,38.9,2.1,3009.0,1095.0,1915.0,0.981,0.976,4510.0,2590.0,Carting,1920.0,<50km,thin(<1.5/d)
IND275303AAA -> IND276140AAA,Dohrighat_AzmrdDPP_D (Uttar Pradesh),Jiyanpur_Central_DPP_1 (Uttar Pradesh),23.163,4,0.16,0.0,35.3,26.6,-8.7,3010.0,1095.0,1915.0,0.951,0.933,4460.0,2513.0,Carting,1947.0,<50km,thin(<1.5/d)
IND507002AAA -> IND507159AAA,Khammam_NSTRoad_I (Telangana),Kusumnchi_SKRoad_D (Telangana),23.175,3,0.12,0.005,48.3,43.7,-4.5,3010.0,1095.0,1915.0,0.981,0.974,4534.0,2606.0,Carting,1928.0,<50km,thin(<1.5/d)
IND713303AAA -> IND713364AAB,Asansol_DC (West Bengal),Rupnarayanpur_Salanpur_D (West Bengal),23.333,6,0.24,0.0,34.5,38.3,3.8,3013.0,1100.0,1913.0,0.962,0.939,4481.0,2536.0,Carting,1945.0,<50km,thin(<1.5/d)
IND201301AAL -> IND201301AAF,Dadri_ICDCant_D (Uttar Pradesh),Noida_Sec 02_DPC (Uttar Pradesh),23.382,11,0.44,0.0,38.6,39.9,1.3,3014.0,1101.0,1913.0,0.952,0.905,4469.0,2488.0,Carting,1982.0,<50km,thin(<1.5/d)
IND843320AAA -> IND847223AAA,Pupri_SngihiRD_D (Bihar),Benipatti_WardNo1_D (Bihar),23.408,8,0.32,0.001,47.8,40.9,-6.9,3015.0,1102.0,1913.0,0.986,0.978,4531.0,2602.0,Carting,1930.0,<50km,thin(<1.5/d)
IND400701AAA -> IND410206AAA,Mumbai_Ghansoli_DC (Maharashtra),Jasai_JNPT_D (Maharashtra),23.441,17,0.68,0.001,36.9,40.8,3.9,3016.0,1103.0,1912.0,0.991,0.988,4531.0,2615.0,Carting,1916.0,<50km,thin(<1.5/d)
IND530012AAA -> IND531001AAA,Visakhapatnam_Gajuwaka_IP (Andhra Pradesh),Anakapalle_Kothuru_D (Andhra Pradesh),23.446,5,0.2,0.033,63.3,51.4,-11.9,3016.0,1103.0,1912.0,0.995,0.992,4700.0,2774.0,Carting,1926.0,<50km,thin(<1.5/d)
IND212501AAA -> IND212402AAA,Soraon_BypassRD_D (Uttar Pradesh),Phulpur_Shekhpur_D (Uttar Pradesh),23.478,13,0.52,0.0,43.8,47.7,3.9,3017.0,1104.0,1912.0,0.979,0.975,4516.0,2600.0,Carting,1916.0,<50km,thin(<1.5/d)
IND788806AAA -> IND788026AAC,Badarpur_Konapara_D (Assam),Silchar_Sirikona_H (Assam),23.492,9,0.36,0.001,37.1,32.8,-4.2,3017.0,1105.0,1912.0,0.986,0.977,4526.0,2597.0,Carting,1929.0,<50km,thin(<1.5/d)
IND000000AFT -> IND421302AAG,Mumbai_Sanpada_I (Maharashtra),Bhiwandi_Mankoli_HB (Maharashtra),23.498,15,0.6,0.005,55.7,57.2,1.6,3017.0,1105.0,1912.0,0.99,0.989,4561.0,2647.0,Carting,1913.0,<50km,thin(<1.5/d)
IND691001AAB -> IND691506AAA,Kollam_Central_H_1 (Kerala),Kottarakkara_Amankovl_D (Kerala),23.498,21,0.84,0.006,44.7,42.6,-2.2,3017.0,1105.0,1912.0,0.919,0.927,4450.0,2549.0,Carting,1901.0,<50km,thin(<1.5/d)
IND401104AAA -> IND401208AAA,Mumbai_MiraRd_IP (Maharashtra),Nalasopara (Maharashtra),23.5,37,1.48,0.001,43.9,46.9,3.0,3017.0,1105.0,1912.0,0.981,0.975,4523.0,2605.0,Carting,1919.0,<50km,thin(<1.5/d)
IND842001AAA -> IND843105AAB,Muzaffrpur_Bbganj_I (Bihar),Dholi_WardNo4_D (Bihar),23.519,20,0.8,0.025,47.3,41.8,-5.5,3017.0,1106.0,1912.0,0.992,0.982,4646.0,2716.0,Carting,1930.0,<50km,thin(<1.5/d)
IND848114AAA -> IND848210AAA,DalsinghSarai_Wardno13_D (Bihar),Rusera_Wardno4_D (Bihar),23.528,21,0.84,0.001,41.7,42.4,0.8,3018.0,1106.0,1912.0,0.983,0.98,4525.0,2610.0,Carting,1915.0,<50km,thin(<1.5/d)
IND403726AAB -> IND403401AAA,Goa_ZuariNgr_IP (Goa),Goa_Ponda_Dc (Goa),23.542,6,0.24,0.0,57.0,45.9,-11.1,3018.0,1106.0,1912.0,0.934,0.899,4457.0,2485.0,Carting,1972.0,<50km,thin(<1.5/d)
IND142026AAA -> IND141109AAA,Jagraon_DC (Punjab),Raikot_DC (Punjab),23.548,18,0.72,0.0,58.4,83.5,25.0,3018.0,1106.0,1912.0,0.951,0.938,4483.0,2570.0,Carting,1914.0,<50km,thin(<1.5/d)
IND277211AAA -> IND277201AAA,Sahatwar_PnchmDPP_D (Uttar Pradesh),Bariya_BgnprDPP_D (Uttar Pradesh),23.558,5,0.2,0.0,37.3,36.8,-0.4,3018.0,1107.0,1912.0,0.969,0.945,4498.0,2550.0,Carting,1948.0,<50km,thin(<1.5/d)
IND700136AAG -> IND712310AAA,Kolkata_Narynpur_C (West Bengal),Kolkata_Dankuni_P (West Bengal),23.59,23,0.92,0.0,41.6,53.6,12.0,3019.0,1108.0,1911.0,0.905,0.884,4405.0,2469.0,Carting,1935.0,<50km,thin(<1.5/d)
IND786125AAA -> IND786190AAA,Tinusukia_Chrwpaty_D (Assam),DoomDooma_Pthrgoan_D (Assam),23.594,7,0.28,0.0,45.7,49.5,3.8,3019.0,1108.0,1911.0,0.965,0.966,4498.0,2589.0,Carting,1908.0,<50km,thin(<1.5/d)
IND733134AAA -> IND733129AAB,Raiganj_SubrtDPP_D (West Bengal),Kaliyaganj_Central_DPP_1 (West Bengal),23.596,3,0.12,0.001,51.0,50.2,-0.8,3019.0,1108.0,1911.0,0.982,0.977,4530.0,2611.0,Carting,1919.0,<50km,thin(<1.5/d)
IND611001AAA -> IND610001AAA,Nagapttinm_Sttyapar_D (Tamil Nadu),Thiruvarur_Bypasrd_D (Tamil Nadu),23.654,10,0.4,0.003,39.9,36.0,-4.0,3020.0,1110.0,1911.0,0.99,0.985,4545.0,2623.0,Carting,1922.0,<50km,thin(<1.5/d)
IND632006AAA -> IND632402AAA,Vellore_GndhiNgr_IP (Tamil Nadu),Ranipet_MBTRd_DC (Tamil Nadu),23.677,8,0.32,0.004,67.0,65.7,-1.2,3021.0,1110.0,1911.0,0.98,0.976,4554.0,2637.0,Carting,1917.0,<50km,thin(<1.5/d)
IND241124AAB -> IND242001AAA,Shahabad_KDRoad_D (Uttar Pradesh),Shahjhnpur_NavdaCln_D (Uttar Pradesh),23.759,4,0.16,0.002,38.3,38.9,0.6,3023.0,1113.0,1910.0,0.937,0.819,4464.0,2376.0,Carting,2088.0,<50km,thin(<1.5/d)
IND385001AAA -> IND385535AAA,Palanpur_DC (Gujarat),Deesa_HawaiPlr_DC (Gujarat),23.783,14,0.56,0.0,29.3,31.4,2.2,3023.0,1113.0,1910.0,0.979,0.974,4513.0,2597.0,Carting,1915.0,<50km,thin(<1.5/d)
IND732103AAB -> IND732202AAA,Malda_Central_I_3 (West Bengal),Manikchak_Enayetpr_D (West Bengal),23.783,8,0.32,0.003,51.6,51.8,0.2,3023.0,1113.0,1910.0,0.981,0.976,4544.0,2626.0,Carting,1918.0,<50km,thin(<1.5/d)
IND741126AAB -> IND741156AAA,Nakashipara_MaxDPP_D (West Bengal),Plassey_BtaiRoad_D (West Bengal),23.831,20,0.8,0.001,36.2,40.0,3.8,3024.0,1115.0,1909.0,0.973,0.936,4514.0,2551.0,Carting,1963.0,<50km,thin(<1.5/d)
IND854334AAA -> IND852118AAA,Raniganj_Central_DPP_1 (Bihar),Forbesganj_JhumanCk_D (Bihar),23.877,7,0.28,0.001,33.2,38.3,5.1,3025.0,1116.0,1909.0,0.978,0.974,4519.0,2608.0,Carting,1911.0,<50km,thin(<1.5/d)
IND600016AAC -> IND600119AAA,Chennai_Perungudi_DPC (Tamil Nadu),Chennai_Sholinganallur_Dc (Tamil Nadu),23.887,11,0.44,0.001,48.5,52.9,4.4,3026.0,1117.0,1909.0,0.949,0.931,4487.0,2553.0,Carting,1933.0,<50km,thin(<1.5/d)
IND148101AAA -> IND148102AAA,Barnala_DC (Punjab),Bhadaur_BChwkDPP_D (Punjab),23.934,5,0.2,0.0,43.2,55.0,11.8,3027.0,1118.0,1909.0,0.887,0.853,4388.0,2435.0,Carting,1953.0,<50km,thin(<1.5/d)
IND621211AAA -> IND621010AAA,Musiri_ThryrRD_D (Tamil Nadu),Thuraiyur_Mthrapuri_D (Tamil Nadu),23.969,15,0.6,0.0,43.5,59.0,15.6,3027.0,1119.0,1908.0,0.902,0.896,4409.0,2502.0,Carting,1907.0,<50km,thin(<1.5/d)
IND231225AAB -> IND486886AAA,Anpara_Parasi_D (Uttar Pradesh),Singrauli_Waidhan_D (Madhya Pradesh),23.977,7,0.28,0.0,52.8,51.5,-1.3,3027.0,1119.0,1908.0,0.945,0.887,4479.0,2485.0,Carting,1995.0,<50km,thin(<1.5/d)
IND425508AAB -> IND450331AAA,Raver_Truptingr_D (Maharashtra),Burhanpur_StRoad_D (Madhya Pradesh),24.001,16,0.64,0.0,32.3,31.5,-0.9,3028.0,1120.0,1908.0,0.918,0.906,4427.0,2501.0,Carting,1926.0,<50km,thin(<1.5/d)
IND282001AAF -> IND283122AAB,Agra_Central_D_3 (Uttar Pradesh),Kirauli_AchneraRD_D (Uttar Pradesh),24.003,18,0.72,0.0,35.6,48.3,12.7,3028.0,1120.0,1908.0,0.902,0.896,4404.0,2496.0,Carting,1908.0,<50km,thin(<1.5/d)
IND591237AAB -> IND591201AAA,Nipani_AkkolRD_D (Karnataka),Chikodi_IndraNgr_D (Karnataka),24.023,4,0.16,0.002,40.6,45.9,5.3,3029.0,1121.0,1908.0,0.914,0.895,4435.0,2502.0,Carting,1933.0,<50km,thin(<1.5/d)
IND177001AAA -> IND176110AAB,Hamirpur_GutmgrCl_D (Himachal Pradesh),Sujanpur_SainkSCL_D (Himachal Pradesh),24.068,7,0.28,0.0,43.5,59.0,15.6,3029.0,1122.0,1907.0,0.902,0.896,4411.0,2505.0,Carting,1906.0,<50km,thin(<1.5/d)
IND335803AAA -> IND335804AAD,Pilibanga_BsstdDPP_D (Rajasthan),Suratgarh_Central_DPP_2 (Rajasthan),24.072,7,0.28,0.002,38.8,38.1,-0.7,3030.0,1122.0,1907.0,0.754,0.623,4193.0,2087.0,Carting,2106.0,<50km,thin(<1.5/d)
IND244713AAA -> IND263401AAA,Kashipur_Vaishali_D (Uttarakhand),Kashipur_BajprDPP_D (Uttarakhand),24.233,16,0.64,0.001,45.9,51.7,5.9,3033.0,1127.0,1906.0,0.975,0.965,4529.0,2611.0,Carting,1918.0,<50km,thin(<1.5/d)
IND621802AAA -> IND608301AAA,Jayamkondan_Chithbrm_D (Tamil Nadu),Lalpet_PriyrNGR_D (Tamil Nadu),24.29,10,0.4,0.0,38.2,39.9,1.8,3034.0,1129.0,1906.0,0.957,0.944,4495.0,2571.0,Carting,1924.0,<50km,thin(<1.5/d)
IND575004AAB -> IND671323AAD,Mangalore_Kuntikna_H (Karnataka),Manjeshwar_Central_D_1 (Kerala),24.326,3,0.12,0.013,71.6,73.9,2.3,3035.0,1130.0,1905.0,0.987,0.983,4621.0,2711.0,Carting,1910.0,<50km,thin(<1.5/d)
IND341512AAA -> IND341505AAA,Parbatsar_AjmhwDPP_D (Rajasthan),Makrana_Mwalibad_D (Rajasthan),24.384,5,0.2,0.002,48.5,55.7,7.1,3036.0,1132.0,1905.0,0.972,0.954,4534.0,2606.0,Carting,1928.0,<50km,thin(<1.5/d)
IND302014AAB -> IND303901AAA,Jaipur_Central_I_7 (Rajasthan),Chaksu_TonkRoad_D (Rajasthan),24.448,10,0.4,0.0,47.1,53.5,6.5,3038.0,1133.0,1904.0,0.936,0.9,4473.0,2520.0,Carting,1954.0,<50km,thin(<1.5/d)
IND000000AAL -> IND411033AAA,Pune_PC (Maharashtra),Pune_Tathawde_H (Maharashtra),24.501,18,0.72,0.0,49.9,69.5,19.6,3039.0,1135.0,1904.0,0.914,0.954,4444.0,2612.0,Carting,1831.0,<50km,thin(<1.5/d)
IND247776AAA -> IND251309AAB,Shamli_KarnalRd_D (Uttar Pradesh),Budhana_Busstand_D (Uttar Pradesh),24.524,9,0.36,0.001,35.3,38.9,3.6,3040.0,1136.0,1904.0,0.98,0.985,4536.0,2643.0,Carting,1893.0,<50km,thin(<1.5/d)
IND562132AAA -> IND560002AAA,Bangalore_Nelmngla_H (Karnataka),Bengaluru_KHRoad_I (Karnataka),24.534,25,1.0,0.089,84.9,57.1,-27.8,3040.0,1136.0,1904.0,0.972,0.916,4943.0,2914.0,Carting,2029.0,<50km,thin(<1.5/d)
IND500008AAC -> IND501359AAE,Hyderabad_Tolichwk_I (Telangana),Hyderabad_Shamshbd_H (Telangana),24.568,12,0.48,0.0,82.3,91.5,9.3,3040.0,1137.0,1903.0,0.922,0.884,4479.0,2525.0,Carting,1954.0,<50km,thin(<1.5/d)
IND534001AAA -> IND521333AAA,Eluru_Agraharm_DC (Andhra Pradesh),Kaikaluru_Atapaka_D (Andhra Pradesh),24.587,14,0.56,0.001,44.3,47.8,3.5,3041.0,1138.0,1903.0,0.973,0.964,4536.0,2621.0,Carting,1915.0,<50km,thin(<1.5/d)
IND411033AAA -> IND000000AAL,Pune_Tathawde_H (Maharashtra),Pune_PC (Maharashtra),24.673,17,0.68,0.054,93.8,69.2,-24.7,3043.0,1140.0,1903.0,0.994,0.981,4838.0,2897.0,Carting,1941.0,<50km,thin(<1.5/d)
IND110044AAB -> IND110037AAM,Del_Okhla_PC (Delhi),Delhi_Airport_H (Delhi),24.686,3,0.12,0.003,43.7,43.3,-0.4,3043.0,1141.0,1903.0,0.988,0.985,4567.0,2659.0,Carting,1908.0,<50km,thin(<1.5/d)
IND606803AAA -> IND606801AAB,Polur_StationRD_D (Tamil Nadu),Chetpet_Blmrgnst_D (Tamil Nadu),24.689,13,0.52,0.0,42.7,51.8,9.1,3043.0,1141.0,1902.0,0.944,0.92,4490.0,2556.0,Carting,1934.0,<50km,thin(<1.5/d)
IND486886AAA -> IND486889AAA,Singrauli_Waidhan_D (Madhya Pradesh),Singrauli_Ward8DPP_D (Madhya Pradesh),24.724,7,0.28,0.0,44.9,47.3,2.4,3044.0,1142.0,1902.0,0.948,0.923,4495.0,2557.0,Carting,1938.0,<50km,thin(<1.5/d)
IND733129AAB -> IND733129AAA,Kaliyaganj_Central_DPP_1 (West Bengal),Kaliyaganj_FatprDPP_D (West Bengal),24.728,5,0.2,0.0,45.2,48.5,3.2,3044.0,1142.0,1902.0,0.971,0.95,4533.0,2600.0,Carting,1932.0,<50km,thin(<1.5/d)
IND507159AAA -> IND507002AAA,Kusumnchi_SKRoad_D (Telangana),Khammam_NSTRoad_I (Telangana),24.735,8,0.32,0.0,38.5,44.9,6.4,3044.0,1142.0,1902.0,0.901,0.96,4421.0,2612.0,Carting,1809.0,<50km,thin(<1.5/d)
IND110037AAM -> IND110024AAA,Delhi_Airport_H (Delhi),Delhi_Lajpat_IP (Delhi),24.737,14,0.56,0.054,78.4,54.2,-24.2,3044.0,1142.0,1902.0,0.952,0.946,4757.0,2828.0,Carting,1929.0,<50km,thin(<1.5/d)
IND571438AAB -> IND571401AAA,Srirangapatna_Bburynkpl_D (Karnataka),Mandya_Dc (Karnataka),24.747,9,0.36,0.0,61.7,83.7,22.0,3044.0,1142.0,1902.0,0.887,0.915,4416.0,2571.0,Carting,1845.0,<50km,thin(<1.5/d)
IND560060AAB -> IND562132AAA,Bengaluru_Kengeri_IP (Karnataka),Bangalore_Nelmngla_H (Karnataka),24.756,19,0.76,0.0,43.4,48.2,4.8,3045.0,1143.0,1902.0,0.863,0.905,4369.0,2533.0,Carting,1836.0,<50km,thin(<1.5/d)
IND575004AAB -> IND574211AAA,Mangalore_Kuntikna_H (Karnataka),Bantwal_Trmltmpl_D (Karnataka),24.774,8,0.32,0.013,43.9,44.7,0.8,3045.0,1143.0,1902.0,0.982,0.977,4606.0,2696.0,Carting,1909.0,<50km,thin(<1.5/d)
IND805110AAD -> IND803116AAA,Nawada_Central_DPP_2 (Bihar),Rajgir_PnditNGR_D (Bihar),24.829,9,0.36,0.0,44.4,44.4,0.0,3046.0,1145.0,1901.0,0.952,0.867,4504.0,2474.0,Carting,2030.0,<50km,thin(<1.5/d)
IND713128AAB -> IND731204AAB,Guskhara_Itachnda_D (West Bengal),Bolpur_WebelDPP_D (West Bengal),24.96,13,0.52,0.001,38.2,40.8,2.6,3049.0,1149.0,1900.0,0.938,0.918,4487.0,2558.0,Carting,1929.0,<50km,thin(<1.5/d)
IND274304AAB -> IND274301AAB,Padrauna_BawliDPPP_D (Uttar Pradesh),Kaptanganj_Subshngr_D (Uttar Pradesh),25.077,13,0.52,0.001,38.2,42.7,4.4,3052.0,1152.0,1899.0,0.97,0.965,4536.0,2632.0,Carting,1904.0,<50km,thin(<1.5/d)
IND757025AAA -> IND757001AAA,Betnoti_MhliaDPP_D (Orissa),Baripada_KalikDPP_D (Orissa),25.096,6,0.24,0.0,32.5,37.6,5.1,3052.0,1153.0,1899.0,0.975,0.969,4539.0,2633.0,Carting,1906.0,<50km,thin(<1.5/d)
IND403726AAB -> IND403507AAA,Goa_ZuariNgr_IP (Goa),Panaji Goa (Goa),25.099,5,0.2,0.0,63.0,52.8,-10.2,3052.0,1153.0,1899.0,0.928,0.889,4487.0,2521.0,Carting,1966.0,<50km,thin(<1.5/d)
IND742121AAA -> IND742101AAC,Nowda_AmtlaDPP_D (West Bengal),Baharampur_Chuanpur_I (West Bengal),25.136,6,0.24,0.001,65.7,73.6,7.8,3053.0,1154.0,1899.0,0.982,0.976,4575.0,2672.0,Carting,1903.0,<50km,thin(<1.5/d)
IND689101AAA -> IND690548AAA,Tiruvalla_TKRoad_D (Kerala),Haripad_Kumrpurm_D (Kerala),25.15,4,0.16,0.001,48.1,51.9,3.8,3053.0,1154.0,1899.0,0.95,0.93,4516.0,2590.0,Carting,1926.0,<50km,thin(<1.5/d)
IND585211AAA -> IND585222AAA,Chittapur_GlbrgaRD_D (Karnataka),Sedam_DBRCmplx_D (Karnataka),25.184,17,0.68,0.001,46.9,46.7,-0.2,3054.0,1156.0,1899.0,0.973,0.962,4549.0,2632.0,Carting,1917.0,<50km,thin(<1.5/d)
IND506143AAA -> IND506167AAB,Ghanpur_Palakrty_D (Telangana),Jangaon_Hanmkond_D (Telangana),25.246,16,0.64,0.004,33.6,29.0,-4.6,3055.0,1157.0,1898.0,0.967,0.948,4544.0,2614.0,Carting,1930.0,<50km,thin(<1.5/d)
IND854311AAA -> IND854334AAA,Araria_Wardn13_D (Bihar),Raniganj_Central_DPP_1 (Bihar),25.253,8,0.32,0.0,51.4,55.8,4.4,3056.0,1158.0,1898.0,0.986,0.978,4571.0,2664.0,Carting,1907.0,<50km,thin(<1.5/d)
IND751015AAA -> IND752056AAA,Bhubaneshwar_Nayapalli (Orissa),Khurdha_MdhsnDPP_D (Orissa),25.297,6,0.24,0.0,38.4,50.8,12.4,3057.0,1159.0,1898.0,0.891,0.918,4418.0,2570.0,Carting,1848.0,<50km,thin(<1.5/d)
IND638701AAA -> IND641607AAA,Kangayam_Thvlrsrt_D (Tamil Nadu),Tirupur_Koliplm_I (Tamil Nadu),25.324,17,0.68,0.0,47.9,42.2,-5.7,3057.0,1160.0,1897.0,0.969,0.955,4542.0,2621.0,Carting,1921.0,<50km,thin(<1.5/d)
IND843126AAA -> IND842001AAA,Saraiya_Wardno4_D (Bihar),Muzaffrpur_Bbganj_I (Bihar),25.358,10,0.4,0.0,33.1,40.7,7.6,3058.0,1161.0,1897.0,0.901,0.96,4431.0,2628.0,Carting,1803.0,<50km,thin(<1.5/d)
IND742121AAA -> IND742102AAB,Nowda_AmtlaDPP_D (West Bengal),Berhampore_Central_I_2 (West Bengal),25.362,12,0.48,0.001,65.7,73.6,7.8,3058.0,1161.0,1897.0,0.982,0.976,4580.0,2679.0,Carting,1901.0,<50km,thin(<1.5/d)
IND614804AAA -> IND614616AAA,Peravurani_SH71_D (Tamil Nadu),Aranthangi_HsptlRod_D (Tamil Nadu),25.367,16,0.64,0.0,49.2,46.2,-3.0,3058.0,1161.0,1897.0,0.87,0.806,4396.0,2401.0,Carting,1995.0,<50km,thin(<1.5/d)
IND501359AAG -> IND000000ACN,Hyderabad_South_R_11 (Telangana),Hyderabad_Mhdiptnm_C (Telangana),25.385,11,0.44,0.0,41.8,53.6,11.8,3058.0,1162.0,1897.0,0.889,0.921,4420.0,2579.0,Carting,1841.0,<50km,thin(<1.5/d)
IND562132AAA -> IND560060AAB,Bangalore_Nelmngla_H (Karnataka),Bengaluru_Kengeri_IP (Karnataka),25.448,24,0.96,0.089,106.0,46.4,-59.6,3060.0,1163.0,1896.0,0.973,0.92,4979.0,2942.0,Carting,2037.0,<50km,thin(<1.5/d)
IND302014AAB -> IND302023AAA,Jaipur_Central_I_7 (Rajasthan),Ambabadi_DC (Rajasthan),25.457,19,0.76,0.0,54.6,59.9,5.2,3060.0,1164.0,1896.0,0.94,0.908,4507.0,2566.0,Carting,1941.0,<50km,thin(<1.5/d)
IND400072AAD -> IND421302AAG,Mumbai_Chndivli_PC (Maharashtra),Bhiwandi_Mankoli_HB (Maharashtra),25.67,99,3.96,0.001,56.0,62.1,6.0,3065.0,1170.0,1895.0,0.978,0.975,4572.0,2677.0,Carting,1895.0,<50km,medium(1.5-4/d)
IND605010AAB -> IND607001AAA,Pondicherry_Vasanthm_I (Pondicherry),Cuddalore_KtsiGrsm_D (Tamil Nadu),25.686,12,0.48,0.007,64.3,64.6,0.2,3065.0,1171.0,1895.0,0.975,0.936,4602.0,2648.0,Carting,1954.0,<50km,thin(<1.5/d)
IND535558AAA -> IND535501AAB,Bobbili_ColegRd_D (Andhra Pradesh),Parvathipuram_Central_D_2 (Andhra Pradesh),25.712,20,0.8,0.002,45.9,46.1,0.3,3066.0,1171.0,1894.0,0.977,0.966,4568.0,2659.0,Carting,1910.0,<50km,thin(<1.5/d)
IND508277AAB -> IND508223AAA,Mothkur_Mainroad_D (Telangana),Thirumalagiri_Xroad_D (Telangana),25.718,11,0.44,0.0,59.2,76.9,17.7,3066.0,1172.0,1894.0,0.89,0.959,4441.0,2661.0,Carting,1779.0,<50km,thin(<1.5/d)
IND396321AAA -> IND396001AAA,Bilimora_DC (Gujarat),Valsad_DC (Gujarat),25.733,8,0.32,0.0,52.9,39.4,-13.5,3066.0,1172.0,1894.0,0.935,0.911,4504.0,2565.0,Carting,1939.0,<50km,thin(<1.5/d)
IND500008AAD -> IND501359AAE,Hyderabad_Tolichwk_L (Telangana),Hyderabad_Shamshbd_H (Telangana),25.733,6,0.24,0.0,50.9,62.5,11.5,3066.0,1172.0,1894.0,0.888,0.923,4432.0,2598.0,Carting,1834.0,<50km,thin(<1.5/d)
IND401209AAB -> IND401104AAA,Mumbai_Vasai_CP (Maharashtra),Mumbai_MiraRd_IP (Maharashtra),25.749,12,0.48,0.0,45.1,55.4,10.2,3066.0,1172.0,1894.0,0.888,0.923,4429.0,2594.0,Carting,1835.0,<50km,thin(<1.5/d)
IND251001AAA -> IND247554AAA,Muzaffrngr_MhmodNgr_D (Uttar Pradesh),Deoband_Ramvlg_D (Uttar Pradesh),25.76,12,0.48,0.0,51.4,54.4,2.9,3067.0,1173.0,1894.0,0.955,0.933,4535.0,2611.0,Carting,1924.0,<50km,thin(<1.5/d)
IND411033AAA -> IND411036AAA,Pune_Tathawde_H (Maharashtra),Pune_Mundhawa_L (Maharashtra),25.871,32,1.28,0.054,131.2,70.4,-60.8,3069.0,1176.0,1893.0,0.995,0.982,4890.0,2936.0,Carting,1955.0,<50km,thin(<1.5/d)
IND530043AAA -> IND531163AAA,Visakhapatnam_VislkNgr_DC (Andhra Pradesh),Bheemunipatnam_SaiTempl_D (Andhra Pradesh),25.892,12,0.48,0.0,46.7,46.6,-0.1,3070.0,1177.0,1893.0,0.979,0.974,4570.0,2670.0,Carting,1900.0,<50km,thin(<1.5/d)
IND411033AAA -> IND411014AAA,Pune_Tathawde_H (Maharashtra),PNQ Vadgaon Sheri DPC (Maharashtra),25.934,43,1.72,0.054,127.7,69.1,-58.7,3071.0,1178.0,1893.0,0.995,0.982,4889.0,2937.0,Carting,1953.0,<50km,medium(1.5-4/d)
IND000000ACK -> IND501359AAF,Hyderabad_Chikdply_C (Telangana),Hyderabad_Shamshbd_P (Telangana),25.955,32,1.28,0.0,48.8,59.8,11.0,3071.0,1179.0,1892.0,0.9,0.934,4454.0,2619.0,Carting,1835.0,<50km,thin(<1.5/d)
IND486771AAA -> IND486661AAA,Churhat_Central_DPP_1 (Madhya Pradesh),Sidhi_Padra_D (Madhya Pradesh),25.976,6,0.24,0.001,41.4,36.1,-5.3,3071.0,1179.0,1892.0,0.932,0.895,4503.0,2551.0,Carting,1952.0,<50km,thin(<1.5/d)
IND144001AAA -> IND144040AAA,Jalandhar_DC (Punjab),Nakodar_ChowkDPP_D (Punjab),26.034,16,0.64,0.001,46.1,47.9,1.8,3073.0,1181.0,1892.0,0.989,0.99,4590.0,2702.0,Carting,1888.0,<50km,thin(<1.5/d)
IND848101AAA -> IND844505AAB,Samastipur_Haripur_D (Bihar),HazratJandaha_HajiprRD_D (Bihar),26.04,16,0.64,0.001,52.0,43.0,-9.0,3073.0,1181.0,1892.0,0.95,0.945,4535.0,2630.0,Carting,1905.0,<50km,thin(<1.5/d)
IND624202AAA -> IND625218AAA,Batlagundu_RTOofice_D (Tamil Nadu),Vadipatti_lalaNGR_D (Tamil Nadu),26.06,11,0.44,0.0,48.0,42.8,-5.2,3073.0,1182.0,1892.0,0.944,0.925,4521.0,2598.0,Carting,1924.0,<50km,thin(<1.5/d)
IND147101AAA -> IND147105AAA,Samana_PODPP_D (Punjab),Patran_MheshNGR_D (Punjab),26.072,9,0.36,0.001,47.1,49.2,2.2,3074.0,1182.0,1891.0,0.969,0.957,4562.0,2654.0,Carting,1909.0,<50km,thin(<1.5/d)
IND144514AAA -> IND141115AAA,Nawanshahr_DC (Punjab),Machhiwara_MnBzrDPP_D (Punjab),26.132,5,0.2,0.0,60.2,65.1,4.9,3075.0,1184.0,1891.0,0.975,0.968,4580.0,2681.0,Carting,1899.0,<50km,thin(<1.5/d)
IND110020AAB -> IND110037AAM,OK_RPC (Delhi),Delhi_Airport_H (Delhi),26.135,3,0.12,0.0,45.6,53.5,7.9,3075.0,1184.0,1891.0,0.879,0.966,4424.0,2669.0,Carting,1755.0,<50km,thin(<1.5/d)
IND846004AAA -> IND847103AAA,Darbhanga (Bihar),Benipur_Javahar_D (Bihar),26.18,21,0.84,0.001,54.5,50.0,-4.5,3076.0,1185.0,1891.0,0.956,0.953,4550.0,2652.0,Carting,1898.0,<50km,thin(<1.5/d)
IND421401AAC -> IND421601AAB,Murbad_SnkunDPP_D (Maharashtra),Asangaon_Shahapur_D (Maharashtra),26.206,11,0.44,0.0,36.5,39.6,3.1,3077.0,1186.0,1890.0,0.987,0.984,4583.0,2691.0,Carting,1892.0,<50km,thin(<1.5/d)
IND585222AAA -> IND585211AAA,Sedam_DBRCmplx_D (Karnataka),Chittapur_GlbrgaRD_D (Karnataka),26.247,4,0.16,0.0,56.5,38.2,-18.4,3077.0,1187.0,1890.0,0.881,0.891,4436.0,2549.0,Carting,1887.0,<50km,thin(<1.5/d)
IND842001AAA -> IND843126AAA,Muzaffrpur_Bbganj_I (Bihar),Saraiya_Wardno4_D (Bihar),26.257,3,0.12,0.025,56.0,45.3,-10.7,3078.0,1188.0,1890.0,0.99,0.978,4709.0,2794.0,Carting,1915.0,<50km,thin(<1.5/d)
IND580028AAA -> IND580002AAA,Hubli_Adargchi_IP (Karnataka),Dharwad_Dc (Karnataka),26.289,7,0.28,0.014,67.2,48.8,-18.4,3078.0,1189.0,1890.0,0.992,0.984,4674.0,2761.0,Carting,1913.0,<50km,thin(<1.5/d)
IND403507AAA -> IND403726AAB,Panaji Goa (Goa),Goa_ZuariNgr_IP (Goa),26.31,3,0.12,0.0,86.3,111.7,25.5,3079.0,1189.0,1890.0,0.88,0.96,4456.0,2704.0,Carting,1752.0,<50km,thin(<1.5/d)
IND560002AAA -> IND562132AAA,Bengaluru_KHRoad_I (Karnataka),Bangalore_Nelmngla_H (Karnataka),26.345,22,0.88,0.005,87.0,82.0,-5.0,3080.0,1190.0,1889.0,0.981,0.976,4629.0,2730.0,Carting,1899.0,<50km,thin(<1.5/d)
IND500080AAB -> IND501359AAE,Hyderabad_Chikdply_I (Telangana),Hyderabad_Shamshbd_H (Telangana),26.359,19,0.76,0.0,46.3,48.8,2.4,3080.0,1191.0,1889.0,0.942,0.921,4526.0,2607.0,Carting,1919.0,<50km,thin(<1.5/d)
IND574211AAA -> IND574202AAA,Bantwal_Trmltmpl_D (Karnataka),Puttur_Darbe_DC (Karnataka),26.383,5,0.2,0.002,38.8,47.0,8.3,3080.0,1191.0,1889.0,0.937,0.921,4519.0,2611.0,Carting,1908.0,<50km,thin(<1.5/d)
IND140301AAA -> IND140001AAA,Chandigarh_Kharar_DC (Chandigarh),RoopNagar_ChotiHvl_DC (Punjab),26.495,21,0.84,0.001,56.3,52.4,-3.9,3083.0,1195.0,1888.0,0.983,0.977,4598.0,2700.0,Carting,1899.0,<50km,thin(<1.5/d)
IND689645AAA -> IND691551AAA,Pthnmthitt_Klskhrpt_D (Kerala),Adoor_Town_D (Kerala),26.55,15,0.6,0.0,42.9,44.5,1.7,3084.0,1196.0,1888.0,0.924,0.966,4498.0,2675.0,Carting,1824.0,<50km,thin(<1.5/d)
IND843329AAB -> IND843301AAA,Sheohar_Ward9DPP_D (Bihar),Sitamari_Durma_D (Bihar),26.59,13,0.52,0.0,46.2,57.9,11.7,3085.0,1198.0,1887.0,0.922,0.964,4498.0,2683.0,Carting,1815.0,<50km,thin(<1.5/d)
IND641006AAD -> IND641062AAD,Coimbatore_ElngoNgr_C (Tamil Nadu),Coimbatore_Karayam_H (Tamil Nadu),26.6,5,0.2,0.0,55.4,72.5,17.1,3085.0,1198.0,1887.0,0.893,0.932,4462.0,2645.0,Carting,1818.0,<50km,thin(<1.5/d)
IND401209AAA -> IND401104AAA,Mumbai_Virar_DC (Maharashtra),Mumbai_MiraRd_IP (Maharashtra),26.627,23,0.92,0.0,41.5,54.4,12.8,3086.0,1199.0,1887.0,0.893,0.932,4454.0,2633.0,Carting,1820.0,<50km,thin(<1.5/d)
IND632402AAA -> IND631102AAA,Ranipet_MBTRd_DC (Tamil Nadu),Sholinghur_ArkonmRD_D (Tamil Nadu),26.649,11,0.44,0.0,54.0,114.7,60.6,3086.0,1199.0,1887.0,0.99,0.99,4609.0,2763.0,Carting,1846.0,<50km,thin(<1.5/d)
IND733128AAA -> IND733134AAA,Itahar_NatunDPP_D (West Bengal),Raiganj_SubrtDPP_D (West Bengal),26.666,5,0.2,0.001,40.9,41.1,0.2,3087.0,1200.0,1887.0,0.982,0.977,4593.0,2699.0,Carting,1894.0,<50km,thin(<1.5/d)
IND244715AAA -> IND244713AAA,Ramnagar_BhwniGnj_D (Uttarakhand),Kashipur_Vaishali_D (Uttarakhand),26.677,16,0.64,0.0,58.9,67.3,8.3,3087.0,1200.0,1887.0,0.569,0.825,3980.0,2482.0,Carting,1498.0,<50km,thin(<1.5/d)
IND560099AAB -> IND560048AAB,Bengaluru_Bomsndra_HB (Karnataka),Bengaluru_Hoodi_IP (Karnataka),26.686,34,1.36,0.005,69.3,46.0,-23.3,3087.0,1201.0,1887.0,0.71,0.633,4215.0,2196.0,Carting,2019.0,<50km,thin(<1.5/d)
IND500032AAA -> IND502295AAA,Hyd_Chandanagar_Dc (Telangana),Sangareddy_Pothredy_D (Telangana),26.696,4,0.16,0.0,41.5,54.4,12.8,3087.0,1201.0,1886.0,0.893,0.932,4455.0,2635.0,Carting,1820.0,<50km,thin(<1.5/d)
IND110037AAM -> IND110020AAB,Delhi_Airport_H (Delhi),OK_RPC (Delhi),26.718,9,0.36,0.054,85.7,51.5,-34.2,3088.0,1202.0,1886.0,0.958,0.954,4816.0,2899.0,Carting,1916.0,<50km,thin(<1.5/d)
IND384170AAA -> IND384265AAB,Unjha_DC (Gujarat),Patan_Central_D_2 (Gujarat),26.787,12,0.48,0.001,46.0,52.0,6.0,3089.0,1204.0,1886.0,0.93,0.934,4521.0,2645.0,Carting,1876.0,<50km,thin(<1.5/d)
IND531163AAA -> IND535001AAA,Bheemunipatnam_SaiTempl_D (Andhra Pradesh),Vizianagaram_NcsRd_DC (Andhra Pradesh),26.788,13,0.52,0.0,38.5,36.4,-2.1,3089.0,1204.0,1886.0,0.893,0.963,4455.0,2673.0,Carting,1782.0,<50km,thin(<1.5/d)
IND742137AAA -> IND742401AAA,Kandi_DohalDPP_D (West Bengal),Ghanashyampur_NditaDPP_D (West Bengal),26.848,6,0.24,0.002,63.5,67.7,4.2,3091.0,1205.0,1885.0,0.975,0.965,4603.0,2705.0,Carting,1898.0,<50km,thin(<1.5/d)
IND501359AAE -> IND500008AAC,Hyderabad_Shamshbd_H (Telangana),Hyderabad_Tolichwk_I (Telangana),26.91,19,0.76,0.111,69.9,39.3,-30.6,3092.0,1207.0,1885.0,0.996,0.99,5129.0,3211.0,Carting,1918.0,<50km,thin(<1.5/d)
IND505327AAA -> IND505425AAA,Jagtial_Aravind_D (Telangana),DhrmpuriTS_HanumDPP_D (Telangana),26.934,12,0.48,0.002,36.0,37.0,1.0,3093.0,1208.0,1885.0,0.964,0.951,4570.0,2666.0,Carting,1903.0,<50km,thin(<1.5/d)
IND414502AAA -> IND431107AAB,Shevgaon_VidyaNgr_D (Maharashtra),Paithan_SantaNGR_D (Maharashtra),26.938,7,0.28,0.001,49.0,54.9,5.8,3093.0,1208.0,1884.0,0.978,0.969,4598.0,2703.0,Carting,1894.0,<50km,thin(<1.5/d)
IND303106AAA -> IND303002AAA,Paota_SmClyDPP_D (Rajasthan),Achrol_BgwriDPP_D (Rajasthan),26.944,9,0.36,0.0,51.9,67.5,15.6,3093.0,1208.0,1884.0,0.945,0.957,4547.0,2691.0,Carting,1856.0,<50km,thin(<1.5/d)
IND686028AAB -> IND689101AAA,Kottayam_Central_H_1 (Kerala),Tiruvalla_TKRoad_D (Kerala),26.976,16,0.64,0.002,48.8,46.3,-2.4,3093.0,1209.0,1884.0,0.958,0.927,4573.0,2640.0,Carting,1933.0,<50km,thin(<1.5/d)
IND785001AAA -> IND785112AAC,Jorhat_RicMilRd_D (Assam),Teok_Wardno3_D (Assam),27.002,3,0.12,0.008,41.7,45.0,3.3,3094.0,1210.0,1884.0,0.986,0.98,4639.0,2747.0,Carting,1892.0,<50km,thin(<1.5/d)
IND560048AAB -> IND560099AAB,Bengaluru_Hoodi_IP (Karnataka),Bengaluru_Bomsndra_HB (Karnataka),27.01,26,1.04,0.001,63.5,62.4,-1.1,3094.0,1210.0,1884.0,0.846,0.757,4408.0,2390.0,Carting,2018.0,<50km,thin(<1.5/d)
IND382430AAB -> IND380005AAA,Ahmedabad_East_H_1 (Gujarat),Amd_Chandkheda_Dc (Gujarat),27.066,36,1.44,0.039,63.6,51.1,-12.5,3095.0,1212.0,1883.0,0.978,0.97,4778.0,2873.0,Carting,1905.0,<50km,thin(<1.5/d)
IND387001AAA -> IND388220AAA,Nadiad_DC (Gujarat),Umreth_Dakor_DC (Gujarat),27.074,14,0.56,0.0,48.6,54.9,6.3,3096.0,1212.0,1883.0,0.915,0.958,4500.0,2685.0,Carting,1815.0,<50km,thin(<1.5/d)
IND388220AAA -> IND388320AAA,Umreth_Dakor_DC (Gujarat),Anand_Vaghasi_IP (Gujarat),27.088,14,0.56,0.0,54.9,58.9,4.0,3096.0,1213.0,1883.0,0.967,0.951,4585.0,2679.0,Carting,1905.0,<50km,thin(<1.5/d)
IND144040AAA -> IND144001AAB,Nakodar_ChowkDPP_D (Punjab),Jalandhar_DPC (Punjab),27.093,10,0.4,0.001,55.2,63.8,8.6,3096.0,1213.0,1883.0,0.97,0.954,4591.0,2690.0,Carting,1901.0,<50km,thin(<1.5/d)
IND147001AAB -> IND147201AAA,Patiala (Punjab),Nabha_Sahni_D (Punjab),27.104,6,0.24,0.002,54.3,61.4,7.1,3096.0,1213.0,1883.0,0.918,0.924,4516.0,2647.0,Carting,1869.0,<50km,thin(<1.5/d)
IND403401AAA -> IND403726AAB,Goa_Ponda_Dc (Goa),Goa_ZuariNgr_IP (Goa),27.117,3,0.12,0.0,105.3,147.7,42.4,3097.0,1214.0,1883.0,0.959,0.98,4605.0,2781.0,Carting,1824.0,<50km,thin(<1.5/d)
IND363001AAA -> IND363421AAB,Surendranagar_DC (Gujarat),Limbdi_Busstand_D (Gujarat),27.152,14,0.56,0.0,65.9,59.6,-6.2,3097.0,1215.0,1883.0,0.805,0.821,4348.0,2485.0,Carting,1863.0,<50km,thin(<1.5/d)
IND560099AAB -> IND560043AAC,Bengaluru_Bomsndra_HB (Karnataka),HBR Layout PC (Karnataka),27.164,37,1.48,0.005,68.7,46.6,-22.0,3098.0,1215.0,1883.0,0.701,0.597,4212.0,2156.0,Carting,2055.0,<50km,thin(<1.5/d)
IND787057AAA -> IND787059AAB,Dhemaji_WardNo3_D (Assam),Silapathar_Hejunagr_D (Assam),27.168,10,0.4,0.001,42.5,46.6,4.1,3098.0,1215.0,1883.0,0.968,0.95,4584.0,2676.0,Carting,1908.0,<50km,thin(<1.5/d)
IND624619AAA -> IND624601AAA,Oddnchtram_Palani_D (Tamil Nadu),Palani_RjndraRd_D (Tamil Nadu),27.209,10,0.4,0.0,43.5,41.7,-1.9,3099.0,1216.0,1882.0,0.895,0.847,4470.0,2515.0,Carting,1955.0,<50km,thin(<1.5/d)
IND400705AAA -> IND421302AAH,Mumbai_Sanpada_CP (Maharashtra),Bhiwandi_Mankoli_GW (Maharashtra),27.252,12,0.48,0.0,73.9,85.0,11.1,3100.0,1218.0,1882.0,0.977,0.97,4617.0,2732.0,Carting,1885.0,<50km,thin(<1.5/d)
IND636352AAA -> IND636705AAB,Thoppur_HghsclRD_D (Tamil Nadu),Dharmapuri_Central_D_2 (Tamil Nadu),27.303,5,0.2,0.0,60.1,82.1,22.0,3101.0,1219.0,1882.0,0.901,0.927,4492.0,2664.0,Carting,1828.0,<50km,thin(<1.5/d)
IND421302AAG -> IND400072AAB,Bhiwandi_Mankoli_HB (Maharashtra),Mumbai Hub (Maharashtra),27.315,105,4.2,0.061,78.7,52.6,-26.1,3101.0,1219.0,1881.0,0.998,0.995,4924.0,3021.0,Carting,1903.0,<50km,dense(>4/d)
IND176110AAB -> IND177033AAA,Sujanpur_SainkSCL_D (Himachal Pradesh),Nadaun_Ward6_D (Himachal Pradesh),27.342,9,0.36,0.0,70.5,95.6,25.1,3102.0,1220.0,1881.0,0.945,0.957,4568.0,2722.0,Carting,1846.0,<50km,thin(<1.5/d)
IND756019AAA -> IND757025AAA,Balasore_Ganeshwr_D (Orissa),Betnoti_MhliaDPP_D (Orissa),27.345,8,0.32,0.031,47.4,48.6,1.2,3102.0,1220.0,1881.0,0.973,0.957,4730.0,2823.0,Carting,1907.0,<50km,thin(<1.5/d)
IND385320AAA -> IND385340AAB,Bhabhar_TirupDPP_D (Gujarat),Radhanpur_Santalpr_D (Gujarat),27.357,16,0.64,0.0,71.8,114.9,43.1,3102.0,1221.0,1881.0,0.627,0.879,4091.0,2616.0,Carting,1475.0,<50km,thin(<1.5/d)
IND396445AAA -> IND396321AAA,Navsari_DC (Gujarat),Bilimora_DC (Gujarat),27.375,7,0.28,0.0,41.0,43.9,2.8,3102.0,1221.0,1881.0,0.888,0.82,4462.0,2481.0,Carting,1981.0,<50km,thin(<1.5/d)
IND421302AAG -> IND400072AAA,Bhiwandi_Mankoli_HB (Maharashtra),Mumbai_Tejpal_M (Maharashtra),27.385,29,1.16,0.061,76.6,54.6,-22.0,3102.0,1222.0,1881.0,0.998,0.996,4924.0,3024.0,Carting,1900.0,<50km,thin(<1.5/d)
IND610001AAA -> IND614715AAA,Thiruvarur_Bypasrd_D (Tamil Nadu),Thirthurpondi_Madaprum_D (Tamil Nadu),27.391,17,0.68,0.004,54.4,55.3,0.9,3103.0,1222.0,1881.0,0.983,0.975,4630.0,2737.0,Carting,1892.0,<50km,thin(<1.5/d)
IND605601AAA -> IND607106AAA,Villupuram_Thirumtr_IP (Tamil Nadu),Panruti_GandhiRd_D (Tamil Nadu),27.41,14,0.56,0.005,47.5,50.4,2.9,3103.0,1222.0,1881.0,0.983,0.98,4631.0,2746.0,Carting,1884.0,<50km,thin(<1.5/d)
IND224141AAB -> IND224122AAA,Gosainganj_Pakrela_D (Uttar Pradesh),Akbarpur_Auliyapr_D (Uttar Pradesh),27.415,17,0.68,0.0,38.7,47.4,8.7,3103.0,1222.0,1881.0,0.869,0.957,4433.0,2689.0,Carting,1743.0,<50km,thin(<1.5/d)
IND638401AAA -> IND638452AAA,Sathyamangalam_Mlydpthr_D (Tamil Nadu),Gobicheti_Ward25_D (Tamil Nadu),27.426,12,0.48,0.0,41.3,34.2,-7.0,3103.0,1223.0,1881.0,0.796,0.584,4324.0,2121.0,Carting,2203.0,<50km,thin(<1.5/d)
IND400072AAB -> IND421302AAG,Mumbai Hub (Maharashtra),Bhiwandi_Mankoli_HB (Maharashtra),27.434,63,2.52,0.006,62.4,68.9,6.5,3104.0,1223.0,1881.0,0.974,0.972,4633.0,2753.0,Carting,1880.0,<50km,medium(1.5-4/d)
IND243001AAA -> IND243503AAB,Bareilly_Central_D_2 (Uttar Pradesh),Faridpur_ShjnprRD_D (Uttar Pradesh),27.44,13,0.52,0.0,60.6,90.0,29.3,3104.0,1223.0,1880.0,0.901,0.926,4495.0,2673.0,Carting,1822.0,<50km,thin(<1.5/d)
IND532001AAB -> IND532421AAA,Srikakulam_Kuslpram_I (Andhra Pradesh),Narasnpeta_HudcoDPP_D (Andhra Pradesh),27.454,20,0.8,0.007,45.6,49.4,3.8,3104.0,1224.0,1880.0,0.987,0.981,4647.0,2760.0,Carting,1887.0,<50km,thin(<1.5/d)
IND421302AAG -> IND400072AAJ,Bhiwandi_Mankoli_HB (Maharashtra),Mumbai_Tejpal_I (Maharashtra),27.462,38,1.52,0.061,80.1,57.0,-23.0,3104.0,1224.0,1880.0,0.998,0.996,4928.0,3028.0,Carting,1900.0,<50km,medium(1.5-4/d)
IND532421AAA -> IND532201AAA,Narasnpeta_HudcoDPP_D (Andhra Pradesh),Tekkali_AmvdiDPP_D (Andhra Pradesh),27.532,19,0.76,0.001,36.6,39.4,2.8,3106.0,1226.0,1880.0,0.98,0.971,4606.0,2713.0,Carting,1893.0,<50km,thin(<1.5/d)
IND572201AAB -> IND573103AAA,Tiptur_YTRd_D (Karnataka),Arsikere_HsnRdDPP_D (Karnataka),27.564,3,0.12,0.0,37.7,43.3,5.6,3106.0,1227.0,1879.0,0.984,0.98,4610.0,2727.0,Carting,1883.0,<50km,thin(<1.5/d)
IND532201AAA -> IND532222AAA,Tekkali_AmvdiDPP_D (Andhra Pradesh),Palasa_Central_DPP_1 (Andhra Pradesh),27.59,20,0.8,0.001,45.6,53.5,7.9,3107.0,1228.0,1879.0,0.976,0.969,4607.0,2722.0,Carting,1884.0,<50km,thin(<1.5/d)
IND000000ACA -> IND142401AAA,Ludhiana_MilrGanj_HB (Punjab),Khanna_DC (Punjab),27.618,12,0.48,0.013,44.1,45.0,0.9,3108.0,1229.0,1879.0,0.96,0.925,4633.0,2700.0,Carting,1933.0,<50km,thin(<1.5/d)
IND583201AAA -> IND583227AAA,Hospet (Karnataka),Gangavathi_PhrmPlza_D (Karnataka),27.624,16,0.64,0.002,59.9,65.4,5.5,3108.0,1229.0,1879.0,0.964,0.946,4603.0,2700.0,Carting,1903.0,<50km,thin(<1.5/d)
IND561203AAB -> IND562101AAA,Doddablpur_ChikaDPP_D (Karnataka),Chikblapur_ShntiSgr_D (Karnataka),27.758,12,0.48,0.001,47.7,54.0,6.4,3111.0,1233.0,1878.0,0.973,0.958,4607.0,2711.0,Carting,1897.0,<50km,thin(<1.5/d)
IND000000AFF -> IND734203AAA,Darjeeling_Hillcard_DC (West Bengal),Kurseong_ABPath_D (West Bengal),27.866,3,0.12,0.0,40.6,46.5,5.9,3113.0,1236.0,1877.0,0.898,0.965,4488.0,2715.0,Carting,1773.0,<50km,thin(<1.5/d)
IND421302AAN -> IND400072AAB,GreaterThane_Anjur_C (Maharashtra),Mumbai Hub (Maharashtra),27.908,16,0.64,0.0,47.7,63.2,15.5,3114.0,1237.0,1877.0,0.902,0.926,4499.0,2669.0,Carting,1830.0,<50km,thin(<1.5/d)
IND843105AAB -> IND848101AAA,Dholi_WardNo4_D (Bihar),Samastipur_Haripur_D (Bihar),28.018,20,0.8,0.001,40.9,45.1,4.2,3116.0,1241.0,1876.0,0.982,0.979,4620.0,2742.0,Carting,1878.0,<50km,thin(<1.5/d)
IND731237AAB -> IND731224AAA,Morgram_Kntgorya_D (West Bengal),Rampurhat_SrifoDPP_D (West Bengal),28.043,15,0.6,0.002,45.4,49.3,3.9,3117.0,1241.0,1876.0,0.977,0.964,4620.0,2727.0,Carting,1893.0,<50km,thin(<1.5/d)
IND401501AAA -> IND401602AAA,Boisar_OstwlEmp_D (Maharashtra),Dahanu_KetyDPP_D (Maharashtra),28.057,17,0.68,0.0,75.3,93.9,18.7,3117.0,1242.0,1876.0,0.944,0.967,4584.0,2756.0,Carting,1828.0,<50km,thin(<1.5/d)
IND401104AAA -> IND421302AAG,Mumbai_MiraRd_IP (Maharashtra),Bhiwandi_Mankoli_HB (Maharashtra),28.065,14,0.56,0.001,53.0,59.6,6.7,3117.0,1242.0,1875.0,0.975,0.965,4620.0,2735.0,Carting,1886.0,<50km,thin(<1.5/d)
IND571104AAA -> IND577598AAB,Koppa_BMRd_D (Karnataka),Madikeri_MuthpTmp_D (Karnataka),28.066,16,0.64,0.001,39.4,38.8,-0.6,3117.0,1242.0,1875.0,0.982,0.97,4622.0,2728.0,Carting,1894.0,<50km,thin(<1.5/d)
IND246444AAB -> IND246424AAA,Karnaprayag_Umalodge_D (Uttarakhand),Chamoli_CGRoad_D (Uttarakhand),28.088,15,0.6,0.0,73.0,84.3,11.3,3118.0,1243.0,1875.0,0.954,0.93,4599.0,2696.0,Carting,1902.0,<50km,thin(<1.5/d)
IND136118AAA -> IND136128AAA,Kurukshetra_DC (Haryana),Pehowa_WdN14DPP_D (Haryana),28.101,22,0.88,0.001,44.0,57.8,13.9,3118.0,1243.0,1875.0,0.978,0.973,4620.0,2747.0,Carting,1874.0,<50km,thin(<1.5/d)
IND690548AAA -> IND688009AAA,Haripad_Kumrpurm_D (Kerala),Alappuzha_Pazhvedu_D (Kerala),28.135,15,0.6,0.0,44.2,48.3,4.1,3119.0,1244.0,1875.0,0.918,0.807,4527.0,2488.0,Carting,2039.0,<50km,thin(<1.5/d)
IND360510AAB -> IND360530AAB,Bhanvad_Mainroad_D (Gujarat),Jamjodhpur_Court_D (Gujarat),28.162,13,0.52,0.0,53.3,40.3,-13.0,3120.0,1245.0,1875.0,0.955,0.919,4587.0,2650.0,Carting,1937.0,<50km,thin(<1.5/d)
IND843301AAA -> IND843320AAA,Sitamari_Durma_D (Bihar),Pupri_SngihiRD_D (Bihar),28.18,20,0.8,0.0,43.9,51.3,7.4,3120.0,1245.0,1875.0,0.922,0.914,4533.0,2653.0,Carting,1880.0,<50km,thin(<1.5/d)
IND781003AAA -> IND781018AAB,Guwahati_Chandmari (Assam),Guwahati_Hub (Assam),28.213,3,0.12,0.0,79.2,108.3,29.1,3121.0,1246.0,1874.0,0.927,0.952,4563.0,2747.0,Carting,1817.0,<50km,thin(<1.5/d)
IND384205AAA -> IND384170AAA,Mehsana_Panchot_IP (Gujarat),Unjha_DC (Gujarat),28.24,6,0.24,0.008,59.2,64.6,5.4,3121.0,1247.0,1874.0,0.97,0.956,4652.0,2761.0,Carting,1891.0,<50km,thin(<1.5/d)
IND570020AAA -> IND571301AAA,Mysore_Yadvgiri_IP (Karnataka),Nanjangud_RPRoad_D (Karnataka),28.246,9,0.36,0.003,64.6,65.3,0.7,3121.0,1247.0,1874.0,0.979,0.971,4645.0,2760.0,Carting,1885.0,<50km,thin(<1.5/d)
IND174021AAA -> IND176048AAA,Ghumarwin_Gndhichk_D (Himachal Pradesh),Jahu_Sulgwan_D (Himachal Pradesh),28.263,12,0.48,0.0,57.3,75.7,18.5,3122.0,1248.0,1874.0,0.902,0.926,4513.0,2688.0,Carting,1825.0,<50km,thin(<1.5/d)
IND244901AAB -> IND244921AAB,Rampur_RoshnBgh_I (Uttar Pradesh),Bilaspur_GrmNgriya_D (Uttar Pradesh),28.266,5,0.2,0.014,55.5,62.2,6.7,3122.0,1248.0,1874.0,0.794,0.808,4400.0,2552.0,Carting,1847.0,<50km,thin(<1.5/d)
IND121004AAB -> IND110037AAM,FBD_Balabhgarh_DPC (Haryana),Delhi_Airport_H (Delhi),28.294,37,1.48,0.005,58.0,57.5,-0.6,3122.0,1249.0,1874.0,0.967,0.956,4632.0,2741.0,Carting,1891.0,<50km,thin(<1.5/d)
IND562132AAA -> IND560043AAC,Bangalore_Nelmngla_H (Karnataka),HBR Layout PC (Karnataka),28.328,22,0.88,0.089,86.4,57.0,-29.4,3123.0,1250.0,1873.0,0.973,0.914,5030.0,3025.0,Carting,2005.0,<50km,thin(<1.5/d)
IND362220AAA -> IND362225AAA,Junagadh_keshod_DC (Gujarat),Mangrol_JilRDDPP_D (Gujarat),28.353,6,0.24,0.0,44.8,44.3,-0.4,3124.0,1251.0,1873.0,0.92,0.916,4534.0,2655.0,Carting,1880.0,<50km,thin(<1.5/d)
IND560043AAC -> IND560099AAB,HBR Layout PC (Karnataka),Bengaluru_Bomsndra_HB (Karnataka),28.363,24,0.96,0.001,54.4,59.6,5.2,3124.0,1251.0,1873.0,0.94,0.909,4574.0,2658.0,Carting,1916.0,<50km,thin(<1.5/d)
IND505325AAA -> IND505327AAA,Metpally_GunjRDPP_D (Telangana),Jagtial_Aravind_D (Telangana),28.383,6,0.24,0.0,42.7,69.7,27.1,3124.0,1251.0,1873.0,0.931,0.956,4549.0,2732.0,Carting,1816.0,<50km,thin(<1.5/d)
IND151001AAA -> IND151103AAA,Bhatinda_DPC (Punjab),RampuraPhul_DC (Punjab),28.384,5,0.2,0.005,48.0,51.4,3.5,3124.0,1252.0,1873.0,0.802,0.787,4379.0,2485.0,Carting,1893.0,<50km,thin(<1.5/d)
IND781001AAA -> IND781018AAB,Guwahati_UzanBazr_DC (Assam),Guwahati_Hub (Assam),28.43,10,0.4,0.0,81.2,106.9,25.8,3125.0,1253.0,1873.0,0.901,0.926,4531.0,2713.0,Carting,1818.0,<50km,thin(<1.5/d)
IND854335AAA -> IND852111AAA,Narpatganj_Central_DPP_1 (Bihar),Simrahi_Bazar_D (Bihar),28.446,17,0.68,0.001,42.3,49.1,6.8,3126.0,1253.0,1872.0,0.99,0.987,4643.0,2770.0,Carting,1873.0,<50km,thin(<1.5/d)
IND401104AAB -> IND421302AAG,Mumbai_MiraRoad_M (Maharashtra),Bhiwandi_Mankoli_HB (Maharashtra),28.465,23,0.92,0.0,61.2,68.2,6.9,3126.0,1254.0,1872.0,0.944,0.941,4583.0,2711.0,Carting,1872.0,<50km,thin(<1.5/d)
IND411036AAA -> IND411033AAA,Pune_Mundhawa_L (Maharashtra),Pune_Tathawde_H (Maharashtra),28.468,33,1.32,0.0,62.6,76.0,13.4,3126.0,1254.0,1872.0,0.972,0.981,4626.0,2777.0,Carting,1849.0,<50km,thin(<1.5/d)
IND503187AAA -> IND503122AAA,Banswada_Menagrdn_D (Telangana),Yellareddy_JKRoad_D (Telangana),28.483,20,0.8,0.002,41.1,43.5,2.4,3127.0,1254.0,1872.0,0.968,0.948,4613.0,2712.0,Carting,1901.0,<50km,thin(<1.5/d)
IND627657AAA -> IND628613AAA,Thisayanvilai_UdnkdiRD_D (Tamil Nadu),Peikulam_SriVnktpm_D (Tamil Nadu),28.494,16,0.64,0.0,59.9,48.1,-11.8,3127.0,1255.0,1872.0,0.391,0.319,3754.0,1765.0,Carting,1989.0,<50km,thin(<1.5/d)
IND401602AAA -> IND401501AAA,Dahanu_KetyDPP_D (Maharashtra),Boisar_OstwlEmp_D (Maharashtra),28.538,17,0.68,0.0,76.8,95.3,18.5,3128.0,1256.0,1872.0,0.943,0.967,4594.0,2770.0,Carting,1824.0,<50km,thin(<1.5/d)
IND400072AAB -> IND421302AAR,Mumbai Hub (Maharashtra),Mumbai_East_I_21 (Maharashtra),28.558,21,0.84,0.006,60.6,65.0,4.4,3128.0,1257.0,1872.0,0.971,0.968,4651.0,2778.0,Carting,1873.0,<50km,thin(<1.5/d)
IND562159AAA -> IND562117AAA,Ramanagara_BMRd_DC (Karnataka),Kanakapura_VaniThtr_D (Karnataka),28.582,11,0.44,0.0,60.6,79.5,18.8,3129.0,1257.0,1871.0,0.901,0.926,4521.0,2699.0,Carting,1822.0,<50km,thin(<1.5/d)
IND276305AAA -> IND223101AAB,Saraimeer_MsmcyDPP_D (Uttar Pradesh),Shahganj_KcharaRD_D (Uttar Pradesh),28.594,7,0.28,0.001,51.4,55.2,3.8,3129.0,1258.0,1871.0,0.969,0.97,4622.0,2755.0,Carting,1867.0,<50km,thin(<1.5/d)
IND201007AAB -> IND110044AAB,Ghaziabad_MohanNgr_C (Uttar Pradesh),Del_Okhla_PC (Delhi),28.596,10,0.4,0.002,52.8,58.7,5.9,3129.0,1258.0,1871.0,0.899,0.86,4521.0,2595.0,Carting,1926.0,<50km,thin(<1.5/d)
IND631501AAA -> IND631003AAA,Kanchipuram_DC (Tamil Nadu),Arakkonam_HousngBd_D (Tamil Nadu),28.609,10,0.4,0.0,57.3,68.7,11.3,3129.0,1258.0,1871.0,0.978,0.982,4636.0,2778.0,Carting,1858.0,<50km,thin(<1.5/d)
IND509203AAA -> IND509301AAA,Bijnapally_nagar_D (Telangana),Jadcherla_Badeplly_D (Telangana),28.623,19,0.76,0.001,41.2,41.0,-0.2,3130.0,1259.0,1871.0,0.961,0.889,4604.0,2624.0,Carting,1980.0,<50km,thin(<1.5/d)
IND683511AAA -> IND000000ABA,Aluva_Peedika_H (Kerala),Cochin_Chtrpuza_D (Kerala),28.725,16,0.64,0.021,73.2,57.8,-15.5,3132.0,1262.0,1870.0,0.765,0.591,4400.0,2242.0,Carting,2158.0,<50km,thin(<1.5/d)
IND501359AAE -> IND500080AAB,Hyderabad_Shamshbd_H (Telangana),Hyderabad_Chikdply_I (Telangana),28.731,24,0.96,0.111,64.3,47.4,-16.8,3132.0,1262.0,1870.0,0.996,0.988,5165.0,3268.0,Carting,1897.0,<50km,thin(<1.5/d)
IND209721AAB -> IND209625AAA,Chhibramau_Bhainpura_D (Uttar Pradesh),Farrukhbad_Pnchlght_D (Uttar Pradesh),28.744,10,0.4,0.0,58.4,75.4,16.9,3132.0,1262.0,1870.0,0.909,0.951,4535.0,2739.0,Carting,1796.0,<50km,thin(<1.5/d)
IND244301AAA -> IND244412AAA,Sambhal_Khwssrai_D (Uttar Pradesh),Chandausi_Ganesh_D (Uttar Pradesh),28.767,11,0.44,0.001,51.4,71.8,20.5,3133.0,1263.0,1870.0,0.984,0.98,4648.0,2786.0,Carting,1862.0,<50km,thin(<1.5/d)
IND421302AAG -> IND401104AAB,Bhiwandi_Mankoli_HB (Maharashtra),Mumbai_MiraRoad_M (Maharashtra),28.802,10,0.4,0.061,83.5,64.4,-19.1,3134.0,1264.0,1870.0,0.998,0.995,4960.0,3073.0,Carting,1887.0,<50km,thin(<1.5/d)
IND136128AAA -> IND136027AAA,Pehowa_WdN14DPP_D (Haryana),Kaithal_DC (Haryana),28.82,22,0.88,0.001,38.5,44.1,5.6,3134.0,1265.0,1869.0,0.981,0.975,4635.0,2760.0,Carting,1875.0,<50km,thin(<1.5/d)
IND421302AAG -> IND401104AAA,Bhiwandi_Mankoli_HB (Maharashtra),Mumbai_MiraRd_IP (Maharashtra),28.875,78,3.12,0.061,83.5,64.4,-19.1,3135.0,1266.0,1869.0,0.998,0.995,4961.0,3075.0,Carting,1886.0,<50km,medium(1.5-4/d)
IND110037AAM -> IND121004AAB,Delhi_Airport_H (Delhi),FBD_Balabhgarh_DPC (Haryana),28.88,46,1.84,0.054,75.1,60.0,-15.0,3135.0,1266.0,1869.0,0.944,0.932,4832.0,2932.0,Carting,1900.0,<50km,medium(1.5-4/d)
IND821307AAA -> IND824101AAA,DehriSone_Dilliyan_D (Bihar),AurngbadBR_Mahindra_D (Bihar),28.983,8,0.32,0.0,48.1,70.7,22.6,3138.0,1269.0,1868.0,0.963,0.98,4615.0,2786.0,Carting,1829.0,<50km,thin(<1.5/d)
IND209304AAA -> IND208012AAA,Kanpur_Central_H_6 (Uttar Pradesh),Kanpur_Central_D_7 (Uttar Pradesh),29.001,21,0.84,0.039,72.9,52.7,-20.2,3138.0,1270.0,1868.0,0.932,0.699,4747.0,2476.0,Carting,2271.0,<50km,thin(<1.5/d)
IND848210AAA -> IND851127AAA,Rusera_Wardno4_D (Bihar),Manjhaul_Purbari_D (Bihar),29.017,17,0.68,0.001,51.6,59.7,8.1,3138.0,1271.0,1868.0,0.964,0.955,4625.0,2748.0,Carting,1877.0,<50km,thin(<1.5/d)
IND223101AAB -> IND222125AAB,Shahganj_KcharaRD_D (Uttar Pradesh),Badlapur_Bhaluahi_D (Uttar Pradesh),29.036,7,0.28,0.001,50.7,61.7,10.9,3139.0,1271.0,1868.0,0.953,0.926,4605.0,2705.0,Carting,1900.0,<50km,thin(<1.5/d)
IND624001AAA -> IND624619AAA,Dindigul_Central_D_1 (Tamil Nadu),Oddnchtram_Palani_D (Tamil Nadu),29.06,11,0.44,0.0,44.1,53.1,9.0,3139.0,1272.0,1868.0,0.951,0.944,4595.0,2724.0,Carting,1871.0,<50km,thin(<1.5/d)
IND583201AAA -> IND583119AAA,Hospet (Karnataka),Sandur_WrdN1DPP_D (Karnataka),29.071,9,0.36,0.002,56.1,59.3,3.1,3140.0,1272.0,1867.0,0.953,0.929,4615.0,2714.0,Carting,1901.0,<50km,thin(<1.5/d)
IND700053AAA -> IND712311AAA,CCU_New Alipore_DPC (West Bengal),Kolkata_Dankuni_HB (West Bengal),29.081,6,0.24,0.004,77.6,81.1,3.4,3140.0,1272.0,1867.0,0.957,0.943,4642.0,2756.0,Carting,1886.0,<50km,thin(<1.5/d)
IND731224AAA -> IND742147AAA,Rampurhat_SrifoDPP_D (West Bengal),Khargram_BoiDPP_D (West Bengal),29.117,11,0.44,0.002,68.0,76.6,8.5,3141.0,1274.0,1867.0,0.965,0.943,4640.0,2746.0,Carting,1894.0,<50km,thin(<1.5/d)
IND691305AAA -> IND689645AAA,Punalur_PostofJN_D (Kerala),Pthnmthitt_Klskhrpt_D (Kerala),29.133,15,0.6,0.0,45.7,49.4,3.8,3141.0,1274.0,1867.0,0.945,0.886,4591.0,2638.0,Carting,1953.0,<50km,thin(<1.5/d)
IND742149AAA -> IND742148AAA,Murshidabad_Sirjudol_D (West Bengal),Lalgola_KrsprDPP_D (West Bengal),29.182,14,0.56,0.0,55.4,80.0,24.5,3142.0,1275.0,1867.0,0.91,0.922,4544.0,2711.0,Carting,1833.0,<50km,thin(<1.5/d)
IND221303AAA -> IND231001AAA,Gopiganj_Wardno13_D (Uttar Pradesh),Mirzapur_JangiRd_D (Uttar Pradesh),29.253,3,0.12,0.0,44.9,65.8,20.9,3144.0,1278.0,1866.0,0.991,0.99,4662.0,2808.0,Carting,1854.0,<50km,thin(<1.5/d)
IND305001AAC -> IND305802AAA,Ajmer_FoySGRRD_I (Rajasthan),Kishangarh_Central_D_2 (Rajasthan),29.325,11,0.44,0.01,64.7,64.5,-0.2,3145.0,1280.0,1865.0,0.979,0.965,4701.0,2814.0,Carting,1887.0,<50km,thin(<1.5/d)
IND274001AAA -> IND274509AAB,Deoria_CCRoad_D (Uttar Pradesh),Salempur_Banjaria_D (Uttar Pradesh),29.36,13,0.52,0.0,45.3,49.9,4.6,3146.0,1281.0,1865.0,0.947,0.898,4598.0,2663.0,Carting,1936.0,<50km,thin(<1.5/d)
IND560043AAC -> IND562132AAA,HBR Layout PC (Karnataka),Bangalore_Nelmngla_H (Karnataka),29.391,16,0.64,0.001,70.1,76.7,6.7,3147.0,1282.0,1865.0,0.922,0.879,4580.0,2654.0,Carting,1926.0,<50km,thin(<1.5/d)
IND700053AAA -> IND700144AAA,CCU_New Alipore_DPC (West Bengal),Baruipur_Bnsibtla_D (West Bengal),29.394,5,0.2,0.004,101.7,106.2,4.5,3147.0,1282.0,1865.0,0.954,0.937,4661.0,2774.0,Carting,1888.0,<50km,thin(<1.5/d)
IND712311AAA -> IND700053AAA,Kolkata_Dankuni_HB (West Bengal),CCU_New Alipore_DPC (West Bengal),29.399,15,0.6,0.09,113.1,104.7,-8.5,3147.0,1282.0,1865.0,0.998,0.994,5125.0,3247.0,Carting,1878.0,<50km,thin(<1.5/d)
IND285001AAD -> IND285205AAB,Orai_Ajnari_D (Uttar Pradesh),Konch_Central_D_2 (Uttar Pradesh),29.403,21,0.84,0.002,55.5,60.0,4.4,3147.0,1282.0,1865.0,0.944,0.921,4607.0,2711.0,Carting,1896.0,<50km,thin(<1.5/d)
IND142401AAA -> IND000000ACA,Khanna_DC (Punjab),Ludhiana_MilrGanj_HB (Punjab),29.405,6,0.24,0.0,43.2,51.9,8.7,3147.0,1282.0,1865.0,0.924,0.953,4561.0,2746.0,Carting,1816.0,<50km,thin(<1.5/d)
IND141115AAA -> IND000000ACA,Machhiwara_MnBzrDPP_D (Punjab),Ludhiana_MilrGanj_HB (Punjab),29.478,14,0.56,0.001,60.7,69.5,8.8,3149.0,1284.0,1864.0,0.969,0.955,4645.0,2766.0,Carting,1879.0,<50km,thin(<1.5/d)
IND854326AAB -> IND854105AAB,Purnia_Central_H_2 (Bihar),Katihar_Central_D_2 (Bihar),29.494,11,0.44,0.019,59.2,53.8,-5.4,3149.0,1285.0,1864.0,0.986,0.97,4750.0,2858.0,Carting,1892.0,<50km,thin(<1.5/d)
IND712311AAA -> IND700088AAA,Kolkata_Dankuni_HB (West Bengal),Kolkata_TrtllaRD_L (West Bengal),29.509,30,1.2,0.09,123.0,114.3,-8.7,3149.0,1285.0,1864.0,0.998,0.994,5134.0,3257.0,Carting,1877.0,<50km,thin(<1.5/d)
IND560300AAA -> IND560043AAC,Bengaluru_KGAirprt_HB (Karnataka),HBR Layout PC (Karnataka),29.535,33,1.32,0.006,56.5,56.7,0.2,3150.0,1286.0,1864.0,0.554,0.421,4032.0,1966.0,Carting,2066.0,<50km,thin(<1.5/d)
IND506002AAA -> IND506143AAA,Warangal_HunterRd_I (Telangana),Ghanpur_Palakrty_D (Telangana),29.544,17,0.68,0.007,47.5,54.0,6.5,3150.0,1286.0,1864.0,0.857,0.882,4494.0,2673.0,Carting,1821.0,<50km,thin(<1.5/d)
IND700088AAA -> IND712311AAA,Kolkata_TrtllaRD_L (West Bengal),Kolkata_Dankuni_HB (West Bengal),29.618,9,0.36,0.0,61.0,70.2,9.1,3152.0,1289.0,1863.0,0.913,0.925,4562.0,2722.0,Carting,1840.0,<50km,thin(<1.5/d)
IND363330AAB -> IND363310AAB,Halvad_CrossRD_D (Gujarat),Dhrangadhra_NvygRDPP_D (Gujarat),29.619,8,0.32,0.0,82.6,133.5,50.9,3152.0,1289.0,1863.0,0.932,0.95,4605.0,2803.0,Carting,1802.0,<50km,thin(<1.5/d)
IND413709AAA -> IND423109AAA,Shrirampur_DavkharRd_D (Maharashtra),Shirdi_SaiBansi_D (Maharashtra),29.685,13,0.52,0.0,52.5,52.8,0.3,3153.0,1291.0,1863.0,0.923,0.954,4573.0,2756.0,Carting,1816.0,<50km,thin(<1.5/d)
IND641654AAA -> IND641664AAA,Avinashi_Valluvar_D (Tamil Nadu),Tirpur_Palladam_DC (Tamil Nadu),29.694,11,0.44,0.0,49.1,66.4,17.4,3153.0,1291.0,1862.0,0.867,0.893,4487.0,2674.0,Carting,1813.0,<50km,thin(<1.5/d)
IND271201AAA -> IND271210AAA,Balrampur_PBRDDPP_D (Uttar Pradesh),Tulsipur_Central_DPP_1 (Uttar Pradesh),29.749,6,0.24,0.0,55.5,55.5,0.1,3154.0,1292.0,1862.0,0.938,0.962,4598.0,2773.0,Carting,1825.0,<50km,thin(<1.5/d)
IND828401AAB -> IND826004AAA,Gomoh_KhsmiDPP_D (Jharkhand),Dhanbad_Kalynpur_I (Jharkhand),29.751,7,0.28,0.0,34.5,51.1,16.6,3155.0,1293.0,1862.0,0.958,0.974,4614.0,2788.0,Carting,1826.0,<50km,thin(<1.5/d)
IND788026AAC -> IND788151AAA,Silchar_Sirikona_H (Assam),Hailakandi_kalibari_D (Assam),29.879,13,0.52,0.005,59.1,61.6,2.4,3157.0,1296.0,1861.0,0.959,0.954,4656.0,2789.0,Carting,1867.0,<50km,thin(<1.5/d)
IND415409AAB -> IND415124AAA,Islampur_Shantanu_D (Maharashtra),Karad_Mundhe_D (Maharashtra),29.927,13,0.52,0.002,46.1,49.7,3.7,3158.0,1298.0,1861.0,0.858,0.877,4483.0,2653.0,Carting,1830.0,<50km,thin(<1.5/d)
IND431122AAA -> IND431127AAA,Beed_JalnaRd_D (Maharashtra),Georai_Bazarrd_D (Maharashtra),29.967,7,0.28,0.001,41.1,45.9,4.8,3159.0,1299.0,1860.0,0.926,0.928,4580.0,2727.0,Carting,1853.0,<50km,thin(<1.5/d)
IND560085AAA -> IND562132AAA,Bengaluru_Banshkri_DC (Karnataka),Bangalore_Nelmngla_H (Karnataka),30.073,7,0.28,0.0,68.7,84.4,15.7,3162.0,1302.0,1859.0,0.923,0.956,4591.0,2793.0,Carting,1798.0,<50km,thin(<1.5/d)
IND577101AAA -> IND577132AAD,Chikmagalur_DC (Karnataka),Mudigere_HesglDPP_D (Karnataka),30.134,7,0.28,0.001,41.0,46.2,5.2,3163.0,1304.0,1859.0,0.922,0.912,4577.0,2706.0,Carting,1871.0,<50km,thin(<1.5/d)
IND110037AAM -> IND201007AAA,Delhi_Airport_H (Delhi),GZB_Mohan_Nagar_DPC (Uttar Pradesh),30.137,6,0.24,0.054,88.9,73.9,-15.0,3163.0,1304.0,1859.0,0.909,0.898,4808.0,2920.0,Carting,1888.0,<50km,thin(<1.5/d)
IND000000AFR -> IND683511AAA,Cochin_PanditRd_D (Kerala),Aluva_Peedika_H (Kerala),30.164,8,0.32,0.0,61.0,75.1,14.1,3164.0,1305.0,1859.0,0.893,0.914,4544.0,2726.0,Carting,1818.0,<50km,thin(<1.5/d)
IND583231AAA -> IND583201AAA,Koppal_Banikatt_D (Karnataka),Hospet (Karnataka),30.255,15,0.6,0.0,39.3,45.4,6.1,3166.0,1308.0,1858.0,0.925,0.905,4579.0,2695.0,Carting,1884.0,<50km,thin(<1.5/d)
IND680104AAA -> IND679576AAA,Guruvayoor_ManhrBld_D (Kerala),Edappal_PonaniRD_D (Kerala),30.256,17,0.68,0.0,48.5,57.9,9.5,3166.0,1308.0,1858.0,0.877,0.866,4514.0,2648.0,Carting,1867.0,<50km,thin(<1.5/d)
IND723133AAA -> IND723130AAA,Rghunthpur_barkarRd_D (West Bengal),Hura_Central_D_1 (West Bengal),30.357,13,0.52,0.0,76.7,88.0,11.4,3168.0,1311.0,1857.0,0.787,0.813,4401.0,2591.0,Carting,1810.0,<50km,thin(<1.5/d)
IND147201AAA -> IND148023AAA,Nabha_Sahni_D (Punjab),Malerkotla_DC (Punjab),30.381,7,0.28,0.001,66.4,69.6,3.1,3168.0,1311.0,1857.0,0.788,0.843,4398.0,2627.0,Carting,1771.0,<50km,thin(<1.5/d)
IND562132AAA -> IND560085AAA,Bangalore_Nelmngla_H (Karnataka),Bengaluru_Banshkri_DC (Karnataka),30.413,18,0.72,0.089,68.6,56.3,-12.3,3169.0,1312.0,1857.0,0.948,0.862,5015.0,2988.0,Carting,2027.0,<50km,thin(<1.5/d)
IND211011AAA -> IND212501AAA,Allahabad_Central_D_5 (Uttar Pradesh),Soraon_BypassRD_D (Uttar Pradesh),30.427,13,0.52,0.001,45.3,52.1,6.8,3169.0,1313.0,1857.0,0.908,0.9,4565.0,2701.0,Carting,1864.0,<50km,thin(<1.5/d)
IND515401AAB -> IND515801AAA,Gooty_StatonRd_D (Andhra Pradesh),Guntakal_Verpatem_D (Andhra Pradesh),30.448,18,0.72,0.0,56.3,74.8,18.4,3170.0,1313.0,1856.0,0.967,0.978,4658.0,2830.0,Carting,1828.0,<50km,thin(<1.5/d)
IND723130AAA -> IND723101AAA,Hura_Central_D_1 (West Bengal),Purulia_GariDPP_D (West Bengal),30.532,15,0.6,0.004,46.7,47.4,0.7,3172.0,1316.0,1856.0,0.871,0.864,4525.0,2660.0,Carting,1865.0,<50km,thin(<1.5/d)
IND247667AAA -> IND249407AAA,Roorkee_Dc (Uttarakhand),Haridwar (Uttarakhand),30.532,14,0.56,0.002,83.1,80.8,-2.3,3172.0,1316.0,1856.0,0.973,0.965,4697.0,2828.0,Carting,1869.0,<50km,thin(<1.5/d)
IND673121AAA -> IND670645AAB,Kalpetta_Ward19_D (Kerala),Mananthavady_Central_D_1 (Kerala),30.565,8,0.32,0.0,54.2,70.3,16.0,3172.0,1317.0,1855.0,0.927,0.955,4598.0,2796.0,Carting,1802.0,<50km,thin(<1.5/d)
IND431514AAA -> IND431515AAA,Gangakher_Busstand_D (Maharashtra),Parli_JirgeNgr_D (Maharashtra),30.589,16,0.64,0.003,47.3,47.3,0.0,3173.0,1318.0,1855.0,0.986,0.982,4698.0,2836.0,Carting,1862.0,<50km,thin(<1.5/d)
IND621212AAA -> IND621704AAA,Perambalur_goplpurm_D (Tamil Nadu),Ariyalur_Kmrajngr_D (Tamil Nadu),30.626,16,0.64,0.0,41.3,57.5,16.2,3174.0,1319.0,1855.0,0.954,0.937,4632.0,2763.0,Carting,1869.0,<50km,thin(<1.5/d)
IND560060AAB -> IND560099AAB,Bengaluru_Kengeri_IP (Karnataka),Bengaluru_Bomsndra_HB (Karnataka),30.659,15,0.6,0.0,48.4,50.8,2.4,3174.0,1320.0,1855.0,0.864,0.887,4503.0,2685.0,Carting,1818.0,<50km,thin(<1.5/d)
IND209304AAA -> IND208006AAA,Kanpur_Central_H_6 (Uttar Pradesh),Kanpur_GovndNgr_DC (Uttar Pradesh),30.671,14,0.56,0.039,66.6,54.9,-11.7,3175.0,1320.0,1855.0,0.892,0.635,4714.0,2421.0,Carting,2293.0,<50km,thin(<1.5/d)
IND411014AAA -> IND411033AAA,PNQ Vadgaon Sheri DPC (Maharashtra),Pune_Tathawde_H (Maharashtra),30.686,14,0.56,0.002,73.4,80.4,7.1,3175.0,1321.0,1855.0,0.947,0.939,4652.0,2789.0,Carting,1863.0,<50km,thin(<1.5/d)
IND303301AAB -> IND303303AAA,Bassi_DmodrNGR_D (Rajasthan),Dausa_IndraCln_D (Rajasthan),30.73,12,0.48,0.0,37.8,53.0,15.2,3176.0,1322.0,1854.0,0.958,0.977,4638.0,2822.0,Carting,1816.0,<50km,thin(<1.5/d)
IND507002AAA -> IND507167AAA,Khammam_NSTRoad_I (Telangana),Tallada_PtrlBunk_D (Telangana),30.775,9,0.36,0.005,50.5,49.2,-1.3,3177.0,1323.0,1854.0,0.961,0.955,4673.0,2808.0,Carting,1865.0,<50km,thin(<1.5/d)
IND854311AAA -> IND852118A1B,Araria_Wardn13_D (Bihar),,30.792,3,0.12,0.0,62.1,68.5,6.4,3177.0,1324.0,1854.0,0.98,0.973,4690.0,2831.0,Carting,1859.0,<50km,thin(<1.5/d)
IND642126AAA -> IND642001AAA,Udumalpet_Artclgrd_D (Tamil Nadu),Pollachi_Venkatsa_DC (Tamil Nadu),30.8,17,0.68,0.0,37.7,35.5,-2.2,3178.0,1324.0,1854.0,0.913,0.942,4572.0,2760.0,Carting,1812.0,<50km,thin(<1.5/d)
IND712406AAA -> IND712602AAA,Khanakul_Ramnagar_D (West Bengal),Arambag_BalibDPP_D (West Bengal),30.81,3,0.12,0.002,54.2,57.4,3.2,3178.0,1324.0,1854.0,0.936,0.924,4624.0,2755.0,Carting,1869.0,<50km,thin(<1.5/d)
IND244501AAA -> IND244601AAB,Kanth_Dayanand_D (Uttar Pradesh),Thakurdwara_Fathuluh_D (Uttar Pradesh),30.963,8,0.32,0.0,150.6,221.8,71.2,3181.0,1329.0,1852.0,0.898,0.955,4628.0,2909.0,Carting,1719.0,<50km,thin(<1.5/d)
IND140406AAA -> IND140401AAA,SirhindFatehgarh_DC (Punjab),Rajpura_DC (Punjab),31.025,7,0.28,0.0,60.5,88.7,28.1,3183.0,1331.0,1852.0,0.941,0.958,4634.0,2827.0,Carting,1807.0,<50km,thin(<1.5/d)
IND441904AAB -> IND441912AAA,Bhandara_RjnaiDPP_D (Maharashtra),Bhandara_KaremDPP_D (Maharashtra),31.034,12,0.48,0.0,55.0,68.7,13.6,3183.0,1331.0,1852.0,0.904,0.923,4575.0,2762.0,Carting,1813.0,<50km,thin(<1.5/d)
IND641062AAD -> IND641607AAA,Coimbatore_Karayam_H (Tamil Nadu),Tirupur_Koliplm_I (Tamil Nadu),31.048,12,0.48,0.0,56.9,64.1,7.2,3183.0,1331.0,1852.0,0.941,0.931,4633.0,2771.0,Carting,1862.0,<50km,thin(<1.5/d)
IND458001AAB -> IND458990AAA,Mandsaur_YashDPP_D (Madhya Pradesh),Sitamau_Central_DPP_1 (Madhya Pradesh),31.076,11,0.44,0.0,49.9,51.3,1.4,3184.0,1332.0,1851.0,0.95,0.954,4644.0,2798.0,Carting,1845.0,<50km,thin(<1.5/d)
IND600056AAB -> IND600116AAB,MAA_Poonamallee_HB (Tamil Nadu),Chennai_Porur_DPC (Tamil Nadu),31.085,22,0.88,0.039,66.4,56.9,-9.5,3184.0,1333.0,1851.0,0.969,0.967,4851.0,2991.0,Carting,1861.0,<50km,thin(<1.5/d)
IND515201AAA -> IND515301AAA,Hindupur_Parigi_D (Andhra Pradesh),Madakasira_RTCStand_D (Andhra Pradesh),31.111,14,0.56,0.001,45.2,51.6,6.3,3184.0,1333.0,1851.0,0.919,0.935,4597.0,2774.0,Carting,1823.0,<50km,thin(<1.5/d)
IND627756AAA -> IND626117AAA,Sankaran_Kovil_D (Tamil Nadu),Rajpalayam_AshkTalk_D (Tamil Nadu),31.23,17,0.68,0.0,50.4,54.1,3.7,3187.0,1337.0,1850.0,0.961,0.958,4663.0,2810.0,Carting,1852.0,<50km,thin(<1.5/d)
IND563101AAB -> IND563131AAA,Kolar_Ambedkar_D (Karnataka),Mulbagal_Sunku_D (Karnataka),31.277,14,0.56,0.001,39.1,42.1,3.1,3188.0,1338.0,1850.0,0.969,0.971,4672.0,2829.0,Carting,1844.0,<50km,thin(<1.5/d)
IND700053AAA -> IND743513AAA,CCU_New Alipore_DPC (West Bengal),Fatepur_NH117_D (West Bengal),31.33,4,0.16,0.004,67.9,71.0,3.2,3189.0,1340.0,1849.0,0.939,0.937,4658.0,2809.0,Carting,1849.0,<50km,thin(<1.5/d)
IND560300AAA -> IND560058AAB,Bengaluru_KGAirprt_HB (Karnataka),Bengaluru_Peenya_IP (Karnataka),31.33,37,1.48,0.006,53.2,51.5,-1.7,3189.0,1340.0,1849.0,0.494,0.45,3978.0,2060.0,Carting,1917.0,<50km,thin(<1.5/d)
IND712103AAA -> IND712310AAE,Hoogly_Bandel_D (West Bengal),Kolkata_North_I_4 (West Bengal),31.458,23,0.92,0.0,62.0,86.5,24.5,3192.0,1344.0,1848.0,0.899,0.952,4582.0,2829.0,Carting,1754.0,<50km,thin(<1.5/d)
IND722101AAA -> IND722122AAA,Bankura_KeranDPP_D (West Bengal),Bishnupur_StnRdDPP_D (West Bengal),31.458,8,0.32,0.0,45.5,51.5,6.1,3192.0,1344.0,1848.0,0.964,0.968,4669.0,2831.0,Carting,1838.0,<50km,thin(<1.5/d)
IND442605AAA -> IND441603AAA,Gadchiroli_Central_DPP_1 (Maharashtra),Chamorshi_Central_DPP_1 (Maharashtra),31.538,3,0.12,0.0,47.0,54.1,7.2,3194.0,1346.0,1848.0,0.874,0.909,4535.0,2746.0,Carting,1790.0,<50km,thin(<1.5/d)
IND208006AAA -> IND209304AAA,Kanpur_GovndNgr_DC (Uttar Pradesh),Kanpur_Central_H_6 (Uttar Pradesh),31.582,3,0.12,0.0,58.6,73.9,15.4,3195.0,1347.0,1847.0,0.875,0.915,4546.0,2770.0,Carting,1776.0,<50km,thin(<1.5/d)
IND411033AAA -> IND410505AAB,Pune_Tathawde_H (Maharashtra),Rajgurunagar_Chakan_D (Maharashtra),31.602,7,0.28,0.054,78.0,68.0,-10.0,3195.0,1348.0,1847.0,0.987,0.965,4967.0,3075.0,Carting,1892.0,<50km,thin(<1.5/d)
IND560099AAB -> IND560060AAB,Bengaluru_Bomsndra_HB (Karnataka),Bengaluru_Kengeri_IP (Karnataka),31.642,31,1.24,0.005,47.3,46.9,-0.4,3196.0,1349.0,1847.0,0.533,0.497,4040.0,2138.0,Carting,1901.0,<50km,thin(<1.5/d)
IND518002AAA -> IND518401AAA,Kurnool_AbbasNgr_I (Andhra Pradesh),Nandikotkr_UmarDPP_D (Andhra Pradesh),31.749,13,0.52,0.015,72.4,66.8,-5.6,3198.0,1352.0,1846.0,0.978,0.967,4781.0,2913.0,Carting,1867.0,<50km,thin(<1.5/d)
IND181201AAB -> IND181152AAB,Akhnoor_ThthiCwk_D (Jammu & Kashmir),Jammu_Central_I_1 (Jammu & Kashmir),31.752,8,0.32,0.0,54.0,72.1,18.2,3199.0,1353.0,1846.0,0.832,0.947,4482.0,2821.0,Carting,1662.0,<50km,thin(<1.5/d)
IND335513AAA -> IND335803AAA,Hanumangarh_DC (Rajasthan),Pilibanga_BsstdDPP_D (Rajasthan),31.757,9,0.36,0.005,68.0,66.3,-1.7,3199.0,1353.0,1846.0,0.959,0.961,4702.0,2860.0,Carting,1843.0,<50km,thin(<1.5/d)
IND245304AAA -> IND201007AAA,Pilkhuwa_HapurRD_D (Uttar Pradesh),GZB_Mohan_Nagar_DPC (Uttar Pradesh),31.869,13,0.52,0.0,65.9,72.6,6.6,3201.0,1356.0,1845.0,0.93,0.952,4640.0,2832.0,Carting,1808.0,<50km,thin(<1.5/d)
IND560300AAA -> IND560002AAA,Bengaluru_KGAirprt_HB (Karnataka),Bengaluru_KHRoad_I (Karnataka),31.88,20,0.8,0.006,52.4,50.8,-1.6,3201.0,1356.0,1845.0,0.49,0.446,3984.0,2071.0,Carting,1913.0,<50km,thin(<1.5/d)
IND638657AAA -> IND638701AAA,Dharapuram_Techrcly_D (Tamil Nadu),Kangayam_Thvlrsrt_D (Tamil Nadu),31.947,16,0.64,0.0,55.9,48.4,-7.5,3203.0,1358.0,1844.0,0.978,0.976,4707.0,2854.0,Carting,1852.0,<50km,thin(<1.5/d)
IND812002AAA -> IND813203AAA,Bhagalpur_Pbroad_DC (Bihar),Kahalgaon_NdiaTola_D (Bihar),32.055,18,0.72,0.0,71.9,72.3,0.5,3205.0,1362.0,1844.0,0.942,0.939,4667.0,2819.0,Carting,1848.0,<50km,thin(<1.5/d)
IND177203AAA -> IND177101AAA,Amb_Adrshngr_D (Himachal Pradesh),DehraGopipur_Central_D_1 (Himachal Pradesh),32.074,3,0.12,0.0,81.9,97.3,15.5,3206.0,1362.0,1843.0,0.898,0.923,4608.0,2812.0,Carting,1796.0,<50km,thin(<1.5/d)
IND181152AAB -> IND181201AAB,Jammu_Central_I_1 (Jammu & Kashmir),Akhnoor_ThthiCwk_D (Jammu & Kashmir),32.103,7,0.28,0.001,52.7,55.0,2.3,3206.0,1363.0,1843.0,0.947,0.956,4665.0,2837.0,Carting,1829.0,<50km,thin(<1.5/d)
IND824101AAA -> IND821307AAA,AurngbadBR_Mahindra_D (Bihar),DehriSone_Dilliyan_D (Bihar),32.116,4,0.16,0.001,42.4,57.9,15.6,3207.0,1363.0,1843.0,0.944,0.937,4654.0,2811.0,Carting,1843.0,<50km,thin(<1.5/d)
IND851127AAA -> IND851112AAB,Manjhaul_Purbari_D (Bihar),Barauni_Wardno10_D (Bihar),32.145,4,0.16,0.0,78.9,92.7,13.8,3207.0,1364.0,1843.0,0.965,0.97,4709.0,2882.0,Carting,1827.0,<50km,thin(<1.5/d)
IND560099AAB -> IND560058AAB,Bengaluru_Bomsndra_HB (Karnataka),Bengaluru_Peenya_IP (Karnataka),32.148,38,1.52,0.005,51.6,51.2,-0.4,3207.0,1364.0,1843.0,0.532,0.496,4052.0,2155.0,Carting,1897.0,<50km,medium(1.5-4/d)
IND562132AAA -> IND000000ACS,Bangalore_Nelmngla_H (Karnataka),BLR_HSR_Layout_PC (Karnataka),32.168,6,0.24,0.089,66.3,53.3,-13.0,3208.0,1365.0,1843.0,0.951,0.881,5058.0,3074.0,Carting,1984.0,<50km,thin(<1.5/d)
IND204215AAA -> IND207001AAA,SikandraRao_JydevNGR_D (Uttar Pradesh),Etah_CivlLine_D (Uttar Pradesh),32.196,6,0.24,0.0,69.8,83.2,13.4,3208.0,1366.0,1842.0,0.967,0.979,4707.0,2892.0,Carting,1815.0,<50km,thin(<1.5/d)
IND503185AAA -> IND503187AAA,Bodhan_SuryaDPP_D (Telangana),Banswada_Menagrdn_D (Telangana),32.209,19,0.76,0.002,48.7,55.0,6.3,3209.0,1366.0,1842.0,0.918,0.91,4624.0,2775.0,Carting,1849.0,<50km,thin(<1.5/d)
IND600116AAB -> IND600056AAB,Chennai_Porur_DPC (Tamil Nadu),MAA_Poonamallee_HB (Tamil Nadu),32.217,3,0.12,0.003,60.6,59.3,-1.3,3209.0,1367.0,1842.0,0.969,0.964,4715.0,2864.0,Carting,1851.0,<50km,thin(<1.5/d)
IND678683AAA -> IND000000ABD,Vadakkencherry_Robinson_D (Kerala),Pallakad_ChndrNgr_D (Kerala),32.225,13,0.52,0.002,65.8,72.3,6.5,3209.0,1367.0,1842.0,0.794,0.798,4452.0,2620.0,Carting,1833.0,<50km,thin(<1.5/d)
IND322230AAA -> IND322241AAA,Hindaun_MndwrRod_D (Rajasthan),Karauli_HnsChowk_D (Rajasthan),32.253,14,0.56,0.0,51.2,54.2,2.9,3210.0,1368.0,1842.0,0.964,0.967,4690.0,2855.0,Carting,1836.0,<50km,thin(<1.5/d)
IND803101AAA -> IND805110AAD,BiharSarif_Soghra_D (Bihar),Nawada_Central_DPP_2 (Bihar),32.274,9,0.36,0.0,47.8,46.3,-1.5,3210.0,1368.0,1842.0,0.988,0.97,4723.0,2854.0,Carting,1869.0,<50km,thin(<1.5/d)
IND322241AAA -> IND322201AAA,Karauli_HnsChowk_D (Rajasthan),Gangapur_Ward6DPP_D (Rajasthan),32.305,15,0.6,0.0,41.5,41.5,-0.0,3211.0,1369.0,1842.0,0.973,0.976,4697.0,2861.0,Carting,1836.0,<50km,thin(<1.5/d)
IND473226AAA -> IND473001AAA,Guna_Raghogrh_D (Madhya Pradesh),Guna_HnumnDPP_D (Madhya Pradesh),32.341,10,0.4,0.001,95.7,100.9,5.2,3212.0,1370.0,1841.0,0.915,0.913,4651.0,2810.0,Carting,1841.0,<50km,thin(<1.5/d)
IND825102AAA -> IND827013AAA,Phusro_RhmgjDPP_D (Jharkhand),Bokaro_KSClny_DC (Jharkhand),32.343,3,0.12,0.0,68.7,93.4,24.8,3212.0,1370.0,1841.0,0.937,0.958,4662.0,2869.0,Carting,1793.0,<50km,thin(<1.5/d)
IND641062AAD -> IND641001AAA,Coimbatore_Karayam_H (Tamil Nadu),Coimbatore_Ukkadam_D (Tamil Nadu),32.356,3,0.12,0.0,54.9,61.4,6.5,3212.0,1371.0,1841.0,0.935,0.928,4651.0,2803.0,Carting,1848.0,<50km,thin(<1.5/d)
IND781124AAA -> IND781018AAB,Chhaygaon_GwhRDDPP_D (Assam),Guwahati_Hub (Assam),32.383,6,0.24,0.0,72.6,96.0,23.5,3212.0,1371.0,1841.0,0.946,0.964,4679.0,2881.0,Carting,1798.0,<50km,thin(<1.5/d)
IND607801AAA -> IND606003AAA,Neyveli_NJVNgr_D (Tamil Nadu),Virudhchlm_SelamRd_D (Tamil Nadu),32.399,15,0.6,0.002,41.7,41.8,0.1,3213.0,1372.0,1841.0,0.958,0.943,4685.0,2821.0,Carting,1863.0,<50km,thin(<1.5/d)
IND431603AAA -> IND431708AAA,Nanded_Aswningr_I (Maharashtra),Loha_SivjiCWK_D (Maharashtra),32.404,15,0.6,0.005,60.3,60.4,0.1,3213.0,1372.0,1841.0,0.983,0.983,4748.0,2909.0,Carting,1839.0,<50km,thin(<1.5/d)
IND201007AAA -> IND245304AAA,GZB_Mohan_Nagar_DPC (Uttar Pradesh),Pilkhuwa_HapurRD_D (Uttar Pradesh),32.425,11,0.44,0.004,92.5,93.5,1.0,3213.0,1373.0,1841.0,0.964,0.965,4737.0,2898.0,Carting,1839.0,<50km,thin(<1.5/d)
IND713205AAB -> IND722143AAB,Durgapur_Central_I_1 (West Bengal),Mejia_Central_D_1 (West Bengal),32.445,9,0.36,0.014,88.9,77.0,-12.0,3214.0,1373.0,1840.0,0.973,0.964,4796.0,2934.0,Carting,1862.0,<50km,thin(<1.5/d)
IND722202AAA -> IND722101AAC,Barjora_Central_DPP_1 (West Bengal),Bankura_BhowmDPP_D (West Bengal),32.539,4,0.16,0.0,79.7,96.5,16.9,3216.0,1376.0,1840.0,0.985,0.988,4748.0,2924.0,Carting,1824.0,<50km,thin(<1.5/d)
IND110037AAM -> IND811399AAA,Delhi_Airport_H (Delhi),Noida_Sector02_C (Uttar Pradesh),32.628,11,0.44,0.054,97.1,80.5,-16.6,3218.0,1379.0,1839.0,0.841,0.839,4749.0,2895.0,Carting,1854.0,<50km,thin(<1.5/d)
IND110037AAM -> IND201301AAD,Delhi_Airport_H (Delhi),NOI_RPC (Delhi),32.653,3,0.12,0.054,97.1,80.5,-16.6,3218.0,1380.0,1839.0,0.841,0.839,4749.0,2896.0,Carting,1854.0,<50km,thin(<1.5/d)
IND000000ABG -> IND501359AAF,Hyderabad_Bownplly_C (Telangana),Hyderabad_Shamshbd_P (Telangana),32.683,11,0.44,0.0,60.7,73.6,12.9,3219.0,1380.0,1839.0,0.893,0.907,4600.0,2790.0,Carting,1809.0,<50km,thin(<1.5/d)
IND562132AAA -> IND560078AAC,Bangalore_Nelmngla_H (Karnataka),BLR_JPNagar_Pc (Karnataka),32.686,25,1.0,0.089,65.7,52.5,-13.2,3219.0,1381.0,1839.0,0.951,0.871,5069.0,3071.0,Carting,1998.0,<50km,thin(<1.5/d)
IND303008AAB -> IND303338AAB,Dudu_NrainaRD_D (Rajasthan),Phulera_NarenaRD_D (Rajasthan),32.709,5,0.2,0.0,56.9,56.2,-0.7,3220.0,1381.0,1838.0,0.922,0.932,4641.0,2817.0,Carting,1824.0,<50km,thin(<1.5/d)
IND781018AAB -> IND781003AAA,Guwahati_Hub (Assam),Guwahati_Chandmari (Assam),32.796,7,0.28,0.044,93.2,75.3,-17.9,3222.0,1384.0,1838.0,0.778,0.425,4603.0,2155.0,Carting,2448.0,<50km,thin(<1.5/d)
IND423601AAA -> IND423701AAB,Kopargaon_NkshtrPz_D (Maharashtra),Vaijiapur_YeolaRD_D (Maharashtra),32.798,12,0.48,0.0,44.3,49.7,5.4,3222.0,1384.0,1838.0,0.959,0.959,4691.0,2857.0,Carting,1834.0,<50km,thin(<1.5/d)
IND321001AAB -> IND321001AAA,Bharatpur_NraynDPP_D (Rajasthan),Bharatpur_DC (Rajasthan),32.799,6,0.24,0.001,57.3,64.7,7.4,3222.0,1384.0,1838.0,0.906,0.893,4622.0,2769.0,Carting,1853.0,<50km,thin(<1.5/d)
IND509301AAA -> IND509216AAC,Jadcherla_Badeplly_D (Telangana),Shadnagar_Central_D_1 (Telangana),32.817,5,0.2,0.001,59.4,63.3,3.9,3222.0,1385.0,1837.0,0.969,0.959,4720.0,2870.0,Carting,1850.0,<50km,thin(<1.5/d)
IND126102AAA -> IND126116AAA,Jind_DC (Haryana),,32.845,5,0.2,0.001,47.1,53.5,6.5,3223.0,1385.0,1837.0,0.975,0.978,4722.0,2893.0,Carting,1829.0,<50km,thin(<1.5/d)
IND362001AAA -> IND360370AAA,Junagadh_DPC (Gujarat),Jetpur_DC (Gujarat),32.882,10,0.4,0.0,47.4,47.4,-0.1,3223.0,1386.0,1837.0,0.982,0.978,4728.0,2885.0,Carting,1843.0,<50km,thin(<1.5/d)
IND68004AAA -> IND678683AAA,Thrissur_Poothole_D (Kerala),Vadakkencherry_Robinson_D (Kerala),32.898,14,0.56,0.002,83.0,80.0,-3.0,3224.0,1387.0,1837.0,0.972,0.964,4748.0,2896.0,Carting,1852.0,<50km,thin(<1.5/d)
IND413307AAB -> IND413304AAA,Sangola_Central_DPP_2 (Maharashtra),Pandharpur_RajCmplx_D (Maharashtra),32.91,3,0.12,0.0,48.8,58.2,9.3,3224.0,1387.0,1837.0,0.81,0.813,4472.0,2648.0,Carting,1825.0,<50km,thin(<1.5/d)
IND262701AAA -> IND262802AAA,Lakhimpur_Maheva_D (Uttar Pradesh),Gola_BkgnRoad_D (Uttar Pradesh),32.92,20,0.8,0.0,49.6,48.3,-1.3,3224.0,1388.0,1837.0,0.985,0.958,4735.0,2857.0,Carting,1878.0,<50km,thin(<1.5/d)
IND509216AAC -> IND501359AAE,Shadnagar_Central_D_1 (Telangana),Hyderabad_Shamshbd_H (Telangana),32.924,12,0.48,0.001,49.8,53.7,3.9,3224.0,1388.0,1837.0,0.967,0.959,4710.0,2864.0,Carting,1846.0,<50km,thin(<1.5/d)
IND332001AAB -> IND333042AAA,Sikar_FatehpRd_I (Rajasthan),Nawalgarh_NavldiDPP_D (Rajasthan),32.93,14,0.56,0.01,67.8,70.0,2.2,3224.0,1388.0,1837.0,0.87,0.85,4613.0,2747.0,Carting,1865.0,<50km,thin(<1.5/d)
IND400102AAC -> IND421302AAG,Mumbai_Jogshwri_I (Maharashtra),Bhiwandi_Mankoli_HB (Maharashtra),32.938,28,1.12,0.0,102.9,114.6,11.7,3225.0,1388.0,1836.0,0.98,0.976,4766.0,2931.0,Carting,1835.0,<50km,thin(<1.5/d)
IND421302AAG -> IND400102AAB,Bhiwandi_Mankoli_HB (Maharashtra),Mumbai_Jogeshwri_L (Maharashtra),32.95,33,1.32,0.061,82.6,72.4,-10.2,3225.0,1389.0,1836.0,0.995,0.991,5045.0,3195.0,Carting,1850.0,<50km,thin(<1.5/d)
IND421302AAG -> IND400102AAC,Bhiwandi_Mankoli_HB (Maharashtra),Mumbai_Jogshwri_I (Maharashtra),32.988,62,2.48,0.061,79.8,69.9,-9.9,3226.0,1390.0,1836.0,0.995,0.991,5044.0,3194.0,Carting,1849.0,<50km,medium(1.5-4/d)
IND533106AAA -> IND533308AAB,Rajamundry_AtoNgrRd_I (Andhra Pradesh),Mandapeta_Mainrd_D (Andhra Pradesh),33.004,14,0.56,0.026,84.5,77.2,-7.3,3226.0,1390.0,1836.0,0.982,0.975,4872.0,3019.0,Carting,1853.0,<50km,thin(<1.5/d)
IND781014AAA -> IND781124AAA,Guwahati_Jalukbari (Assam),Chhaygaon_GwhRDDPP_D (Assam),33.037,8,0.32,0.0,51.6,62.6,11.0,3227.0,1391.0,1836.0,0.893,0.909,4601.0,2797.0,Carting,1805.0,<50km,thin(<1.5/d)
IND276128AAA -> IND276305AAA,Azamgarh_ChtwrDPP_D (Uttar Pradesh),Saraimeer_MsmcyDPP_D (Uttar Pradesh),33.163,6,0.24,0.002,67.0,73.9,6.9,3230.0,1395.0,1835.0,0.894,0.88,4621.0,2771.0,Carting,1850.0,<50km,thin(<1.5/d)
IND614616AAA -> IND630002AAA,Aranthangi_HsptlRod_D (Tamil Nadu),Karaikudi_Sbrmnprm_D (Tamil Nadu),33.19,16,0.64,0.0,65.2,62.8,-2.4,3230.0,1396.0,1834.0,0.989,0.971,4758.0,2894.0,Carting,1864.0,<50km,thin(<1.5/d)
IND400102AAB -> IND421302AAG,Mumbai_Jogeshwri_L (Maharashtra),Bhiwandi_Mankoli_HB (Maharashtra),33.2,20,0.8,0.0,66.5,91.8,25.3,3230.0,1396.0,1834.0,0.836,0.945,4528.0,2874.0,Carting,1654.0,<50km,thin(<1.5/d)
IND500050AAA -> IND501218AAC,Patancheru_Ameenpur_I (Telangana),Shamshabad_Lngrguda_D (Telangana),33.223,5,0.2,0.001,90.5,94.7,4.2,3231.0,1397.0,1834.0,0.926,0.919,4684.0,2842.0,Carting,1841.0,<50km,thin(<1.5/d)
IND574239AAA -> IND574221AAA,Sullia_Srirampt_D (Karnataka),Kadaba_AnugrDPP_D (Karnataka),33.259,7,0.28,0.001,80.8,89.5,8.7,3232.0,1398.0,1834.0,0.96,0.966,4729.0,2910.0,Carting,1819.0,<50km,thin(<1.5/d)
IND847103AAA -> IND847404AAB,Benipur_Javahar_D (Bihar),Jhanjharpur_Nagar_D (Bihar),33.27,19,0.76,0.0,58.2,76.0,17.8,3232.0,1398.0,1834.0,0.894,0.938,4612.0,2856.0,Carting,1756.0,<50km,thin(<1.5/d)
IND742226AAA -> IND742102AAB,Sagardighi_UtBzrDPP_D (West Bengal),Berhampore_Central_I_2 (West Bengal),33.289,13,0.52,0.002,61.1,64.0,2.9,3232.0,1399.0,1834.0,0.953,0.948,4710.0,2870.0,Carting,1840.0,<50km,thin(<1.5/d)
IND742226AAA -> IND742101AAC,Sagardighi_UtBzrDPP_D (West Bengal),Baharampur_Chuanpur_I (West Bengal),33.31,6,0.24,0.002,61.9,64.8,2.9,3233.0,1399.0,1834.0,0.951,0.942,4708.0,2863.0,Carting,1845.0,<50km,thin(<1.5/d)
IND625516AAA -> IND685514AAA,Cumbum_LFRoad_D (Tamil Nadu),Kattappana_Palikval_D (Kerala),33.332,7,0.28,0.0,84.5,78.8,-5.7,3233.0,1400.0,1833.0,0.953,0.944,4720.0,2868.0,Carting,1851.0,<50km,thin(<1.5/d)
IND303702AAB -> IND332404AAA,Chomu_ShsmlDPP_D (Rajasthan),Reengus_Shop2DPP_D (Rajasthan),33.344,8,0.32,0.0,39.6,50.2,10.6,3234.0,1400.0,1833.0,0.928,0.951,4652.0,2861.0,Carting,1791.0,<50km,thin(<1.5/d)
IND333001AAA -> IND333028AAA,Jhunjhunu_DC (Rajasthan),Sultana_Central_DPP_1 (Rajasthan),33.367,3,0.12,0.0,73.9,98.9,25.0,3234.0,1401.0,1833.0,0.952,0.964,4711.0,2913.0,Carting,1798.0,<50km,thin(<1.5/d)
IND733140AAA -> IND733102AAA,Gangarampr_FulbaDPP_D (West Bengal),Balurghat_AkhirDPP_D (West Bengal),33.376,9,0.36,0.0,42.0,46.6,4.6,3234.0,1401.0,1833.0,0.951,0.964,4688.0,2879.0,Carting,1809.0,<50km,thin(<1.5/d)
IND160055AAA -> IND160002AAC,Chandigarh_Mohali (Chandigarh),Chandigarh_Mehmdpur_H (Punjab),33.537,21,0.84,0.0,64.4,62.7,-1.7,3238.0,1406.0,1832.0,0.746,0.787,4399.0,2628.0,Carting,1771.0,<50km,thin(<1.5/d)
IND312605AAB -> IND458001AAB,Pratapgarh_Nimachrd_D (Rajasthan),Mandsaur_YashDPP_D (Madhya Pradesh),33.568,12,0.48,0.002,58.0,59.6,1.6,3238.0,1407.0,1831.0,0.926,0.905,4674.0,2812.0,Carting,1862.0,<50km,thin(<1.5/d)
IND176215AAA -> IND176061AAA,Dharamshala_GrudwrRd_D (Himachal Pradesh),Palampur_Cnsrvila_D (Himachal Pradesh),33.6,3,0.12,0.0,87.8,107.2,19.4,3239.0,1408.0,1831.0,0.899,0.915,4647.0,2852.0,Carting,1794.0,<50km,thin(<1.5/d)
IND563130AAA -> IND563131AAB,Malur_NharuExt_D (Karnataka),Bangarapet_KolarRd_D (Karnataka),33.606,10,0.4,0.0,60.4,55.6,-4.8,3239.0,1408.0,1831.0,0.962,0.889,4722.0,2780.0,Carting,1943.0,<50km,thin(<1.5/d)
IND712311AAA -> IND700026AAC,Kolkata_Dankuni_HB (West Bengal),CCU_Lake Avenue_DPC (West Bengal),33.64,29,1.16,0.09,121.2,115.5,-5.7,3240.0,1409.0,1831.0,0.996,0.993,5221.0,3380.0,Carting,1841.0,<50km,thin(<1.5/d)
IND231208AAA -> IND231217AAA,Duddhi_MChwkDPP_D (Uttar Pradesh),Renukoot_Govind_D (Uttar Pradesh),33.655,6,0.24,0.0,44.9,54.8,9.9,3240.0,1410.0,1831.0,0.899,0.915,4619.0,2819.0,Carting,1800.0,<50km,thin(<1.5/d)
IND581115AAC -> IND581110AAE,Ranebennur_SriRmNGR_D (Karnataka),Haveri_GuttalRD_D (Karnataka),33.677,20,0.8,0.0,41.0,46.6,5.6,3241.0,1410.0,1831.0,0.77,0.873,4423.0,2751.0,Carting,1673.0,<50km,thin(<1.5/d)
IND723131AAA -> IND722140AAA,Manbazar_Central_DPP_1 (West Bengal),Khatra_KoralDPP_D (West Bengal),33.694,12,0.48,0.001,55.4,63.7,8.3,3241.0,1411.0,1830.0,0.923,0.915,4666.0,2830.0,Carting,1836.0,<50km,thin(<1.5/d)
IND571111AAB -> IND571313AAB,Gundlupet_Swamylyt_D (Karnataka),Chamarjngr_BrDbleRd_D (Karnataka),33.755,10,0.4,0.001,57.8,69.8,12.0,3243.0,1413.0,1830.0,0.933,0.927,4684.0,2853.0,Carting,1831.0,<50km,thin(<1.5/d)
IND415605AAA -> IND415709AAA,Chiplun_LxmiNiws_D (Maharashtra),Khed_Mahad_D (Maharashtra),33.867,16,0.64,0.002,46.1,51.0,5.0,3245.0,1416.0,1829.0,0.926,0.914,4671.0,2827.0,Carting,1844.0,<50km,thin(<1.5/d)
IND160002AAC -> IND160055AAA,Chandigarh_Mehmdpur_H (Punjab),Chandigarh_Mohali (Chandigarh),33.876,16,0.64,0.053,77.3,55.4,-21.9,3245.0,1416.0,1829.0,0.858,0.586,4787.0,2470.0,Carting,2317.0,<50km,thin(<1.5/d)
IND723130AAA -> IND723131AAA,Hura_Central_D_1 (West Bengal),Manbazar_Central_DPP_1 (West Bengal),33.879,6,0.24,0.004,118.3,120.5,2.2,3245.0,1416.0,1829.0,0.874,0.884,4650.0,2838.0,Carting,1812.0,<50km,thin(<1.5/d)
IND571301AAA -> IND571111AAB,Nanjangud_RPRoad_D (Karnataka),Gundlupet_Swamylyt_D (Karnataka),33.89,8,0.32,0.001,37.6,42.1,4.5,3246.0,1417.0,1829.0,0.964,0.968,4722.0,2902.0,Carting,1820.0,<50km,thin(<1.5/d)
IND575004AAB -> IND574117AAA,Mangalore_Kuntikna_H (Karnataka),Uchila_Busstand_D (Karnataka),33.899,5,0.2,0.013,72.1,78.4,6.3,3246.0,1417.0,1829.0,0.915,0.91,4720.0,2887.0,Carting,1833.0,<50km,thin(<1.5/d)
IND641607AAA -> IND641062AAD,Tirupur_Koliplm_I (Tamil Nadu),Coimbatore_Karayam_H (Tamil Nadu),33.913,20,0.8,0.0,59.9,59.6,-0.3,3246.0,1417.0,1829.0,0.958,0.955,4723.0,2890.0,Carting,1833.0,<50km,thin(<1.5/d)
IND224001AAA -> IND224141AAB,Faizabad_TrnspNgr_D (Uttar Pradesh),Gosainganj_Pakrela_D (Uttar Pradesh),33.928,13,0.52,0.0,45.7,53.7,8.0,3246.0,1418.0,1829.0,0.877,0.9,4593.0,2804.0,Carting,1789.0,<50km,thin(<1.5/d)
IND700026AAC -> IND712311AAA,CCU_Lake Avenue_DPC (West Bengal),Kolkata_Dankuni_HB (West Bengal),33.958,4,0.16,0.0,73.0,79.8,6.8,3247.0,1419.0,1828.0,0.867,0.894,4596.0,2813.0,Carting,1782.0,<50km,thin(<1.5/d)
IND363641AAA -> IND363621AAB,Morbi_DC (Gujarat),Wankaner_JivanDPP_D (Gujarat),33.968,6,0.24,0.0,62.8,73.9,11.1,3247.0,1419.0,1828.0,0.877,0.9,4605.0,2819.0,Carting,1786.0,<50km,thin(<1.5/d)
IND574202AAA -> IND574239AAA,Puttur_Darbe_DC (Karnataka),Sullia_Srirampt_D (Karnataka),33.981,6,0.24,0.001,57.7,68.3,10.6,3248.0,1419.0,1828.0,0.943,0.95,4704.0,2894.0,Carting,1811.0,<50km,thin(<1.5/d)
IND151505AAA -> IND151506AAA,Mansa_GreenVly_D (Punjab),Jhunir_BhaRDDPP_D (Punjab),33.995,5,0.2,0.001,54.2,59.0,4.8,3248.0,1420.0,1828.0,0.914,0.924,4658.0,2848.0,Carting,1810.0,<50km,thin(<1.5/d)
IND605010AAB -> IND604303AAA,Pondicherry_Vasanthm_I (Pondicherry),Marakkanam_MJRDPP_D (Tamil Nadu),34.035,4,0.16,0.007,92.7,103.2,10.4,3249.0,1421.0,1828.0,0.902,0.81,4692.0,2731.0,Carting,1961.0,<50km,thin(<1.5/d)
IND335703AAA -> IND335701AAA,Srivijaynagar_BhwanDPP_D (Rajasthan),Anupgarh_PrmNrDPP_D (Rajasthan),34.043,9,0.36,0.002,45.3,41.2,-4.1,3249.0,1421.0,1828.0,0.892,0.752,4624.0,2582.0,Carting,2041.0,<50km,thin(<1.5/d)
IND341303AAA -> IND341306AAA,Didwana_KatlaDPP_D (Rajasthan),Sujangarh_LdnunDPP_D (Rajasthan),34.118,14,0.56,0.005,49.7,54.8,5.1,3251.0,1424.0,1827.0,0.981,0.983,4779.0,2957.0,Carting,1822.0,<50km,thin(<1.5/d)
IND501359AAE -> IND500050AAA,Hyderabad_Shamshbd_H (Telangana),Patancheru_Ameenpur_I (Telangana),34.16,18,0.72,0.111,58.9,57.3,-1.6,3252.0,1425.0,1827.0,0.991,0.979,5270.0,3419.0,Carting,1850.0,<50km,thin(<1.5/d)
IND506314AAA -> IND506002AAA,Rayaparthi_Perkadrd_D (Telangana),Warangal_HunterRd_I (Telangana),34.205,16,0.64,0.001,80.9,89.1,8.2,3253.0,1426.0,1826.0,0.957,0.916,4748.0,2864.0,Carting,1884.0,<50km,thin(<1.5/d)
IND627811AAA -> IND627401AAA,Tenkasi_RailwyRd_D (Tamil Nadu),Ambasamdrm_Solaiprm_D (Tamil Nadu),34.206,10,0.4,0.0,57.1,69.6,12.5,3253.0,1426.0,1826.0,0.958,0.884,4728.0,2799.0,Carting,1929.0,<50km,thin(<1.5/d)
IND202001AAC -> IND204215AAA,Aligarh_Central_D_2 (Uttar Pradesh),SikandraRao_JydevNGR_D (Uttar Pradesh),34.221,4,0.16,0.0,44.5,51.8,7.3,3253.0,1427.0,1826.0,0.864,0.891,4578.0,2798.0,Carting,1781.0,<50km,thin(<1.5/d)
IND246701AAA -> IND246763AAA,Bijnor_NaginaRd_D (Uttar Pradesh),Najibabad_KotdwrRD_D (Uttar Pradesh),34.26,12,0.48,0.002,47.3,44.0,-3.3,3254.0,1428.0,1826.0,0.882,0.81,4616.0,2680.0,Carting,1936.0,<50km,thin(<1.5/d)
IND641001AAA -> IND641062AAD,Coimbatore_Ukkadam_D (Tamil Nadu),Coimbatore_Karayam_H (Tamil Nadu),34.283,3,0.12,0.0,54.8,56.9,2.1,3254.0,1428.0,1826.0,0.931,0.918,4687.0,2843.0,Carting,1843.0,<50km,thin(<1.5/d)
IND521165AAA -> IND521225AAB,Vuyyuru_BhogdDPP_D (Andhra Pradesh),Vijayawada_Rynapadu_H (Andhra Pradesh),34.361,3,0.12,0.001,72.2,91.0,18.8,3256.0,1431.0,1825.0,0.935,0.928,4710.0,2887.0,Carting,1823.0,<50km,thin(<1.5/d)
IND637408AAA -> IND637001AAA,Rasipurm_Knrpati_D (Tamil Nadu),Namakkal_Rkcomplx_DC (Tamil Nadu),34.408,10,0.4,0.0,51.8,59.9,8.2,3257.0,1432.0,1825.0,0.856,0.885,4576.0,2799.0,Carting,1777.0,<50km,thin(<1.5/d)
IND532001AAB -> IND532127AAA,Srikakulam_Kuslpram_I (Andhra Pradesh),Rajam_SamathBv_D (Andhra Pradesh),34.429,21,0.84,0.007,64.0,64.6,0.7,3257.0,1433.0,1825.0,0.957,0.954,4766.0,2938.0,Carting,1828.0,<50km,thin(<1.5/d)
IND695609AAA -> IND695012AAA,Pangodu_Central_D_1 (Kerala),Trivandrum_Mnanthla_H (Kerala),34.434,3,0.12,0.001,69.8,76.9,7.1,3258.0,1433.0,1825.0,0.947,0.953,4729.0,2918.0,Carting,1811.0,<50km,thin(<1.5/d)
IND506002AAA -> IND506132AAA,Warangal_HunterRd_I (Telangana),Khanpur_Nrsampt_D (Telangana),34.435,20,0.8,0.007,67.6,78.1,10.6,3258.0,1433.0,1825.0,0.53,0.671,4113.0,2512.0,Carting,1602.0,<50km,thin(<1.5/d)
IND423105AAA -> IND423301AAB,Malegaon_Rawlgaon_D (Maharashtra),Satana_ThrbadRD_D (Maharashtra),34.463,7,0.28,0.0,56.9,56.2,-0.7,3258.0,1434.0,1824.0,0.94,0.927,4706.0,2862.0,Carting,1844.0,<50km,thin(<1.5/d)
IND272155AAA -> IND272001AAA,Harraiya_MahuGDPP_D (Uttar Pradesh),Basti_GndhiNgr_D (Uttar Pradesh),34.515,3,0.12,0.0,42.8,49.6,6.8,3259.0,1435.0,1824.0,0.856,0.885,4572.0,2796.0,Carting,1777.0,<50km,thin(<1.5/d)
IND281401AAA -> IND321022AAA,Chhata_GvrdnDPP_D (Uttar Pradesh),Kaman_BsstdDPP_D (Rajasthan),34.546,9,0.36,0.0,67.8,78.5,10.7,3260.0,1436.0,1824.0,0.856,0.885,4590.0,2816.0,Carting,1774.0,<50km,thin(<1.5/d)
IND581343AAC -> IND581314AAA,Kumta_Central_DPP_2 (Karnataka),Ankola_Kakrmath_D (Karnataka),34.619,6,0.24,0.0,61.1,71.4,10.3,3262.0,1439.0,1823.0,0.888,0.941,4635.0,2898.0,Carting,1736.0,<50km,thin(<1.5/d)
IND505001AAA -> IND505302AAB,Karimnagar_DC (Telangana),Vemulawada_Central_DPP_2 (Telangana),34.666,9,0.36,0.0,57.2,64.6,7.4,3263.0,1440.0,1823.0,0.834,0.867,4553.0,2783.0,Carting,1770.0,<50km,thin(<1.5/d)
IND517501AAB -> IND517583AAA,Tirupati_Balajicly_I (Andhra Pradesh),Puttur_Artmclny_D (Andhra Pradesh),34.667,19,0.76,0.0,51.0,44.6,-6.5,3263.0,1440.0,1823.0,0.896,0.88,4640.0,2790.0,Carting,1850.0,<50km,thin(<1.5/d)
IND560078AAC -> IND562132AAA,BLR_JPNagar_Pc (Karnataka),Bangalore_Nelmngla_H (Karnataka),34.673,16,0.64,0.0,65.3,71.4,6.1,3263.0,1440.0,1823.0,0.866,0.89,4605.0,2823.0,Carting,1783.0,<50km,thin(<1.5/d)
IND474003AAA -> IND476001AAA,Gwalior_HrihrNgr_I (Madhya Pradesh),Morena_Prjapati_D (Madhya Pradesh),34.69,3,0.12,0.008,69.6,79.1,9.5,3263.0,1441.0,1822.0,0.891,0.89,4675.0,2859.0,Carting,1817.0,<50km,thin(<1.5/d)
IND500039AAC -> IND501359AAE,Hyderabad_Uppal_I (Telangana),Hyderabad_Shamshbd_H (Telangana),34.745,15,0.6,0.005,125.7,143.0,17.4,3264.0,1442.0,1822.0,0.963,0.964,4814.0,3004.0,Carting,1810.0,<50km,thin(<1.5/d)
IND203131AAA -> IND203135AAA,Khurja_Pnjbiyon_D (Uttar Pradesh),Jewar_SJRoad_D (Uttar Pradesh),34.76,16,0.64,0.0,68.5,66.1,-2.4,3265.0,1443.0,1822.0,0.936,0.907,4714.0,2847.0,Carting,1867.0,<50km,thin(<1.5/d)
IND144527AAA -> IND141115AAA,Garhshnker_Jagrata_D (Punjab),Machhiwara_MnBzrDPP_D (Punjab),34.76,4,0.16,0.0,57.2,64.6,7.4,3265.0,1443.0,1822.0,0.834,0.867,4555.0,2786.0,Carting,1769.0,<50km,thin(<1.5/d)
IND505001AAB -> IND505302AAB,Karimnagar_KamnHbRD_I (Telangana),Vemulawada_Central_DPP_2 (Telangana),34.789,4,0.16,0.012,71.9,71.2,-0.6,3265.0,1444.0,1822.0,0.827,0.809,4597.0,2746.0,Carting,1851.0,<50km,thin(<1.5/d)
IND571430AAA -> IND571124AAA,Malavalli_SulthnRd_D (Karnataka),Tirumakudalu_Narasipr_D (Karnataka),34.818,10,0.4,0.0,62.9,62.9,-0.0,3266.0,1445.0,1821.0,0.962,0.947,4753.0,2909.0,Carting,1844.0,<50km,thin(<1.5/d)
IND332713AAA -> IND332709AAA,NeemKaThana_War5DPP_D (Rajasthan),Khandela_PlsrdDPP_D (Rajasthan),34.847,6,0.24,0.001,64.3,71.2,6.9,3267.0,1445.0,1821.0,0.93,0.918,4708.0,2873.0,Carting,1835.0,<50km,thin(<1.5/d)
IND842003AAB -> IND483225AAA,Jabalpur_Adhartal_IP (Madhya Pradesh),Sihora_KtnRdDPP_D (Madhya Pradesh),34.91,3,0.12,0.012,53.6,52.0,-1.7,3268.0,1447.0,1821.0,0.962,0.956,4799.0,2968.0,Carting,1831.0,<50km,thin(<1.5/d)
IND721636AAB -> IND721602AAB,Tamluk_Central_DPP_2 (West Bengal),Haldia_Central_D_2 (West Bengal),34.919,3,0.12,0.0,59.8,65.1,5.3,3268.0,1448.0,1821.0,0.66,0.809,4299.0,2705.0,Carting,1594.0,<50km,thin(<1.5/d)
IND362001AAA -> IND362220AAA,Junagadh_DPC (Gujarat),Junagadh_keshod_DC (Gujarat),35.029,14,0.56,0.0,47.8,47.1,-0.7,3271.0,1451.0,1820.0,0.978,0.976,4770.0,2946.0,Carting,1823.0,<50km,thin(<1.5/d)
IND518401AAA -> IND518422AAB,Nandikotkr_UmarDPP_D (Andhra Pradesh),Atmakur_IndraNgr_D (Andhra Pradesh),35.061,12,0.48,0.001,44.2,54.6,10.4,3271.0,1452.0,1820.0,0.944,0.95,4720.0,2917.0,Carting,1802.0,<50km,thin(<1.5/d)
IND627117AAA -> IND629001AAA,Vallior_Radhaprm_D (Tamil Nadu),Nagarcoil_AsrplmRd_DC (Tamil Nadu),35.104,11,0.44,0.0,49.8,59.7,9.9,3272.0,1453.0,1819.0,0.851,0.902,4582.0,2846.0,Carting,1735.0,<50km,thin(<1.5/d)
IND623315AAB -> IND614620AAA,Oriyur_Vllyaprm_D (Tamil Nadu),Manamelkudi_TmpleSrt_D (Tamil Nadu),35.117,15,0.6,0.0,47.2,44.9,-2.3,3273.0,1454.0,1819.0,0.843,0.881,4569.0,2806.0,Carting,1763.0,<50km,thin(<1.5/d)
IND562132AAA -> IND560048AAB,Bangalore_Nelmngla_H (Karnataka),Bengaluru_Hoodi_IP (Karnataka),35.129,18,0.72,0.089,69.9,60.6,-9.3,3273.0,1454.0,1819.0,0.931,0.849,5089.0,3107.0,Carting,1982.0,<50km,thin(<1.5/d)
IND331023AAA -> IND331304AAA,Rajgarh_SadulDPP_D (Rajasthan),Taranagar_RajRdDPP_D (Rajasthan),35.142,3,0.12,0.001,53.6,48.7,-4.9,3273.0,1454.0,1819.0,0.932,0.924,4712.0,2878.0,Carting,1834.0,<50km,thin(<1.5/d)
IND110037AAM -> IND201301AAF,Delhi_Airport_H (Delhi),Noida_Sec 02_DPC (Uttar Pradesh),35.177,5,0.2,0.054,87.1,76.0,-11.1,3274.0,1455.0,1819.0,0.828,0.848,4777.0,2985.0,Carting,1792.0,<50km,thin(<1.5/d)
IND248122AAB -> IND248001AAA,Mussoorie_BrlwgDPP_D (Uttarakhand),Dehradun (Uttarakhand),35.244,15,0.6,0.0,87.3,97.1,9.8,3275.0,1457.0,1818.0,0.898,0.946,4683.0,2943.0,Carting,1740.0,<50km,thin(<1.5/d)
IND852113AAA -> IND852139AAB,Madhepura_Krishnpr_D (Bihar),Triveninganj_Central_D_1 (Bihar),35.271,19,0.76,0.001,54.6,53.2,-1.4,3276.0,1458.0,1818.0,0.951,0.963,4743.0,2942.0,Carting,1801.0,<50km,thin(<1.5/d)
IND390020AAA -> IND391110AAD,Vadodara (Gujarat),Dabhoi_Central_DPP_3 (Gujarat),35.34,7,0.28,0.001,61.9,60.7,-1.2,3277.0,1460.0,1817.0,0.949,0.943,4747.0,2920.0,Carting,1827.0,<50km,thin(<1.5/d)
IND263153AAB -> IND263139AAA,Rudrapur_UdhamNgr_H (Uttarakhand),Haldwani_PiliKoti_D (Uttarakhand),35.443,7,0.28,0.007,81.7,83.3,1.5,3280.0,1463.0,1816.0,0.947,0.957,4785.0,2986.0,Carting,1799.0,<50km,thin(<1.5/d)
IND000000ACB -> IND122001AAA,Gurgaon_Bilaspur_HB (Haryana),GGN_DPC (Haryana),35.462,57,2.28,0.191,67.0,57.3,-9.8,3280.0,1464.0,1816.0,0.947,0.885,5558.0,3589.0,Carting,1968.0,<50km,medium(1.5-4/d)
IND781005AAA -> IND781018AAB,Guwahati_North (Assam),Guwahati_Hub (Assam),35.462,10,0.4,0.0,56.1,67.2,11.1,3280.0,1464.0,1816.0,0.917,0.95,4692.0,2933.0,Carting,1759.0,<50km,thin(<1.5/d)
IND641011AAA -> IND641062AAD,Cjb_West_Dc (Tamil Nadu),Coimbatore_Karayam_H (Tamil Nadu),35.473,9,0.36,0.0,77.1,105.1,28.0,3280.0,1464.0,1816.0,0.928,0.954,4723.0,2965.0,Carting,1758.0,<50km,thin(<1.5/d)
IND401209AAB -> IND421302AAH,Mumbai_Vasai_CP (Maharashtra),Bhiwandi_Mankoli_GW (Maharashtra),35.548,19,0.76,0.0,58.2,67.2,9.0,3282.0,1466.0,1816.0,0.88,0.916,4641.0,2885.0,Carting,1756.0,<50km,thin(<1.5/d)
IND263139AAA -> IND263153AAB,Haldwani_PiliKoti_D (Uttarakhand),Rudrapur_UdhamNgr_H (Uttarakhand),35.611,6,0.24,0.0,65.6,79.0,13.3,3283.0,1468.0,1815.0,0.919,0.951,4706.0,2948.0,Carting,1758.0,<50km,thin(<1.5/d)
IND415003AAA -> IND412803AAB,Satara_DC (Maharashtra),Wai_Central_DPP_3 (Maharashtra),35.631,7,0.28,0.006,51.3,56.6,5.2,3284.0,1469.0,1815.0,0.801,0.824,4540.0,2764.0,Carting,1775.0,<50km,thin(<1.5/d)
IND600056AAB -> IND600044AAD,MAA_Poonamallee_HB (Tamil Nadu),Chennai_Chrompet_DPC (Tamil Nadu),35.658,7,0.28,0.039,73.2,66.4,-6.9,3284.0,1470.0,1815.0,0.973,0.977,4964.0,3150.0,Carting,1814.0,<50km,thin(<1.5/d)
IND391110AAD -> IND390020AAA,Dabhoi_Central_DPP_3 (Gujarat),Vadodara (Gujarat),35.694,4,0.16,0.0,50.1,59.3,9.2,3285.0,1471.0,1814.0,0.61,0.749,4234.0,2635.0,Carting,1599.0,<50km,thin(<1.5/d)
IND515004AAA -> IND515671AAA,Anantapur_KamaStrt_I (Andhra Pradesh),Dharmavram_SaiNgr_D (Andhra Pradesh),35.716,13,0.52,0.013,70.0,70.5,0.5,3286.0,1471.0,1814.0,0.979,0.978,4857.0,3042.0,Carting,1815.0,<50km,thin(<1.5/d)
IND122001AAA -> IND000000ACB,GGN_DPC (Haryana),Gurgaon_Bilaspur_HB (Haryana),35.732,20,0.8,0.007,70.6,70.3,-0.3,3286.0,1472.0,1814.0,0.891,0.941,4698.0,2960.0,Carting,1738.0,<50km,thin(<1.5/d)
IND781022AAA -> IND781018AAB,Guwahati_Sixmile (Assam),Guwahati_Hub (Assam),35.736,12,0.48,0.0,44.9,55.5,10.6,3286.0,1472.0,1814.0,0.493,0.605,4056.0,2416.0,Carting,1640.0,<50km,thin(<1.5/d)
IND827013AAA -> IND829121AAA,Bokaro_KSClny_DC (Jharkhand),Peterbar_GagiDPP_D (Jharkhand),35.768,5,0.2,0.001,52.5,53.7,1.1,3287.0,1473.0,1814.0,0.966,0.972,4774.0,2971.0,Carting,1803.0,<50km,thin(<1.5/d)
IND122004AAA -> IND122413AAE,Gurgaon_Begumpur_CP (Haryana),Gurgaon_Bilaspur_P (Haryana),35.791,43,1.72,0.0,60.1,68.4,8.3,3287.0,1474.0,1814.0,0.883,0.918,4652.0,2896.0,Carting,1756.0,<50km,medium(1.5-4/d)
IND571440AAA -> IND571430AAA,Kollegala_NarsipuraRd_D (Karnataka),Malavalli_SulthnRd_D (Karnataka),35.805,10,0.4,0.0,65.4,62.7,-2.7,3288.0,1474.0,1814.0,0.489,0.595,4065.0,2409.0,Carting,1656.0,<50km,thin(<1.5/d)
IND600056AAB -> IND600044AAE,MAA_Poonamallee_HB (Tamil Nadu),Chennai_Chrompet_L (Tamil Nadu),35.82,34,1.36,0.039,78.4,69.2,-9.1,3288.0,1475.0,1813.0,0.974,0.978,4973.0,3158.0,Carting,1814.0,<50km,thin(<1.5/d)
IND518206AAA -> IND518222AAA,Betamcherla_CmtNgRod_D (Andhra Pradesh),Dhone_RmNyrDPP_D (Andhra Pradesh),35.97,4,0.16,0.001,87.9,83.6,-4.3,3291.0,1479.0,1812.0,0.943,0.957,4767.0,2973.0,Carting,1794.0,<50km,thin(<1.5/d)
IND590016AAA -> IND591302AAB,Belgaum_Dc (Karnataka),Khanapur_StatinRD_D (Karnataka),35.98,5,0.2,0.0,63.7,60.3,-3.4,3292.0,1479.0,1812.0,0.969,0.972,4790.0,2979.0,Carting,1811.0,<50km,thin(<1.5/d)
IND174307AAA -> IND176041AAA,Bangana_Bhaleti_D (Himachal Pradesh),Bhota_BpassDPP_D (Himachal Pradesh),35.982,17,0.68,0.0,101.2,121.6,20.3,3292.0,1479.0,1812.0,0.728,0.859,4451.0,2849.0,Carting,1601.0,<50km,thin(<1.5/d)
IND852131AAA -> IND852201AAA,Supaul_SadrHsptl_D (Bihar),Saharsa_Gangjala_D (Bihar),36.029,8,0.32,0.0,66.2,80.2,14.0,3293.0,1481.0,1812.0,0.93,0.96,4732.0,2974.0,Carting,1758.0,<50km,thin(<1.5/d)
IND500050AAA -> IND501359AAE,Patancheru_Ameenpur_I (Telangana),Hyderabad_Shamshbd_H (Telangana),36.074,21,0.84,0.001,99.9,100.3,0.5,3294.0,1482.0,1811.0,0.953,0.953,4793.0,2982.0,Carting,1810.0,<50km,thin(<1.5/d)
IND516101AAA -> IND516115AAA,Koduru_MGRoad_D (Andhra Pradesh),Rajampet_RSRoad_D (Andhra Pradesh),36.104,18,0.72,0.0,53.3,48.2,-5.1,3294.0,1483.0,1811.0,0.941,0.958,4742.0,2953.0,Carting,1789.0,<50km,thin(<1.5/d)
IND670645AAB -> IND673592AAA,Mananthavady_Central_D_1 (Kerala),SultnBthry_Kollgpra_D (Kerala),36.162,6,0.24,0.0,86.8,96.0,9.3,3296.0,1485.0,1811.0,0.951,0.964,4782.0,2996.0,Carting,1786.0,<50km,thin(<1.5/d)
IND560300AAA -> IND560085AAA,Bengaluru_KGAirprt_HB (Karnataka),Bengaluru_Banshkri_DC (Karnataka),36.191,18,0.72,0.006,65.4,60.6,-4.8,3296.0,1486.0,1810.0,0.77,0.763,4514.0,2690.0,Carting,1825.0,<50km,thin(<1.5/d)
IND501359AAE -> IND500039AAC,Hyderabad_Shamshbd_H (Telangana),Hyderabad_Uppal_I (Telangana),36.216,10,0.4,0.111,58.4,56.1,-2.3,3297.0,1486.0,1810.0,0.995,0.99,5323.0,3502.0,Carting,1822.0,<50km,thin(<1.5/d)
IND501359AAE -> IND500039AAD,Hyderabad_Shamshbd_H (Telangana),Hyderabad_Uppal_L (Telangana),36.227,6,0.24,0.111,60.4,58.0,-2.4,3297.0,1487.0,1810.0,0.995,0.99,5325.0,3503.0,Carting,1822.0,<50km,thin(<1.5/d)
IND521301AAA -> IND521001AAA,Gudivada_GvrCompx_D (Andhra Pradesh),Machilipatnam_DC (Andhra Pradesh),36.296,19,0.76,0.0,49.9,54.2,4.3,3299.0,1489.0,1810.0,0.981,0.987,4803.0,3005.0,Carting,1798.0,<50km,thin(<1.5/d)
IND507111AAA -> IND507117AAB,Bhadrachalam_ITDARd_D (Telangana),Manuguru_AskNagar_D (Telangana),36.331,19,0.76,0.0,57.2,65.5,8.3,3299.0,1490.0,1809.0,0.894,0.929,4678.0,2927.0,Carting,1751.0,<50km,thin(<1.5/d)
IND713205AAB -> IND713303AAA,Durgapur_Central_I_1 (West Bengal),Asansol_DC (West Bengal),36.35,5,0.2,0.014,83.5,76.2,-7.2,3300.0,1490.0,1809.0,0.989,0.987,4903.0,3085.0,Carting,1818.0,<50km,thin(<1.5/d)
IND124112AAA -> IND125033AAA,Meham_GModDPP_D (Haryana),Hansi_DelRdDPP_D (Haryana),36.352,4,0.16,0.005,50.2,52.6,2.3,3300.0,1491.0,1809.0,0.977,0.982,4822.0,3022.0,Carting,1800.0,<50km,thin(<1.5/d)
IND231217AAA -> IND231225AAB,Renukoot_Govind_D (Uttar Pradesh),Anpara_Parasi_D (Uttar Pradesh),36.377,7,0.28,0.0,50.5,48.9,-1.6,3300.0,1491.0,1809.0,0.955,0.92,4766.0,2904.0,Carting,1862.0,<50km,thin(<1.5/d)
IND600044AAE -> IND600056AAB,Chennai_Chrompet_L (Tamil Nadu),MAA_Poonamallee_HB (Tamil Nadu),36.445,29,1.16,0.0,69.5,75.5,6.0,3302.0,1493.0,1808.0,0.98,0.986,4818.0,3023.0,Carting,1795.0,<50km,thin(<1.5/d)
IND181152AAB -> IND184121AAA,Jammu_Central_I_1 (Jammu & Kashmir),Samba_Wardno13_D (Jammu & Kashmir),36.463,4,0.16,0.001,70.7,71.2,0.5,3302.0,1494.0,1808.0,0.951,0.963,4779.0,2989.0,Carting,1790.0,<50km,thin(<1.5/d)
IND600032AAB -> IND600056AAB,Chennai_Hub (Tamil Nadu),MAA_Poonamallee_HB (Tamil Nadu),36.479,64,2.56,0.0,61.5,64.3,2.9,3303.0,1494.0,1808.0,0.969,0.972,4798.0,2996.0,Carting,1802.0,<50km,medium(1.5-4/d)
IND181152AAA -> IND184121AAA,Jammu_TrnptNgr_L (Jammu & Kashmir),Samba_Wardno13_D (Jammu & Kashmir),36.502,5,0.2,0.0,50.2,64.5,14.3,3303.0,1495.0,1808.0,0.955,0.975,4769.0,3001.0,Carting,1768.0,<50km,thin(<1.5/d)
IND845412AAB -> IND845401AAA,Chakia_Wardno10_D (Bihar),Motihari_RajaBzr_D (Bihar),36.541,15,0.6,0.0,52.2,62.0,9.8,3304.0,1496.0,1808.0,0.917,0.95,4714.0,2962.0,Carting,1752.0,<50km,thin(<1.5/d)
IND521001AAA -> IND521165AAA,Machilipatnam_DC (Andhra Pradesh),Vuyyuru_BhogdDPP_D (Andhra Pradesh),36.565,3,0.12,0.0,46.9,44.7,-2.2,3304.0,1497.0,1807.0,0.915,0.902,4710.0,2881.0,Carting,1829.0,<50km,thin(<1.5/d)
IND602001AAB -> IND609001AAA,Kumbakonam_Mettu_DC (Tamil Nadu),Mylduthuri_Thiruviz_D (Tamil Nadu),36.582,11,0.44,0.0,49.5,56.7,7.2,3305.0,1497.0,1807.0,0.891,0.927,4674.0,2925.0,Carting,1749.0,<50km,thin(<1.5/d)
IND384205AAA -> IND384355AAB,Mehsana_Panchot_IP (Gujarat),Vadnagar_BsstdDPP_D (Gujarat),36.604,13,0.52,0.008,61.7,65.6,4.0,3305.0,1498.0,1807.0,0.986,0.985,4863.0,3057.0,Carting,1806.0,<50km,thin(<1.5/d)
IND600056AAB -> IND600032AAB,MAA_Poonamallee_HB (Tamil Nadu),Chennai_Hub (Tamil Nadu),36.613,52,2.08,0.039,70.6,63.4,-7.2,3305.0,1498.0,1807.0,0.979,0.982,4993.0,3185.0,Carting,1807.0,<50km,medium(1.5-4/d)
IND560048AAB -> IND562132AAA,Bengaluru_Hoodi_IP (Karnataka),Bangalore_Nelmngla_H (Karnataka),36.637,17,0.68,0.001,95.1,92.9,-2.3,3306.0,1499.0,1807.0,0.861,0.84,4664.0,2824.0,Carting,1840.0,<50km,thin(<1.5/d)
IND500039AAD -> IND501359AAE,Hyderabad_Uppal_L (Telangana),Hyderabad_Shamshbd_H (Telangana),36.64,8,0.32,0.0,62.2,72.1,9.9,3306.0,1499.0,1807.0,0.934,0.969,4749.0,3001.0,Carting,1747.0,<50km,thin(<1.5/d)
IND600016AAB -> IND600044AAC,Chennai_Alandur_C (Tamil Nadu),Chennai_Chrompet_PC (Tamil Nadu),36.643,22,0.88,0.0,60.5,69.3,8.8,3306.0,1499.0,1807.0,0.891,0.927,4683.0,2936.0,Carting,1747.0,<50km,thin(<1.5/d)
IND131028AAB -> IND124507AAA,Sonipat_Kundli_H (Haryana),Bahadurgarh_DC (Haryana),36.719,10,0.4,0.053,94.5,82.0,-12.4,3308.0,1502.0,1806.0,0.99,0.979,5092.0,3260.0,Carting,1833.0,<50km,thin(<1.5/d)
IND415301AAB -> IND413307AAB,Atapadi_Vidyangr_D (Maharashtra),Sangola_Central_DPP_2 (Maharashtra),36.73,4,0.16,0.0,61.7,70.2,8.5,3308.0,1502.0,1806.0,0.954,0.959,4782.0,2989.0,Carting,1793.0,<50km,thin(<1.5/d)
IND600056AAB -> IND600016AAC,MAA_Poonamallee_HB (Tamil Nadu),Chennai_Perungudi_DPC (Tamil Nadu),36.73,13,0.52,0.039,70.9,63.7,-7.2,3308.0,1502.0,1806.0,0.978,0.981,4994.0,3188.0,Carting,1806.0,<50km,thin(<1.5/d)
IND622407AAA -> IND622001AAA,Ponnamaravathi_Puduvalvu_D (Tamil Nadu),Pudukkotti_Mrthndpr_D (Tamil Nadu),36.757,14,0.56,0.0,64.1,60.8,-3.3,3309.0,1503.0,1806.0,0.968,0.917,4804.0,2918.0,Carting,1886.0,<50km,thin(<1.5/d)
IND600044AAD -> IND600056AAB,Chennai_Chrompet_DPC (Tamil Nadu),MAA_Poonamallee_HB (Tamil Nadu),36.77,17,0.68,0.004,80.3,84.4,4.0,3309.0,1503.0,1806.0,0.971,0.972,4835.0,3033.0,Carting,1802.0,<50km,thin(<1.5/d)
IND423106AAA -> IND423105AAA,Manmad_Malegaon_D (Maharashtra),Malegaon_Rawlgaon_D (Maharashtra),36.795,8,0.32,0.0,61.2,70.7,9.5,3309.0,1504.0,1806.0,0.942,0.977,4764.0,3016.0,Carting,1748.0,<50km,thin(<1.5/d)
IND173212AAA -> IND173220AAA,Solan_MohanPrk_D (Himachal Pradesh),Parwanoo_Central_D_1 (Himachal Pradesh),36.82,5,0.2,0.001,67.0,66.1,-0.9,3310.0,1505.0,1805.0,0.962,0.963,4802.0,2997.0,Carting,1805.0,<50km,thin(<1.5/d)
IND501359AAE -> IND509358AAA,Hyderabad_Shamshbd_H (Telangana),Kadthal_GndhiDPP_D (Telangana),36.834,17,0.68,0.111,54.3,52.2,-2.1,3310.0,1505.0,1805.0,0.994,0.989,5333.0,3514.0,Carting,1818.0,<50km,thin(<1.5/d)
IND500039AAC -> IND508116AAA,Hyderabad_Uppal_I (Telangana),Bhuvanagiri_HBColny_D (Telangana),36.897,13,0.52,0.005,92.4,110.0,17.6,3312.0,1507.0,1805.0,0.981,0.982,4866.0,3074.0,Carting,1792.0,<50km,thin(<1.5/d)
IND786001AAB -> IND786602AAA,Dibrugarh_Bokule_H (Assam),Duliajan_StatonRd_D (Assam),36.908,13,0.52,0.012,76.1,73.7,-2.4,3312.0,1507.0,1805.0,0.989,0.988,4898.0,3090.0,Carting,1808.0,<50km,thin(<1.5/d)
IND125121AAA -> IND125001AAA,Barwala_Central_DPP_1 (Haryana),Hisar_ModelTwn_P (Haryana),36.948,3,0.12,0.002,53.7,50.2,-3.5,3313.0,1508.0,1804.0,0.961,0.947,4797.0,2970.0,Carting,1827.0,<50km,thin(<1.5/d)
IND312601AAA -> IND458664AAA,Nimbahera_MsjidDPP_D (Rajasthan),Neemuch_KarjuDPP_D (Madhya Pradesh),37.019,6,0.24,0.001,70.2,74.6,4.4,3314.0,1511.0,1804.0,0.911,0.912,4732.0,2931.0,Carting,1800.0,<50km,thin(<1.5/d)
IND509358AAA -> IND509324AAA,Kadthal_GndhiDPP_D (Telangana),Kalwakurthy_VidyaNGR_D (Telangana),37.046,9,0.36,0.001,52.9,49.8,-3.2,3315.0,1511.0,1804.0,0.985,0.983,4833.0,3025.0,Carting,1808.0,<50km,thin(<1.5/d)
IND515671AAA -> IND515134AAA,Dharmavram_SaiNgr_D (Andhra Pradesh),Puttaprthi_Gokulam_D (Andhra Pradesh),37.109,13,0.52,0.003,55.7,61.6,5.9,3316.0,1513.0,1803.0,0.989,0.989,4849.0,3051.0,Carting,1798.0,<50km,thin(<1.5/d)
IND712410AAC -> IND712406AAA,Tarkeshwar_Naraynpr_D (West Bengal),Khanakul_Ramnagar_D (West Bengal),37.138,6,0.24,0.002,71.2,69.2,-2.0,3317.0,1514.0,1803.0,0.853,0.821,4650.0,2797.0,Carting,1852.0,<50km,thin(<1.5/d)
IND000000ACA -> IND147301AAA,Ludhiana_MilrGanj_HB (Punjab),Mandi_Gobindgarh_DC (Punjab),37.142,3,0.12,0.013,53.5,51.0,-2.5,3317.0,1514.0,1803.0,0.946,0.93,4827.0,2997.0,Carting,1830.0,<50km,thin(<1.5/d)
IND577132AAD -> IND573134AAB,Mudigere_HesglDPP_D (Karnataka),Sakleshpur_RgvdrDPP_D (Karnataka),37.175,11,0.44,0.001,60.7,66.7,6.0,3318.0,1515.0,1803.0,0.94,0.95,4772.0,2988.0,Carting,1784.0,<50km,thin(<1.5/d)
IND246725AAB -> IND246701AAA,Chandpur_NorprRD_D (Uttar Pradesh),Bijnor_NaginaRd_D (Uttar Pradesh),37.177,10,0.4,0.002,56.3,51.3,-5.0,3318.0,1515.0,1803.0,0.965,0.955,4812.0,2991.0,Carting,1820.0,<50km,thin(<1.5/d)
IND261201AAB -> IND261001AAA,Biswan_PatelNGR_D (Uttar Pradesh),Sitapur_Chowk_D (Uttar Pradesh),37.215,19,0.76,0.0,58.1,67.0,8.8,3319.0,1516.0,1802.0,0.873,0.913,4668.0,2930.0,Carting,1738.0,<50km,thin(<1.5/d)
IND602001AAA -> IND600116AAB,Chennai_Thiruvlr_DC (Tamil Nadu),Chennai_Porur_DPC (Tamil Nadu),37.272,3,0.12,0.0,52.9,61.4,8.5,3320.0,1518.0,1802.0,0.938,0.966,4763.0,3009.0,Carting,1754.0,<50km,thin(<1.5/d)
IND621010AAA -> IND621212AAA,Thuraiyur_Mthrapuri_D (Tamil Nadu),Perambalur_goplpurm_D (Tamil Nadu),37.384,16,0.64,0.0,65.9,63.8,-2.2,3322.0,1522.0,1801.0,0.939,0.888,4776.0,2896.0,Carting,1879.0,<50km,thin(<1.5/d)
IND673632AAA -> IND673305AAA,Kozhikode_Central_H_4 (Kerala),Koyilandy_Pshrikvu_D (Kerala),37.395,4,0.16,0.002,69.3,60.7,-8.6,3323.0,1522.0,1801.0,0.872,0.774,4687.0,2732.0,Carting,1954.0,<50km,thin(<1.5/d)
IND603001AAA -> IND603301AAA,Chennai_Chnglptu_DC (Tamil Nadu),Malemruvathur_Achipkam_D (Tamil Nadu),37.487,13,0.52,0.0,56.3,58.9,2.5,3325.0,1525.0,1800.0,0.901,0.882,4716.0,2889.0,Carting,1827.0,<50km,thin(<1.5/d)
IND132001AAA -> IND132103AAB,Karnal (Haryana),Panipat_PC (Haryana),37.5,3,0.12,0.0,112.0,114.1,2.0,3325.0,1525.0,1800.0,0.972,0.981,4860.0,3075.0,Carting,1785.0,<50km,thin(<1.5/d)
IND826004AAA -> IND828401AAB,Dhanbad_Kalynpur_I (Jharkhand),Gomoh_KhsmiDPP_D (Jharkhand),37.514,3,0.12,0.01,89.7,78.0,-11.7,3325.0,1525.0,1800.0,0.829,0.798,4667.0,2811.0,Carting,1856.0,<50km,thin(<1.5/d)
IND362225AAA -> IND362265AAA,Mangrol_JilRDDPP_D (Gujarat),Veraval_DC (Gujarat),37.546,6,0.24,0.0,46.6,58.0,11.3,3326.0,1526.0,1800.0,0.94,0.968,4767.0,3017.0,Carting,1750.0,<50km,thin(<1.5/d)
IND573103AAA -> IND577116AAA,Arsikere_HsnRdDPP_D (Karnataka),,37.589,5,0.2,0.0,62.0,70.9,8.9,3327.0,1528.0,1799.0,0.956,0.952,4805.0,3004.0,Carting,1800.0,<50km,thin(<1.5/d)
IND847212AAA -> IND847226AAA,Madhubani_Bardivan_D (Bihar),Jaynagar_Wardno6_D (Bihar),37.633,21,0.84,0.0,43.0,45.8,2.8,3328.0,1529.0,1799.0,0.917,0.921,4734.0,2943.0,Carting,1791.0,<50km,thin(<1.5/d)
IND174001AAA -> IND175018AAA,BilaspurHP_Indsarea_D (Himachal Pradesh),SundarNgr_Bhogpur_D (Himachal Pradesh),37.668,15,0.6,0.002,52.0,51.9,-0.1,3329.0,1530.0,1799.0,0.935,0.816,4776.0,2798.0,Carting,1978.0,<50km,thin(<1.5/d)
IND577002AAA -> IND581115AAC,Davangere_Central_I_1 (Karnataka),Ranebennur_SriRmNGR_D (Karnataka),37.752,19,0.76,0.003,63.9,65.8,1.9,3331.0,1533.0,1798.0,0.979,0.976,4856.0,3055.0,Carting,1801.0,<50km,thin(<1.5/d)
IND518501AAA -> IND518124AAA,Nandyal_SrnvsNgr_D (Andhra Pradesh),Bngnpalle_Enkndla_D (Andhra Pradesh),37.815,15,0.6,0.001,58.6,54.4,-4.2,3332.0,1534.0,1797.0,0.986,0.982,4855.0,3050.0,Carting,1805.0,<50km,thin(<1.5/d)
IND573201AAB -> IND573116AAA,Hassan_Pandrnga_I (Karnataka),Channaraya_patna_D (Karnataka),37.859,14,0.56,0.013,61.6,64.0,2.4,3333.0,1536.0,1797.0,0.987,0.984,4910.0,3110.0,Carting,1799.0,<50km,thin(<1.5/d)
IND560300AAA -> IND560048AAB,Bengaluru_KGAirprt_HB (Karnataka),Bengaluru_Hoodi_IP (Karnataka),37.96,4,0.16,0.006,66.0,63.2,-2.8,3335.0,1539.0,1796.0,0.672,0.631,4404.0,2543.0,Carting,1861.0,<50km,thin(<1.5/d)
IND457001AAA -> IND457226AAA,Ratlam_Khjurwli_DC (Madhya Pradesh),Jaora_RtlamNka_D (Madhya Pradesh),37.985,16,0.64,0.0,85.6,101.0,15.5,3336.0,1540.0,1796.0,0.714,0.835,4465.0,2860.0,Carting,1605.0,<50km,thin(<1.5/d)
IND509001AAA -> IND509203AAA,Mahabubnagar_DC (Telangana),Bijnapally_nagar_D (Telangana),38.028,19,0.76,0.001,65.1,61.4,-3.8,3337.0,1541.0,1796.0,0.986,0.981,4864.0,3059.0,Carting,1805.0,<50km,thin(<1.5/d)
IND560058AAB -> IND560099AAB,Bengaluru_Peenya_IP (Karnataka),Bengaluru_Bomsndra_HB (Karnataka),38.028,22,0.88,0.0,64.5,60.0,-4.5,3337.0,1541.0,1796.0,0.878,0.787,4696.0,2762.0,Carting,1935.0,<50km,thin(<1.5/d)
IND000000ACB -> IND110043AAA,Gurgaon_Bilaspur_HB (Haryana),Delhi_Nangli_IP (Delhi),38.086,17,0.68,0.191,74.7,64.1,-10.6,3338.0,1543.0,1795.0,0.968,0.926,5671.0,3769.0,Carting,1901.0,<50km,thin(<1.5/d)
IND627401AAA -> IND627005AAA,Ambasamdrm_Solaiprm_D (Tamil Nadu),Tirunelveli_VdkkuSrt_I (Tamil Nadu),38.106,13,0.52,0.0,67.4,62.3,-5.0,3338.0,1543.0,1795.0,0.978,0.935,4850.0,2987.0,Carting,1863.0,<50km,thin(<1.5/d)
IND571401AAA -> IND562160AAB,Mandya_Dc (Karnataka),Chanapatna_Central_D_2 (Karnataka),38.148,10,0.4,0.0,82.7,89.8,7.1,3339.0,1544.0,1795.0,0.766,0.921,4543.0,2986.0,Carting,1557.0,<50km,thin(<1.5/d)
IND742102AAB -> IND742303AAB,Berhampore_Central_I_2 (West Bengal),Domkal_Central_D_2 (West Bengal),38.168,12,0.48,0.006,62.8,65.0,2.2,3340.0,1545.0,1795.0,0.959,0.973,4846.0,3073.0,Carting,1773.0,<50km,thin(<1.5/d)
IND413501AAA -> IND413401AAA,Osmanabad_Kakdepot_D (Maharashtra),Barshi_Kurduwdi_D (Maharashtra),38.181,21,0.84,0.001,58.5,63.2,4.8,3340.0,1545.0,1795.0,0.969,0.969,4835.0,3043.0,Carting,1792.0,<50km,thin(<1.5/d)
IND382421AAA -> IND382430AAB,Gandhinagar_DC (Gujarat),Ahmedabad_East_H_1 (Gujarat),38.182,15,0.6,0.0,56.4,68.5,12.1,3340.0,1545.0,1795.0,0.743,0.886,4492.0,2919.0,Carting,1573.0,<50km,thin(<1.5/d)
IND160002AAC -> IND140301AAA,Chandigarh_Mehmdpur_H (Punjab),Chandigarh_Kharar_DC (Chandigarh),38.183,21,0.84,0.053,86.4,63.1,-23.3,3340.0,1545.0,1795.0,0.966,0.874,5076.0,3105.0,Carting,1970.0,<50km,thin(<1.5/d)
IND562132AAA -> IND560300AAA,Bangalore_Nelmngla_H (Karnataka),Bengaluru_KGAirprt_HB (Karnataka),38.23,151,6.04,0.089,85.9,74.4,-11.5,3341.0,1547.0,1794.0,0.972,0.935,5245.0,3373.0,Carting,1872.0,<50km,dense(>4/d)
IND742101AAC -> IND742303AAB,Baharampur_Chuanpur_I (West Bengal),Domkal_Central_D_2 (West Bengal),38.274,7,0.28,0.009,62.3,64.0,1.7,3342.0,1548.0,1794.0,0.966,0.964,4872.0,3076.0,Carting,1796.0,<50km,thin(<1.5/d)
IND600044AAD -> IND603001AAA,Chennai_Chrompet_DPC (Tamil Nadu),Chennai_Chnglptu_DC (Tamil Nadu),38.289,12,0.48,0.004,68.4,72.4,3.9,3342.0,1549.0,1794.0,0.976,0.975,4867.0,3076.0,Carting,1792.0,<50km,thin(<1.5/d)
IND845438AAA -> IND845455AAB,Bettiah_BypassRd_D (Bihar),Narktiganj_Central_DPP_2 (Bihar),38.378,15,0.6,0.0,57.9,60.1,2.2,3344.0,1551.0,1793.0,0.973,0.977,4844.0,3059.0,Carting,1785.0,<50km,thin(<1.5/d)
IND305802AAA -> IND341512AAA,Kishangarh_Central_D_2 (Rajasthan),Parbatsar_AjmhwDPP_D (Rajasthan),38.394,6,0.24,0.002,50.2,51.9,1.6,3345.0,1552.0,1793.0,0.876,0.883,4698.0,2917.0,Carting,1782.0,<50km,thin(<1.5/d)
IND160002AAC -> IND140603AAA,Chandigarh_Mehmdpur_H (Punjab),Zirakpur_DC (Punjab),38.423,29,1.16,0.053,53.6,39.6,-14.0,3345.0,1553.0,1793.0,0.981,0.931,5085.0,3196.0,Carting,1889.0,<50km,thin(<1.5/d)
IND621704AAA -> IND621802AAA,Ariyalur_Kmrajngr_D (Tamil Nadu),Jayamkondan_Chithbrm_D (Tamil Nadu),38.532,17,0.68,0.0,60.1,66.7,6.6,3348.0,1556.0,1792.0,0.98,0.98,4858.0,3070.0,Carting,1788.0,<50km,thin(<1.5/d)
IND530026AAA -> IND531036AAA,Vizag_Gajuwaka (Andhra Pradesh),Chodavaram_BaljiDPP_D (Andhra Pradesh),38.539,4,0.16,0.0,57.5,67.4,9.9,3348.0,1556.0,1792.0,0.888,0.937,4718.0,3006.0,Carting,1712.0,<50km,thin(<1.5/d)
IND505209AAA -> IND504201AAA,Ramagundam_Pdmavati_D (Telangana),Chinnur_AsnsdhRD_D (Telangana),38.546,5,0.2,0.0,54.3,54.9,0.6,3348.0,1556.0,1792.0,0.97,0.97,4840.0,3050.0,Carting,1790.0,<50km,thin(<1.5/d)
IND507002AAA -> IND508206AAA,Khammam_NSTRoad_I (Telangana),Kodad_VidyaNgr_D (Telangana),38.657,12,0.48,0.005,70.0,68.6,-1.4,3350.0,1560.0,1791.0,0.981,0.982,4890.0,3099.0,Carting,1791.0,<50km,thin(<1.5/d)
IND571124AAA -> IND570020AAA,Tirumakudalu_Narasipr_D (Karnataka),Mysore_Yadvgiri_IP (Karnataka),38.7,11,0.44,0.0,85.1,75.9,-9.2,3351.0,1561.0,1790.0,0.957,0.952,4844.0,3039.0,Carting,1805.0,<50km,thin(<1.5/d)
IND305601AAC -> IND305001AAC,Nasirabad_Central_DPP_2 (Rajasthan),Ajmer_FoySGRRD_I (Rajasthan),38.706,18,0.72,0.0,58.1,66.5,8.4,3352.0,1561.0,1790.0,0.957,0.976,4825.0,3069.0,Carting,1756.0,<50km,thin(<1.5/d)
IND388320AAA -> IND390022AAA,Anand_Vaghasi_IP (Gujarat),Vadodara_Karelibaug_DPC (Gujarat),38.718,6,0.24,0.003,65.7,68.7,3.0,3352.0,1562.0,1790.0,0.979,0.981,4879.0,3094.0,Carting,1785.0,<50km,thin(<1.5/d)
IND110037AAK -> IND000000ACB,Delhi_Kapshera_L (Delhi),Gurgaon_Bilaspur_HB (Haryana),38.746,42,1.68,0.0,80.4,93.4,13.0,3352.0,1562.0,1790.0,0.961,0.985,4848.0,3101.0,Carting,1747.0,<50km,medium(1.5-4/d)
IND000000ACB -> IND110037AAK,Gurgaon_Bilaspur_HB (Haryana),Delhi_Kapshera_L (Delhi),38.809,38,1.52,0.191,77.6,67.2,-10.5,3354.0,1564.0,1790.0,0.985,0.967,5727.0,3888.0,Carting,1840.0,<50km,medium(1.5-4/d)
IND736135AAA -> IND736165AAA,Dinhata_WrdN4DPP_D (West Bengal),Pundibari_StatonRD_D (West Bengal),38.811,5,0.2,0.0,78.4,75.8,-2.6,3354.0,1564.0,1790.0,0.989,0.974,4889.0,3076.0,Carting,1813.0,<50km,thin(<1.5/d)
IND321408AAB -> IND321606AAA,Weir_BsstdDPP_D (Rajasthan),Kherli_GodamDPP_D (Rajasthan),38.822,4,0.16,0.0,60.2,70.6,10.4,3354.0,1565.0,1789.0,0.888,0.937,4726.0,3017.0,Carting,1710.0,<50km,thin(<1.5/d)
IND342601AAA -> IND342902A1B,Piparcity_BsstdDPP_D (Rajasthan),,38.849,6,0.24,0.003,73.8,80.4,6.6,3355.0,1565.0,1789.0,0.988,0.99,4901.0,3118.0,Carting,1782.0,<50km,thin(<1.5/d)
IND824101AAA -> IND821115AAB,AurngbadBR_Mahindra_D (Bihar),Sasaram_Central_I_2 (Bihar),38.883,7,0.28,0.001,56.4,69.5,13.0,3355.0,1566.0,1789.0,0.948,0.95,4819.0,3041.0,Carting,1778.0,<50km,thin(<1.5/d)
IND422103AAC -> IND422605AAA,Sinnar_Central_D_1 (Maharashtra),Sangamner_JawanChk_D (Maharashtra),38.886,10,0.4,0.001,57.5,57.7,0.2,3355.0,1567.0,1789.0,0.943,0.945,4812.0,3026.0,Carting,1787.0,<50km,thin(<1.5/d)
IND501141AAA -> IND501101AAB,Tandur_SnthiNGR_D (Telangana),Vikarabad_Central_DPP_2 (Telangana),38.912,5,0.2,0.0,65.3,67.1,1.8,3356.0,1567.0,1789.0,0.94,0.938,4811.0,3021.0,Carting,1791.0,<50km,thin(<1.5/d)
IND480334AAA -> IND480106AAA,Pandhurna_Mataward_D (Madhya Pradesh),Sausar_Central_DPP_1 (Madhya Pradesh),38.922,21,0.84,0.0,52.3,63.3,11.1,3356.0,1568.0,1789.0,0.957,0.956,4829.0,3046.0,Carting,1783.0,<50km,thin(<1.5/d)
IND581119AAB -> IND577002AAA,Ukkadagatri_Tuminkte_D (Karnataka),Davangere_Central_I_1 (Karnataka),38.933,14,0.56,0.0,75.5,84.7,9.2,3357.0,1568.0,1789.0,0.958,0.985,4844.0,3102.0,Carting,1742.0,<50km,thin(<1.5/d)
IND131028AAB -> IND250611AAA,Sonipat_Kundli_H (Haryana),Baraut_SrnprHwy_D (Uttar Pradesh),38.989,3,0.12,0.053,79.9,70.4,-9.4,3358.0,1570.0,1788.0,0.993,0.986,5139.0,3331.0,Carting,1807.0,<50km,thin(<1.5/d)
IND441614AAA -> IND481001AAA,Gondia_RamNgr_D (Maharashtra),Balaghat_Kosmi_D (Madhya Pradesh),38.999,9,0.36,0.0,50.0,61.2,11.3,3358.0,1570.0,1788.0,0.888,0.937,4724.0,3016.0,Carting,1708.0,<50km,thin(<1.5/d)
IND465669AAB -> IND465683AAA,Narsinghgarh_Central_D_1 (Madhya Pradesh),Pachore_Shop3DPP_D (Madhya Pradesh),39.0,11,0.44,0.002,51.9,51.1,-0.9,3358.0,1570.0,1788.0,0.883,0.866,4724.0,2909.0,Carting,1815.0,<50km,thin(<1.5/d)
IND342601AAA -> IND342902AAA,Piparcity_BsstdDPP_D (Rajasthan),Gotan_DKLogDPP_D (Rajasthan),39.002,3,0.12,0.003,74.7,81.4,6.7,3358.0,1570.0,1788.0,0.988,0.99,4905.0,3123.0,Carting,1781.0,<50km,thin(<1.5/d)
IND425412AAA -> IND425409AAA,Nandurbar_DhuleRd_D (Maharashtra),Shahada_Nandrbar_D (Maharashtra),39.069,10,0.4,0.0,49.4,53.4,3.9,3360.0,1572.0,1787.0,0.95,0.955,4820.0,3042.0,Carting,1778.0,<50km,thin(<1.5/d)
IND362720AAA -> IND362560AAA,Kodinar_NCplxDPP_D (Gujarat),Una_Mamlatdr_DC (Gujarat),39.106,17,0.68,0.0,55.6,54.6,-1.0,3360.0,1573.0,1787.0,0.954,0.963,4828.0,3054.0,Carting,1775.0,<50km,thin(<1.5/d)
IND132103AAA -> IND132001AAA,Panipat (Haryana),Karnal (Haryana),39.16,5,0.2,0.001,78.5,82.6,4.1,3362.0,1575.0,1787.0,0.978,0.983,4884.0,3108.0,Carting,1776.0,<50km,thin(<1.5/d)
IND136027AAA -> IND132039AAA,Kaithal_DC (Haryana),Assandh_MhrjaDPP_D (Haryana),39.4,21,0.84,0.0,62.5,72.3,9.8,3367.0,1582.0,1785.0,0.968,0.971,4863.0,3088.0,Carting,1775.0,<50km,thin(<1.5/d)
IND122001AAJ -> IND507123AAA,Mahbubabad_Yellanda_D (Telangana),Yellandu_Sudimala_D (Telangana),39.431,13,0.52,0.001,108.0,127.0,18.9,3367.0,1583.0,1785.0,0.429,0.448,4085.0,2343.0,Carting,1743.0,<50km,thin(<1.5/d)
IND302014AAB -> IND303301AAB,Jaipur_Central_I_7 (Rajasthan),Bassi_DmodrNGR_D (Rajasthan),39.502,10,0.4,0.0,63.7,67.1,3.4,3369.0,1585.0,1784.0,0.887,0.879,4743.0,2948.0,Carting,1795.0,<50km,thin(<1.5/d)
IND607001AAA -> IND608001AAA,Cuddalore_KtsiGrsm_D (Tamil Nadu),Chidambaram_ARBNorth_DC (Tamil Nadu),39.555,11,0.44,0.003,49.3,47.3,-2.0,3370.0,1587.0,1784.0,0.989,0.991,4900.0,3118.0,Carting,1782.0,<50km,thin(<1.5/d)
IND250611AAA -> IND247776AAA,Baraut_SrnprHwy_D (Uttar Pradesh),Shamli_KarnalRd_D (Uttar Pradesh),39.575,11,0.44,0.001,74.4,85.2,10.7,3371.0,1587.0,1783.0,0.952,0.96,4851.0,3088.0,Carting,1763.0,<50km,thin(<1.5/d)
IND504251AAA -> IND504296AAA,Bellmpalli_BasthDPP_D (Telangana),Kaghaznagar_Central_DPP_1 (Telangana),39.631,3,0.12,0.001,75.7,78.4,2.6,3372.0,1589.0,1783.0,0.879,0.885,4744.0,2971.0,Carting,1773.0,<50km,thin(<1.5/d)
IND576101AAA -> IND576201AAA,Udupi (Karnataka),Kundapura_DC (Karnataka),39.633,3,0.12,0.0,55.9,79.9,24.0,3372.0,1589.0,1783.0,0.926,0.965,4798.0,3090.0,Carting,1708.0,<50km,thin(<1.5/d)
IND585222AAA -> IND585307AAB,Sedam_DBRCmplx_D (Karnataka),Chincholi_Mainroad_D (Karnataka),39.691,18,0.72,0.0,71.5,62.7,-8.8,3373.0,1591.0,1782.0,0.961,0.961,4862.0,3074.0,Carting,1788.0,<50km,thin(<1.5/d)
IND585307AAB -> IND585222AAA,Chincholi_Mainroad_D (Karnataka),Sedam_DBRCmplx_D (Karnataka),39.699,4,0.16,0.0,75.2,93.4,18.2,3373.0,1591.0,1782.0,0.961,0.985,4865.0,3131.0,Carting,1735.0,<50km,thin(<1.5/d)
IND768216AAA -> IND770001AAA,Brajrajnagar_LamtiDPP_D (Orissa),Sundargarh_DiyoDPP_D (Orissa),39.775,5,0.2,0.0,64.4,75.9,11.5,3375.0,1593.0,1782.0,0.87,0.928,4722.0,3036.0,Carting,1687.0,<50km,thin(<1.5/d)
IND502110AAA -> IND502313AAA,Medak_Dwaraka_D (Telangana),Narsapur_Xroad_D (Telangana),39.781,19,0.76,0.002,56.2,51.0,-5.2,3375.0,1593.0,1782.0,0.959,0.948,4858.0,3057.0,Carting,1801.0,<50km,thin(<1.5/d)
IND524132AAA -> IND524101AAB,Venktagiri_TirupthiRd_D (Andhra Pradesh),Gudur_Bngisheb_D (Andhra Pradesh),39.838,14,0.56,0.0,70.6,66.7,-3.9,3376.0,1595.0,1781.0,0.972,0.977,4882.0,3105.0,Carting,1777.0,<50km,thin(<1.5/d)
IND121004AAB -> IND121102AAA,FBD_Balabhgarh_DPC (Haryana),Palwal (Haryana),39.852,41,1.64,0.005,56.3,53.9,-2.4,3377.0,1596.0,1781.0,0.967,0.971,4886.0,3109.0,Carting,1777.0,<50km,medium(1.5-4/d)
IND686513AAA -> IND686540AAA,Mundakayam_Central_D_1 (Kerala),Karukachal_MnimlaRd_D (Kerala),39.856,8,0.32,0.0,74.0,86.0,12.0,3377.0,1596.0,1781.0,0.959,0.982,4865.0,3127.0,Carting,1739.0,<50km,thin(<1.5/d)
IND560300AAA -> IND560078AAC,Bengaluru_KGAirprt_HB (Karnataka),BLR_JPNagar_Pc (Karnataka),39.9,16,0.64,0.006,67.8,65.5,-2.3,3378.0,1597.0,1781.0,0.792,0.799,4630.0,2859.0,Carting,1771.0,<50km,thin(<1.5/d)
IND263401AAA -> IND263153AAB,Kashipur_BajprDPP_D (Uttarakhand),Rudrapur_UdhamNgr_H (Uttarakhand),39.904,15,0.6,0.001,84.2,95.5,11.3,3378.0,1597.0,1781.0,0.956,0.927,4872.0,3054.0,Carting,1818.0,<50km,thin(<1.5/d)
IND140001AAA -> IND140118AAA,RoopNagar_ChotiHvl_DC (Punjab),AnandprShb_PnjPiara_D (Punjab),39.906,19,0.76,0.0,55.1,59.3,4.1,3378.0,1597.0,1781.0,0.932,0.931,4814.0,3034.0,Carting,1780.0,<50km,thin(<1.5/d)
IND517501AAB -> IND517644AAA,Tirupati_Balajicly_I (Andhra Pradesh),Sriklahsti_SDKNgr_D (Andhra Pradesh),39.909,16,0.64,0.0,63.5,57.6,-5.9,3378.0,1597.0,1781.0,0.954,0.952,4852.0,3064.0,Carting,1788.0,<50km,thin(<1.5/d)
IND110043AAA -> IND000000ACB,Delhi_Nangli_IP (Delhi),Gurgaon_Bilaspur_HB (Haryana),39.946,5,0.2,0.001,89.4,106.9,17.5,3379.0,1598.0,1780.0,0.938,0.941,4850.0,3086.0,Carting,1764.0,<50km,thin(<1.5/d)
IND632006AAA -> IND632301AAA,Vellore_GndhiNgr_IP (Tamil Nadu),Arani_KrthiKyn_D (Tamil Nadu),39.947,14,0.56,0.004,77.7,78.1,0.4,3379.0,1598.0,1780.0,0.973,0.978,4909.0,3136.0,Carting,1773.0,<50km,thin(<1.5/d)
IND333031AAA -> IND331023AAA,Pilani (Rajasthan),Rajgarh_SadulDPP_D (Rajasthan),39.962,5,0.2,0.001,45.9,53.0,7.1,3379.0,1599.0,1780.0,0.879,0.906,4732.0,2998.0,Carting,1734.0,<50km,thin(<1.5/d)
IND365560AAB -> IND364290AAA,Amreli_Rajula_DC (Gujarat),Bhavnagar_Mahuva_DC (Gujarat),39.988,11,0.44,0.0,58.1,65.2,7.1,3380.0,1600.0,1780.0,0.984,0.982,4896.0,3119.0,Carting,1778.0,<50km,thin(<1.5/d)
IND515865AAB -> IND515761AAA,Rayadurgam_RailGate_D (Andhra Pradesh),Kalyandurg_Shankrpa_D (Andhra Pradesh),39.996,18,0.72,0.0,54.9,60.2,5.3,3380.0,1600.0,1780.0,0.928,0.954,4808.0,3072.0,Carting,1736.0,<50km,thin(<1.5/d)
IND531036AAA -> IND530012AAA,Chodavaram_BaljiDPP_D (Andhra Pradesh),Visakhapatnam_Gajuwaka_IP (Andhra Pradesh),40.01,4,0.16,0.0,90.3,96.2,5.9,3380.0,1600.0,1780.0,0.932,0.969,4840.0,3119.0,Carting,1721.0,<50km,thin(<1.5/d)
IND628613AAA -> IND627005AAA,Peikulam_SriVnktpm_D (Tamil Nadu),Tirunelveli_VdkkuSrt_I (Tamil Nadu),40.16,14,0.56,0.0,93.1,84.4,-8.7,3384.0,1605.0,1779.0,0.969,0.966,4898.0,3110.0,Carting,1789.0,<50km,thin(<1.5/d)
IND402107AAA -> IND402109AAA,Pen_BljiMrkt_D (Maharashtra),Roha_DataSagr_D (Maharashtra),40.207,18,0.72,0.0,71.8,71.2,-0.6,3385.0,1606.0,1778.0,0.955,0.981,4865.0,3125.0,Carting,1740.0,<50km,thin(<1.5/d)
IND121102AAA -> IND121004AAB,Palwal (Haryana),FBD_Balabhgarh_DPC (Haryana),40.228,12,0.48,0.0,60.7,64.5,3.8,3385.0,1607.0,1778.0,0.955,0.978,4859.0,3117.0,Carting,1742.0,<50km,thin(<1.5/d)
IND786001AAB -> IND785675AAA,Dibrugarh_Bokule_H (Assam),Moranhat_TiloiDPP_D (Assam),40.253,3,0.12,0.012,62.7,61.2,-1.5,3386.0,1608.0,1778.0,0.988,0.987,4961.0,3180.0,Carting,1780.0,<50km,thin(<1.5/d)
IND582209AAA -> IND582101AAB,Rona_GadagRD_D (Karnataka),Gadag_Cdosclrd_D (Karnataka),40.262,16,0.64,0.0,79.7,86.5,6.8,3386.0,1608.0,1778.0,0.974,0.989,4901.0,3149.0,Carting,1752.0,<50km,thin(<1.5/d)
IND124507AAA -> IND131028AAB,Bahadurgarh_DC (Haryana),Sonipat_Kundli_H (Haryana),40.268,9,0.36,0.001,94.2,97.3,3.1,3386.0,1608.0,1778.0,0.954,0.967,4883.0,3128.0,Carting,1756.0,<50km,thin(<1.5/d)
IND416012AAA -> IND591237AAB,Kolhapur_Shivaji_I (Maharashtra),Nipani_AkkolRD_D (Karnataka),40.437,10,0.4,0.011,72.5,71.3,-1.2,3390.0,1613.0,1777.0,0.987,0.986,4967.0,3188.0,Carting,1779.0,<50km,thin(<1.5/d)
IND503122AAA -> IND502110AAA,Yellareddy_JKRoad_D (Telangana),Medak_Dwaraka_D (Telangana),40.466,19,0.76,0.002,64.3,61.3,-3.1,3390.0,1614.0,1776.0,0.969,0.962,4893.0,3105.0,Carting,1788.0,<50km,thin(<1.5/d)
IND734214AAB -> IND000000AFF,Mirik_WardNo3_D (West Bengal),Darjeeling_Hillcard_DC (West Bengal),40.47,3,0.12,0.0,66.3,77.9,11.6,3390.0,1614.0,1776.0,0.835,0.914,4687.0,3037.0,Carting,1651.0,<50km,thin(<1.5/d)
IND581320AAA -> IND581334AAA,Bhatkal_KmkshBul_D (Karnataka),Honnavar_Prbhtngr_D (Karnataka),40.476,4,0.16,0.008,63.6,64.6,1.0,3390.0,1614.0,1776.0,0.983,0.983,4944.0,3168.0,Carting,1776.0,<50km,thin(<1.5/d)
IND277303AAC -> IND277211AAA,Sikandarpur_Central_D_3 (Uttar Pradesh),Sahatwar_PnchmDPP_D (Uttar Pradesh),40.504,6,0.24,0.0,68.8,63.6,-5.2,3391.0,1615.0,1776.0,0.953,0.961,4867.0,3099.0,Carting,1768.0,<50km,thin(<1.5/d)
IND361315AAA -> IND361335AAA,Bhatiya_Kalyanpr_D (Gujarat),Dwarka_StnRoad_DC (Gujarat),40.518,11,0.44,0.0,62.2,59.4,-2.8,3391.0,1616.0,1776.0,0.946,0.949,4852.0,3079.0,Carting,1773.0,<50km,thin(<1.5/d)
IND732204AAB -> IND732139AAA,Paranpur_Nijgan_D (West Bengal),Samsi_RatuaDPP_D (West Bengal),40.521,6,0.24,0.0,84.3,76.0,-8.3,3391.0,1616.0,1776.0,0.744,0.518,4563.0,2443.0,Carting,2121.0,<50km,thin(<1.5/d)
IND641664AAA -> IND638657AAA,Tirpur_Palladam_DC (Tamil Nadu),Dharapuram_Techrcly_D (Tamil Nadu),40.571,15,0.6,0.0,58.3,49.5,-8.8,3393.0,1617.0,1775.0,0.924,0.953,4817.0,3079.0,Carting,1738.0,<50km,thin(<1.5/d)
IND803116AAA -> IND803108AAB,Rajgir_PnditNGR_D (Bihar),Chandi_SH78_D (Bihar),40.591,13,0.52,0.0,64.4,60.6,-3.8,3393.0,1618.0,1775.0,0.962,0.913,4878.0,3028.0,Carting,1850.0,<50km,thin(<1.5/d)
IND562101AAA -> IND561207AAB,Chikblapur_ShntiSgr_D (Karnataka),Bagepalli_TBCross_D (Karnataka),40.643,13,0.52,0.001,65.8,69.5,3.7,3394.0,1619.0,1775.0,0.683,0.654,4464.0,2649.0,Carting,1816.0,<50km,thin(<1.5/d)
IND141003AAB -> IND142026AAA,Ludhiana_GillChwk_DC (Punjab),Jagraon_DC (Punjab),40.716,21,0.84,0.0,57.1,67.1,10.0,3396.0,1621.0,1774.0,0.835,0.914,4687.0,3037.0,Carting,1650.0,<50km,thin(<1.5/d)
IND422011AAD -> IND422103AAC,Nashik_TgrniaRD_I (Maharashtra),Sinnar_Central_D_1 (Maharashtra),40.74,11,0.44,0.005,104.6,123.9,19.2,3396.0,1622.0,1774.0,0.986,0.988,4967.0,3208.0,Carting,1759.0,<50km,thin(<1.5/d)
IND571432AAB -> IND571426AAA,Nagamangala_MandyaRD_D (Karnataka),Krishnarajpet_MuruPost_D (Karnataka),40.799,17,0.68,0.0,72.8,96.2,23.4,3398.0,1624.0,1774.0,0.87,0.956,4752.0,3123.0,Carting,1629.0,<50km,thin(<1.5/d)
IND713128AAB -> IND731301AAA,Guskhara_Itachnda_D (West Bengal),Nanoor_Central_DPP_1 (West Bengal),40.853,3,0.12,0.001,70.3,76.9,6.5,3399.0,1626.0,1773.0,0.881,0.895,4772.0,3024.0,Carting,1749.0,<50km,thin(<1.5/d)
IND570020AAA -> IND571602AAA,Mysore_Yadvgiri_IP (Karnataka),Krishnarajngr_JublieRD_D (Karnataka),40.866,14,0.56,0.003,85.2,86.0,0.8,3399.0,1626.0,1773.0,0.971,0.973,4925.0,3155.0,Carting,1769.0,<50km,thin(<1.5/d)
IND781018AAB -> IND781022AAA,Guwahati_Hub (Assam),Guwahati_Sixmile (Assam),40.881,9,0.36,0.044,77.0,65.9,-11.1,3399.0,1626.0,1773.0,0.833,0.555,4864.0,2612.0,Carting,2252.0,<50km,thin(<1.5/d)
IND585401AAA -> IND502286AAB,Bidar (Karnataka),Narayankhed_Datatrya_D (Telangana),40.921,22,0.88,0.004,82.3,77.1,-5.2,3400.0,1628.0,1773.0,0.965,0.968,4919.0,3148.0,Carting,1772.0,<50km,thin(<1.5/d)
IND571313AAB -> IND571440AAA,Chamarjngr_BrDbleRd_D (Karnataka),Kollegala_NarsipuraRd_D (Karnataka),40.952,10,0.4,0.0,74.4,77.9,3.5,3401.0,1629.0,1772.0,0.948,0.952,4875.0,3111.0,Carting,1764.0,<50km,thin(<1.5/d)
IND713148AAA -> IND713128AAB,Panagarh_Central_D_1 (West Bengal),Guskhara_Itachnda_D (West Bengal),41.017,17,0.68,0.001,99.1,136.1,36.9,3402.0,1631.0,1772.0,0.966,0.977,4923.0,3192.0,Carting,1731.0,<50km,thin(<1.5/d)
IND732138AAA -> IND733124AAA,Bamangola_Central_D_1 (West Bengal),Gangarmpur_KhdimDPP_D (West Bengal),41.022,3,0.12,0.001,84.0,81.0,-3.0,3402.0,1631.0,1772.0,0.947,0.97,4884.0,3146.0,Carting,1738.0,<50km,thin(<1.5/d)
IND532440AAA -> IND532001AAB,Palakonda_VadaiDPP_D (Andhra Pradesh),Srikakulam_Kuslpram_I (Andhra Pradesh),41.073,17,0.68,0.002,67.2,71.8,4.6,3404.0,1632.0,1771.0,0.95,0.958,4880.0,3125.0,Carting,1756.0,<50km,thin(<1.5/d)
IND184121AAA -> IND184104AAA,Samba_Wardno13_D (Jammu & Kashmir),Kathua_BOB_D (Jammu & Kashmir),41.085,3,0.12,0.001,78.9,73.4,-5.5,3404.0,1633.0,1771.0,0.976,0.976,4926.0,3151.0,Carting,1775.0,<50km,thin(<1.5/d)
IND585314AAA -> IND585104AAA,Aland_RazaviRd_D (Karnataka),Gulbarga_Nehrugnj_I (Karnataka),41.096,16,0.64,0.0,90.9,95.3,4.4,3404.0,1633.0,1771.0,0.965,0.984,4912.0,3173.0,Carting,1739.0,<50km,thin(<1.5/d)
IND335804AAD -> IND335703AAA,Suratgarh_Central_DPP_2 (Rajasthan),Srivijaynagar_BhwanDPP_D (Rajasthan),41.191,9,0.36,0.002,63.1,65.9,2.9,3406.0,1636.0,1770.0,0.872,0.722,4763.0,2768.0,Carting,1995.0,<50km,thin(<1.5/d)
IND643217AAA -> IND643001AAA,Kotagiri_CroslySRT_D (Tamil Nadu),Ooty_Davisdle_D (Tamil Nadu),41.39,10,0.4,0.0,64.0,58.0,-6.0,3411.0,1642.0,1769.0,0.771,0.803,4609.0,2885.0,Carting,1724.0,<50km,thin(<1.5/d)
IND585104AAA -> IND585314AAA,Gulbarga_Nehrugnj_I (Karnataka),Aland_RazaviRd_D (Karnataka),41.411,4,0.16,0.006,79.8,80.9,1.1,3411.0,1642.0,1769.0,0.99,0.991,4977.0,3211.0,Carting,1766.0,<50km,thin(<1.5/d)
IND625531AAA -> IND625516AAA,Theni_Rathnam_D (Tamil Nadu),Cumbum_LFRoad_D (Tamil Nadu),41.412,7,0.28,0.0,92.9,100.0,7.1,3411.0,1642.0,1769.0,0.898,0.961,4821.0,3151.0,Carting,1669.0,<50km,thin(<1.5/d)
IND431708AAA -> IND431514AAA,Loha_SivjiCWK_D (Maharashtra),Gangakher_Busstand_D (Maharashtra),41.423,16,0.64,0.003,63.6,63.7,0.1,3411.0,1643.0,1769.0,0.993,0.993,4957.0,3189.0,Carting,1768.0,<50km,thin(<1.5/d)
IND560083AAB -> IND562132AAA,Bengaluru_Bnnrghta_L (Karnataka),Bangalore_Nelmngla_H (Karnataka),41.441,31,1.24,0.0,75.6,81.2,5.6,3412.0,1643.0,1768.0,0.849,0.919,4736.0,3076.0,Carting,1660.0,<50km,thin(<1.5/d)
IND635601AAB -> IND635802AAB,Tiruppattur_KoilStrt_D (Tamil Nadu),Ambur_Central_D_2 (Tamil Nadu),41.467,10,0.4,0.0,73.7,86.9,13.2,3412.0,1644.0,1768.0,0.966,0.974,4913.0,3164.0,Carting,1749.0,<50km,thin(<1.5/d)
IND425201AAA -> IND425508AAB,Bhusawal_Samarth_D (Maharashtra),Raver_Truptingr_D (Maharashtra),41.57,9,0.36,0.0,66.7,72.6,5.9,3415.0,1647.0,1767.0,0.911,0.946,4826.0,3114.0,Carting,1711.0,<50km,thin(<1.5/d)
IND000000AEM -> IND110037AAB,Gurgaon_Bilaspur_RP (Haryana),Del_B_RPC (Delhi),41.592,11,0.44,0.0,74.7,87.4,12.7,3415.0,1648.0,1767.0,0.772,0.894,4623.0,3048.0,Carting,1575.0,<50km,thin(<1.5/d)
IND370001AAA -> IND370110AAA,Bhuj_DC (Gujarat),Anjar_DC (Gujarat),41.593,3,0.12,0.001,83.0,83.4,0.4,3415.0,1648.0,1767.0,0.936,0.936,4877.0,3111.0,Carting,1766.0,<50km,thin(<1.5/d)
IND562132AAA -> IND560083AAB,Bangalore_Nelmngla_H (Karnataka),Bengaluru_Bnnrghta_L (Karnataka),41.634,50,2.0,0.089,71.3,62.2,-9.1,3416.0,1649.0,1767.0,0.97,0.941,5307.0,3477.0,Carting,1830.0,<50km,medium(1.5-4/d)
IND233001AAA -> IND275101AAA,Ghazipur_Kaithwal_D (Uttar Pradesh),Mau_BaliaMod_D (Uttar Pradesh),41.642,3,0.12,0.0,57.9,50.3,-7.6,3416.0,1649.0,1767.0,0.962,0.967,4898.0,3134.0,Carting,1764.0,<50km,thin(<1.5/d)
IND691551AAA -> IND691001AAB,Adoor_Town_D (Kerala),Kollam_Central_H_1 (Kerala),41.651,20,0.8,0.001,123.3,127.0,3.7,3416.0,1650.0,1767.0,0.959,0.961,4943.0,3181.0,Carting,1761.0,<50km,thin(<1.5/d)
IND614715AAA -> IND614809AAA,Thirthurpondi_Madaprum_D (Tamil Nadu),Pushpavanam_Thmpulam_D (Tamil Nadu),41.654,17,0.68,0.0,54.4,53.4,-1.0,3416.0,1650.0,1767.0,0.88,0.888,4775.0,3019.0,Carting,1756.0,<50km,thin(<1.5/d)
IND680712AAA -> IND683511AAA,Irinjlkuda_Greens_D (Kerala),Aluva_Peedika_H (Kerala),41.672,9,0.36,0.0,88.2,104.0,15.8,3417.0,1650.0,1767.0,0.894,0.963,4816.0,3164.0,Carting,1652.0,<50km,thin(<1.5/d)
IND625532AAA -> IND625531AAA,Usilampatti_MrutiNGR_D (Tamil Nadu),Theni_Rathnam_D (Tamil Nadu),41.763,6,0.24,0.0,85.0,99.5,14.5,3419.0,1653.0,1766.0,0.772,0.894,4633.0,3061.0,Carting,1573.0,<50km,thin(<1.5/d)
IND000000AAS -> IND783370AAC,Bongaigaon_Chpaguri_D (Assam),Kokrajhar_PigonDPP_D (Assam),41.782,9,0.36,0.003,54.9,58.0,3.1,3419.0,1653.0,1766.0,0.971,0.978,4927.0,3174.0,Carting,1753.0,<50km,thin(<1.5/d)
IND321001AAA -> IND321401AAB,Bharatpur_DC (Rajasthan),Bayana_LalBagh_D (Rajasthan),41.854,10,0.4,0.0,78.1,81.6,3.5,3421.0,1656.0,1765.0,0.941,0.967,4886.0,3162.0,Carting,1724.0,<50km,thin(<1.5/d)
IND689650AAA -> IND690548AAA,Kozhenchery_Cherukole_D (Kerala),Haripad_Kumrpurm_D (Kerala),41.879,3,0.12,0.0,84.7,86.8,2.1,3421.0,1656.0,1765.0,0.949,0.975,4901.0,3176.0,Carting,1724.0,<50km,thin(<1.5/d)
IND506001AAC -> IND505467AAA,Warangal_Central_D_2 (Telangana),Husnabad_Greenmkt_D (Telangana),41.892,13,0.52,0.0,65.7,73.1,7.3,3422.0,1657.0,1765.0,0.803,0.91,4670.0,3071.0,Carting,1599.0,<50km,thin(<1.5/d)
IND792121AAB -> IND786181AAC,Jairampur_Mdiclcly_D (Arunachal Pradesh),Margherita_CivilHPL_D (Assam),41.892,5,0.2,0.0,62.0,79.9,17.9,3422.0,1657.0,1765.0,0.89,0.964,4797.0,3156.0,Carting,1641.0,<50km,thin(<1.5/d)
IND631003AAA -> IND600056AAB,Arakkonam_HousngBd_D (Tamil Nadu),MAA_Poonamallee_HB (Tamil Nadu),41.987,10,0.4,0.0,76.1,79.0,2.9,3424.0,1660.0,1764.0,0.919,0.932,4855.0,3112.0,Carting,1743.0,<50km,thin(<1.5/d)
IND742101AAC -> IND731237AAB,Baharampur_Chuanpur_I (West Bengal),Morgram_Kntgorya_D (West Bengal),42.014,7,0.28,0.009,67.5,69.9,2.3,3424.0,1660.0,1764.0,0.975,0.978,4970.0,3212.0,Carting,1758.0,<50km,thin(<1.5/d)
IND125005AAA -> IND125047AAB,Hisar_IndstlAr_I (Haryana),Hisar_AgrohDPP_D (Haryana),42.031,3,0.12,0.005,74.0,79.5,5.6,3425.0,1661.0,1764.0,0.986,0.981,4974.0,3208.0,Carting,1766.0,<50km,thin(<1.5/d)
IND125001AAA -> IND125047AAB,Hisar_ModelTwn_P (Haryana),Hisar_AgrohDPP_D (Haryana),42.033,7,0.28,0.009,81.4,81.6,0.3,3425.0,1661.0,1764.0,0.991,0.992,5008.0,3246.0,Carting,1763.0,<50km,thin(<1.5/d)
IND609110AAA -> IND609602AAA,Sirkazhi_Pngktgudi_D (Tamil Nadu),Karaikal_Thalthru_DC (Pondicherry),42.076,8,0.32,0.003,44.8,43.9,-0.8,3426.0,1662.0,1763.0,0.973,0.979,4927.0,3173.0,Carting,1754.0,<50km,thin(<1.5/d)
IND781018AAB -> IND781005AAA,Guwahati_Hub (Assam),Guwahati_North (Assam),42.087,6,0.24,0.044,87.9,76.3,-11.6,3426.0,1663.0,1763.0,0.874,0.64,4966.0,2799.0,Carting,2167.0,<50km,thin(<1.5/d)
IND124507AAA -> IND131028AAE,Bahadurgarh_DC (Haryana),Sonipat_Central_D_2 (Haryana),42.099,3,0.12,0.001,95.3,96.2,0.9,3426.0,1663.0,1763.0,0.961,0.97,4935.0,3185.0,Carting,1750.0,<50km,thin(<1.5/d)
IND786181AAC -> IND792121AAB,Margherita_CivilHPL_D (Assam),Jairampur_Mdiclcly_D (Arunachal Pradesh),42.206,11,0.44,0.002,79.5,88.0,8.5,3429.0,1666.0,1762.0,0.927,0.931,4880.0,3130.0,Carting,1750.0,<50km,thin(<1.5/d)
IND560300AAA -> IND562132AAA,Bengaluru_KGAirprt_HB (Karnataka),Bangalore_Nelmngla_H (Karnataka),42.224,108,4.32,0.006,83.9,81.5,-2.4,3429.0,1667.0,1762.0,0.783,0.793,4679.0,2931.0,Carting,1748.0,<50km,dense(>4/d)
IND742102AAB -> IND731237AAB,Berhampore_Central_I_2 (West Bengal),Morgram_Kntgorya_D (West Bengal),42.227,11,0.44,0.006,65.9,69.1,3.3,3429.0,1667.0,1762.0,0.963,0.978,4944.0,3205.0,Carting,1738.0,<50km,thin(<1.5/d)
IND110037AAM -> IND201001AAC,Delhi_Airport_H (Delhi),Ghaziabad_Central_L_8 (Uttar Pradesh),42.266,8,0.32,0.054,110.1,96.5,-13.6,3430.0,1668.0,1762.0,0.91,0.924,5090.0,3343.0,Carting,1747.0,<50km,thin(<1.5/d)
IND384205AAA -> IND382715AAA,Mehsana_Panchot_IP (Gujarat),Kadi_KaranNGR_D (Gujarat),42.342,18,0.72,0.008,76.1,82.8,6.7,3432.0,1670.0,1761.0,0.99,0.991,5005.0,3249.0,Carting,1757.0,<50km,thin(<1.5/d)
IND322201AAA -> IND303503AAA,Gangapur_Ward6DPP_D (Rajasthan),Lalsot_NWclyDPP_D (Rajasthan),42.432,12,0.48,0.0,50.5,49.1,-1.4,3434.0,1673.0,1761.0,0.961,0.968,4909.0,3158.0,Carting,1752.0,<50km,thin(<1.5/d)
IND421302AAG -> IND400015AAB,Bhiwandi_Mankoli_HB (Maharashtra),Mumbai_CotnGren_M (Maharashtra),42.489,31,1.24,0.061,76.9,71.9,-5.0,3435.0,1675.0,1760.0,0.997,0.996,5255.0,3489.0,Carting,1766.0,<50km,thin(<1.5/d)
IND680587AAA -> IND68004AAA,Pazhayannur_AlathurRD_D (Kerala),Thrissur_Poothole_D (Kerala),42.496,10,0.4,0.001,101.8,107.4,5.6,3435.0,1675.0,1760.0,0.962,0.97,4952.0,3206.0,Carting,1745.0,<50km,thin(<1.5/d)
IND413709AAA -> IND423701AAB,Shrirampur_DavkharRd_D (Maharashtra),Vaijiapur_YeolaRD_D (Maharashtra),42.573,3,0.12,0.0,68.9,69.6,0.7,3437.0,1677.0,1759.0,0.911,0.965,4848.0,3171.0,Carting,1678.0,<50km,thin(<1.5/d)
IND573142AAA -> IND573201AAB,Ramanathapura_Central_D_2 (Karnataka),Hassan_Pandrnga_I (Karnataka),42.58,17,0.68,0.002,69.4,68.4,-1.0,3437.0,1677.0,1759.0,0.967,0.968,4942.0,3184.0,Carting,1758.0,<50km,thin(<1.5/d)
IND628204AAA -> IND627657AAA,Tirchchndr_Shnmgprm_D (Tamil Nadu),Thisayanvilai_UdnkdiRD_D (Tamil Nadu),42.59,17,0.68,0.0,65.2,63.1,-2.2,3437.0,1678.0,1759.0,0.807,0.859,4691.0,3009.0,Carting,1682.0,<50km,thin(<1.5/d)
IND248197AAA -> IND248122AAB,Dehradun_Selakui_D (Uttarakhand),Mussoorie_BrlwgDPP_D (Uttarakhand),42.6,16,0.64,0.0,82.2,99.8,17.6,3437.0,1678.0,1759.0,0.813,0.91,4711.0,3110.0,Carting,1601.0,<50km,thin(<1.5/d)
IND400015AAB -> IND421302AAG,Mumbai_CotnGren_M (Maharashtra),Bhiwandi_Mankoli_HB (Maharashtra),42.62,23,0.92,0.0,81.1,94.5,13.4,3438.0,1679.0,1759.0,0.934,0.968,4893.0,3194.0,Carting,1699.0,<50km,thin(<1.5/d)
IND421601AAB -> IND421302AAG,Asangaon_Shahapur_D (Maharashtra),Bhiwandi_Mankoli_HB (Maharashtra),42.63,14,0.56,0.0,91.4,99.1,7.7,3438.0,1679.0,1759.0,0.963,0.976,4945.0,3211.0,Carting,1734.0,<50km,thin(<1.5/d)
IND630561AAA -> IND623701AAA,Sivaganga_Wardno3_D (Tamil Nadu),Paramakudi_VagaiNgr_D (Tamil Nadu),42.66,5,0.2,0.0,83.5,71.4,-12.2,3439.0,1680.0,1759.0,0.985,0.985,4972.0,3205.0,Carting,1767.0,<50km,thin(<1.5/d)
IND396580AAB -> IND396321AAA,Vansda_CikhliRD_D (Gujarat),Bilimora_DC (Gujarat),42.663,8,0.32,0.0,63.3,72.3,9.0,3439.0,1680.0,1759.0,0.93,0.955,4876.0,3161.0,Carting,1716.0,<50km,thin(<1.5/d)
IND000000AFG -> IND673632AAA,Tirur_PmthuKlm_D (Kerala),Kozhikode_Central_H_4 (Kerala),42.664,3,0.12,0.0,87.7,106.4,18.7,3439.0,1680.0,1759.0,0.813,0.91,4716.0,3116.0,Carting,1600.0,<50km,thin(<1.5/d)
IND531001AAA -> IND531116AAA,Anakapalle_Kothuru_D (Andhra Pradesh),Narsiptnm_Wardno8_D (Andhra Pradesh),42.717,5,0.2,0.0,71.2,75.2,4.0,3440.0,1681.0,1758.0,0.94,0.933,4899.0,3132.0,Carting,1767.0,<50km,thin(<1.5/d)
IND421302AAG -> IND400015AAA,Bhiwandi_Mankoli_HB (Maharashtra),Mumbai_CottonGreen_DPC (Maharashtra),42.871,49,1.96,0.061,79.6,74.5,-5.2,3443.0,1686.0,1757.0,0.997,0.995,5265.0,3502.0,Carting,1763.0,<50km,medium(1.5-4/d)
IND421302AAG -> IND421401AAC,Bhiwandi_Mankoli_HB (Maharashtra),Murbad_SnkunDPP_D (Maharashtra),42.894,10,0.4,0.061,77.2,72.2,-5.0,3444.0,1687.0,1757.0,0.997,0.995,5264.0,3501.0,Carting,1763.0,<50km,thin(<1.5/d)
IND396321AAA -> IND396580AAB,Bilimora_DC (Gujarat),Vansda_CikhliRD_D (Gujarat),42.902,17,0.68,0.0,62.3,57.3,-5.0,3444.0,1687.0,1757.0,0.949,0.954,4908.0,3156.0,Carting,1752.0,<50km,thin(<1.5/d)
IND473001AAA -> IND473331AAA,Guna_HnumnDPP_D (Madhya Pradesh),Ashokngr_Bypassrd_D (Madhya Pradesh),42.988,11,0.44,0.0,88.4,94.3,6.0,3446.0,1690.0,1756.0,0.974,0.989,4966.0,3236.0,Carting,1730.0,<50km,thin(<1.5/d)
IND591115AAB -> IND590016AAA,Kittur_ColageRD_D (Karnataka),Belgaum_Dc (Karnataka),43.002,4,0.16,0.001,49.5,59.9,10.4,3446.0,1690.0,1756.0,0.951,0.944,4911.0,3151.0,Carting,1760.0,<50km,thin(<1.5/d)
IND466001AAA -> IND466116AAA,Sehore_Mangalam_D (Madhya Pradesh),Ashta_ShantiNg_D (Madhya Pradesh),43.047,15,0.6,0.0,72.0,73.4,1.4,3447.0,1691.0,1756.0,0.968,0.974,4948.0,3203.0,Carting,1745.0,<50km,thin(<1.5/d)
IND573201AAB -> IND573134AAB,Hassan_Pandrnga_I (Karnataka),Sakleshpur_RgvdrDPP_D (Karnataka),43.094,3,0.12,0.013,71.9,75.3,3.4,3448.0,1693.0,1755.0,0.992,0.992,5041.0,3287.0,Carting,1753.0,<50km,thin(<1.5/d)
IND184104AAA -> IND184121AAA,Kathua_BOB_D (Jammu & Kashmir),Samba_Wardno13_D (Jammu & Kashmir),43.107,3,0.12,0.001,70.2,69.8,-0.4,3448.0,1693.0,1755.0,0.972,0.974,4958.0,3206.0,Carting,1752.0,<50km,thin(<1.5/d)
IND600056AAB -> IND600008AAC,MAA_Poonamallee_HB (Tamil Nadu),Chennai_Egmore_DPC (Tamil Nadu),43.134,32,1.28,0.039,75.9,69.5,-6.4,3449.0,1694.0,1755.0,0.981,0.982,5142.0,3386.0,Carting,1757.0,<50km,thin(<1.5/d)
IND360490AAA -> IND362001AAA,Upleta_AdrshSt_DC (Gujarat),Junagadh_DPC (Gujarat),43.139,10,0.4,0.0,75.5,64.0,-11.5,3449.0,1694.0,1755.0,0.973,0.972,4958.0,3194.0,Carting,1764.0,<50km,thin(<1.5/d)
IND203396AAB -> IND203390AAA,Pahasu_Kanongyn_D (Uttar Pradesh),Anupshahar_DcntCLY_D (Uttar Pradesh),43.141,15,0.6,0.0,65.0,86.8,21.9,3449.0,1694.0,1755.0,0.956,0.98,4926.0,3222.0,Carting,1704.0,<50km,thin(<1.5/d)
IND854326AAB -> IND854311AAA,Purnia_Central_H_2 (Bihar),Araria_Wardn13_D (Bihar),43.149,21,0.84,0.019,72.9,70.4,-2.5,3449.0,1694.0,1755.0,0.994,0.992,5073.0,3313.0,Carting,1759.0,<50km,thin(<1.5/d)
IND110044AAB -> IND131028AAB,Del_Okhla_PC (Delhi),Sonipat_Kundli_H (Haryana),43.178,40,1.6,0.003,91.7,87.7,-4.0,3450.0,1695.0,1755.0,0.993,0.994,5013.0,3257.0,Carting,1757.0,<50km,medium(1.5-4/d)
IND783301AAA -> IND783348AAA,Dhubri_Tetultol_D (Assam),Bilasipara_Wardno5_D (Assam),43.213,11,0.44,0.004,69.1,73.2,4.1,3451.0,1696.0,1754.0,0.991,0.992,5000.0,3249.0,Carting,1751.0,<50km,thin(<1.5/d)
IND370110AAA -> IND370001AAA,Anjar_DC (Gujarat),Bhuj_DC (Gujarat),43.242,14,0.56,0.0,54.3,72.3,17.9,3451.0,1697.0,1754.0,0.962,0.983,4930.0,3220.0,Carting,1711.0,<50km,thin(<1.5/d)
IND577598AAC -> IND577501AAA,Hiriyur_TahurDPP_D (Karnataka),Chitradurga_DC (Karnataka),43.324,11,0.44,0.0,71.2,76.0,4.9,3453.0,1700.0,1753.0,0.974,0.986,4963.0,3231.0,Carting,1733.0,<50km,thin(<1.5/d)
IND485001AAC -> IND485771AAA,Satna_Central_I_2 (Madhya Pradesh),Maihar_MngalDPP_D (Madhya Pradesh),43.333,3,0.12,0.003,95.5,97.1,1.6,3453.0,1700.0,1753.0,0.981,0.984,5002.0,3253.0,Carting,1748.0,<50km,thin(<1.5/d)
IND000000ACT -> IND131028AAB,Delhi_Gateway_HB (Delhi),Sonipat_Kundli_H (Haryana),43.345,39,1.56,0.0,97.3,121.1,23.8,3454.0,1700.0,1753.0,0.807,0.912,4729.0,3149.0,Carting,1580.0,<50km,medium(1.5-4/d)
IND813102AAA -> IND812002AAA,Banka_Wardno6_D (Bihar),Bhagalpur_Pbroad_DC (Bihar),43.492,17,0.68,0.0,69.5,86.5,17.0,3457.0,1705.0,1752.0,0.807,0.912,4714.0,3130.0,Carting,1583.0,<50km,thin(<1.5/d)
IND205001AAB -> IND205135AAA,Mainpuri_Agraroad_I (Uttar Pradesh),Shikohabad_Katrmira_D (Uttar Pradesh),43.51,8,0.32,0.006,101.5,110.3,8.8,3457.0,1705.0,1752.0,0.971,0.977,5009.0,3273.0,Carting,1736.0,<50km,thin(<1.5/d)
IND389151AAA -> IND457661AAA,Dahod_DC (Gujarat),Jhabua_Ward11_D (Madhya Pradesh),43.519,11,0.44,0.0,62.8,69.4,6.6,3457.0,1706.0,1752.0,0.977,0.98,4967.0,3224.0,Carting,1743.0,<50km,thin(<1.5/d)
IND533308AAB -> IND533003AAA,Mandapeta_Mainrd_D (Andhra Pradesh),Kakinada_DC (Andhra Pradesh),43.553,15,0.6,0.0,79.8,98.2,18.5,3458.0,1707.0,1752.0,0.908,0.964,4873.0,3219.0,Carting,1654.0,<50km,thin(<1.5/d)
IND361305AAC -> IND361315AAA,Khambhalia_JdswarRD_D (Gujarat),Bhatiya_Kalyanpr_D (Gujarat),43.56,10,0.4,0.0,70.3,72.6,2.3,3458.0,1707.0,1752.0,0.952,0.937,4933.0,3160.0,Carting,1772.0,<50km,thin(<1.5/d)
IND508116AAA -> IND508277AAB,Bhuvanagiri_HBColny_D (Telangana),Mothkur_Mainroad_D (Telangana),43.605,14,0.56,0.001,72.8,83.6,10.8,3459.0,1708.0,1751.0,0.312,0.472,3977.0,2474.0,Carting,1503.0,<50km,thin(<1.5/d)
IND571105AAA -> IND571213AAA,Hunsur_RatnaDPP_D (Karnataka),Gonikoppal_Thomas_D (Karnataka),43.637,12,0.48,0.0,66.2,98.9,32.7,3460.0,1709.0,1751.0,0.594,0.842,4395.0,3037.0,Carting,1358.0,<50km,thin(<1.5/d)
IND573134AAB -> IND573201AAB,Sakleshpur_RgvdrDPP_D (Karnataka),Hassan_Pandrnga_I (Karnataka),43.642,14,0.56,0.002,68.0,81.0,13.0,3460.0,1709.0,1751.0,0.945,0.966,4932.0,3220.0,Carting,1711.0,<50km,thin(<1.5/d)
IND521105AAA -> IND521333AAA,HanumanJNC_VijywdRD_D (Andhra Pradesh),Kaikaluru_Atapaka_D (Andhra Pradesh),43.657,4,0.16,0.001,80.1,87.5,7.5,3460.0,1710.0,1751.0,0.96,0.973,4958.0,3234.0,Carting,1725.0,<50km,thin(<1.5/d)
IND000000ACT -> IND000000ACB,Delhi_Gateway_HB (Delhi),Gurgaon_Bilaspur_HB (Haryana),43.659,100,4.0,0.0,71.2,106.5,35.3,3460.0,1710.0,1751.0,0.594,0.842,4399.0,3043.0,Carting,1356.0,<50km,medium(1.5-4/d)
IND134109AAA -> IND160002AAC,Chandigarh_Panchkula (Chandigarh),Chandigarh_Mehmdpur_H (Punjab),43.66,15,0.6,0.0,62.8,93.8,31.1,3461.0,1710.0,1751.0,0.594,0.842,4393.0,3035.0,Carting,1359.0,<50km,thin(<1.5/d)
IND160102AAD -> IND160002AAC,Chandigarh_Raiprkln_C (Chandigarh),Chandigarh_Mehmdpur_H (Punjab),43.661,12,0.48,0.0,57.7,86.2,28.5,3461.0,1710.0,1751.0,0.594,0.842,4390.0,3030.0,Carting,1360.0,<50km,thin(<1.5/d)
IND741123AAB -> IND741126AAB,Chapra_NagarDPP_D (West Bengal),Nakashipara_MaxDPP_D (West Bengal),43.672,18,0.72,0.001,62.8,68.7,5.9,3461.0,1710.0,1751.0,0.96,0.97,4946.0,3214.0,Carting,1732.0,<50km,thin(<1.5/d)
IND246763AAA -> IND246761AAA,Najibabad_KotdwrRD_D (Uttar Pradesh),Dhampur_NaginaRD_D (Uttar Pradesh),43.716,11,0.44,0.002,62.2,60.8,-1.4,3462.0,1711.0,1750.0,0.957,0.966,4947.0,3210.0,Carting,1737.0,<50km,thin(<1.5/d)
IND303108AAB -> IND303106AAA,Kotputli_LXngrDPP_D (Rajasthan),Paota_SmClyDPP_D (Rajasthan),43.855,9,0.36,0.0,53.2,72.0,18.8,3465.0,1716.0,1749.0,0.567,0.839,4350.0,3022.0,Carting,1328.0,<50km,thin(<1.5/d)
IND834002AAB -> IND829122AAA,Ranchi_Hub (Jharkhand),Ramgarh_HotelPrk_D (Jharkhand),43.878,14,0.56,0.01,74.1,79.6,5.5,3465.0,1716.0,1749.0,0.982,0.987,5031.0,3293.0,Carting,1738.0,<50km,thin(<1.5/d)
IND600008AAA -> IND600044AAC,Chennai_Egmore_C (Tamil Nadu),Chennai_Chrompet_PC (Tamil Nadu),43.915,14,0.56,0.0,63.5,85.9,22.4,3466.0,1717.0,1749.0,0.567,0.839,4358.0,3033.0,Carting,1325.0,<50km,thin(<1.5/d)
IND151302AAA -> IND151505AAA,TalwandiSabo_Wardno3_D (Punjab),Mansa_GreenVly_D (Punjab),43.932,16,0.64,0.001,71.8,79.3,7.5,3466.0,1718.0,1749.0,0.496,0.811,4261.0,2990.0,Carting,1271.0,<50km,thin(<1.5/d)
IND382721AAA -> IND382430AAB,Gandhinagar_Kalol_DC (Gujarat),Ahmedabad_East_H_1 (Gujarat),44.003,15,0.6,0.0,101.5,118.0,16.5,3468.0,1720.0,1748.0,0.873,0.961,4846.0,3240.0,Carting,1605.0,<50km,thin(<1.5/d)
IND764001AAC -> IND764059AAA,Jeypore_Kelasahi_D (Orissa),Nabarangpr_PhdofDPP_D (Orissa),44.011,7,0.28,0.002,53.7,52.6,-1.2,3468.0,1720.0,1748.0,0.801,0.822,4711.0,2994.0,Carting,1718.0,<50km,thin(<1.5/d)
IND110037AAM -> IND000000ACB,Delhi_Airport_H (Delhi),Gurgaon_Bilaspur_HB (Haryana),44.06,12,0.48,0.054,100.6,88.7,-12.0,3469.0,1722.0,1748.0,0.926,0.942,5151.0,3423.0,Carting,1728.0,<50km,thin(<1.5/d)
IND573201AAB -> IND573103AAA,Hassan_Pandrnga_I (Karnataka),Arsikere_HsnRdDPP_D (Karnataka),44.109,3,0.12,0.013,89.5,94.0,4.5,3470.0,1723.0,1747.0,0.991,0.991,5072.0,3329.0,Carting,1743.0,<50km,thin(<1.5/d)
IND625106AAA -> IND625008AAA,Melur_MduraiRD_D (Tamil Nadu),Madurai_Kappalur_H (Tamil Nadu),44.142,13,0.52,0.0,98.2,96.9,-1.3,3471.0,1724.0,1747.0,0.94,0.92,4946.0,3169.0,Carting,1777.0,<50km,thin(<1.5/d)
IND577116AAA -> IND577101AAA,,Chikmagalur_DC (Karnataka),44.166,8,0.32,0.0,67.9,60.3,-7.6,3472.0,1725.0,1747.0,0.458,0.655,4204.0,2748.0,Carting,1456.0,<50km,thin(<1.5/d)
IND123001AAA -> IND123401AAB,Narnaul_DC (Haryana),Rewari_YuktiDPP_D (Haryana),44.169,13,0.52,0.002,52.0,62.1,10.1,3472.0,1725.0,1747.0,0.943,0.963,4927.0,3218.0,Carting,1709.0,<50km,thin(<1.5/d)
IND600008AAC -> IND600056AAB,Chennai_Egmore_DPC (Tamil Nadu),MAA_Poonamallee_HB (Tamil Nadu),44.198,15,0.6,0.001,73.5,79.4,5.9,3472.0,1726.0,1746.0,0.971,0.957,4983.0,3220.0,Carting,1763.0,<50km,thin(<1.5/d)
IND741156AAA -> IND742101AAC,Plassey_BtaiRoad_D (West Bengal),Baharampur_Chuanpur_I (West Bengal),44.298,8,0.32,0.001,84.0,94.5,10.5,3475.0,1729.0,1746.0,0.975,0.959,4998.0,3235.0,Carting,1763.0,<50km,thin(<1.5/d)
IND712311AAA -> IND712410AAC,Kolkata_Dankuni_HB (West Bengal),Tarkeshwar_Naraynpr_D (West Bengal),44.418,9,0.36,0.09,125.6,123.2,-2.3,3477.0,1733.0,1745.0,0.998,0.996,5463.0,3714.0,Carting,1749.0,<50km,thin(<1.5/d)
IND160102AAD -> IND160002AAD,Chandigarh_Raiprkln_C (Chandigarh),Chandigarh_Mehmdpur_P (Punjab),44.446,3,0.12,0.0,61.6,72.3,10.7,3478.0,1733.0,1744.0,0.725,0.863,4607.0,3076.0,Carting,1531.0,<50km,thin(<1.5/d)
IND600056AAB -> IND631501AAA,MAA_Poonamallee_HB (Tamil Nadu),Kanchipuram_DC (Tamil Nadu),44.463,9,0.36,0.039,76.4,70.2,-6.2,3478.0,1734.0,1744.0,0.981,0.983,5172.0,3427.0,Carting,1745.0,<50km,thin(<1.5/d)
IND160002AAC -> IND160102AAC,Chandigarh_Mehmdpur_H (Punjab),Chandigarh_Raiprvlg_L (Chandigarh),44.638,25,1.0,0.053,70.6,53.6,-17.0,3482.0,1739.0,1743.0,0.987,0.954,5243.0,3432.0,Carting,1811.0,<50km,thin(<1.5/d)
IND160102AAC -> IND160002AAC,Chandigarh_Raiprvlg_L (Chandigarh),Chandigarh_Mehmdpur_H (Punjab),44.656,28,1.12,0.0,58.7,70.7,12.0,3482.0,1740.0,1743.0,0.955,0.981,4953.0,3258.0,Carting,1696.0,<50km,thin(<1.5/d)
IND757041AAA -> IND756019AAA,Udala_NagplDPP_D (Orissa),Balasore_Ganeshwr_D (Orissa),44.659,4,0.16,0.001,142.3,144.4,2.1,3482.0,1740.0,1743.0,0.942,0.943,4994.0,3254.0,Carting,1740.0,<50km,thin(<1.5/d)
IND423601AAA -> IND413709AAA,Kopargaon_NkshtrPz_D (Maharashtra),Shrirampur_DavkharRd_D (Maharashtra),44.712,3,0.12,0.0,70.9,74.7,3.7,3484.0,1741.0,1742.0,0.957,0.965,4969.0,3241.0,Carting,1728.0,<50km,thin(<1.5/d)
IND483225AAA -> IND483501AAA,Sihora_KtnRdDPP_D (Madhya Pradesh),Katni_Bargawan_DC (Madhya Pradesh),44.759,3,0.12,0.001,85.0,89.7,4.7,3485.0,1743.0,1742.0,0.959,0.972,4984.0,3264.0,Carting,1720.0,<50km,thin(<1.5/d)
IND416012AAA -> IND415409AAB,Kolhapur_Shivaji_I (Maharashtra),Islampur_Shantanu_D (Maharashtra),44.78,4,0.16,0.011,77.0,76.5,-0.5,3485.0,1743.0,1742.0,0.992,0.992,5074.0,3332.0,Carting,1742.0,<50km,thin(<1.5/d)
IND271001AAA -> IND271201AAA,Gonda_KotwaliN_D (Uttar Pradesh),Balrampur_PBRDDPP_D (Uttar Pradesh),44.912,4,0.16,0.0,82.5,82.6,0.1,3488.0,1747.0,1741.0,0.95,0.977,4968.0,3269.0,Carting,1700.0,<50km,thin(<1.5/d)
IND140401AAA -> IND142401AAA,Rajpura_DC (Punjab),Khanna_DC (Punjab),44.926,3,0.12,0.0,67.9,90.3,22.4,3488.0,1748.0,1741.0,0.896,0.897,4879.0,3155.0,Carting,1724.0,<50km,thin(<1.5/d)
IND515134AAA -> IND515591AAA,Puttaprthi_Gokulam_D (Andhra Pradesh),Kadiri_GVManu_D (Andhra Pradesh),44.932,8,0.32,0.002,102.4,105.2,2.8,3489.0,1748.0,1741.0,0.959,0.953,5006.0,3258.0,Carting,1748.0,<50km,thin(<1.5/d)
IND500010AAA -> IND501359AAE,Hyderabad_Alwal_I (Telangana),Hyderabad_Shamshbd_H (Telangana),44.958,8,0.32,0.002,84.0,83.2,-0.8,3489.0,1749.0,1740.0,0.957,0.96,4989.0,3253.0,Carting,1736.0,<50km,thin(<1.5/d)
IND500010AAB -> IND501359AAE,Hyderabad_Alwal_L (Telangana),Hyderabad_Shamshbd_H (Telangana),44.96,39,1.56,0.0,79.9,97.8,17.9,3489.0,1749.0,1740.0,0.928,0.959,4934.0,3253.0,Carting,1681.0,<50km,medium(1.5-4/d)
IND583227AAA -> IND583231AAA,Gangavathi_PhrmPlza_D (Karnataka),Koppal_Banikatt_D (Karnataka),44.978,15,0.6,0.0,80.5,79.2,-1.4,3490.0,1749.0,1740.0,0.986,0.985,5023.0,3281.0,Carting,1742.0,<50km,thin(<1.5/d)
IND711303AAA -> IND721134AAB,Bagnan_Harop_D (West Bengal),Kolaghat_Central_DPP_2 (West Bengal),44.986,17,0.68,0.002,44.0,42.2,-1.8,3490.0,1750.0,1740.0,0.346,0.279,4041.0,2199.0,Carting,1842.0,<50km,thin(<1.5/d)
IND509124AAA -> IND509103AAC,JoguGadwal_ColctrOf_D (Telangana),,45.011,4,0.16,0.001,95.7,97.7,2.1,3490.0,1750.0,1740.0,0.988,0.987,5038.0,3298.0,Carting,1740.0,<50km,thin(<1.5/d)
IND201301AAF -> IND203205AAA,Noida_Sec 02_DPC (Uttar Pradesh),Sikandrabd_GTRoad_D (Uttar Pradesh),45.034,19,0.76,0.002,100.5,107.5,7.0,3491.0,1751.0,1740.0,0.979,0.979,5034.0,3298.0,Carting,1736.0,<50km,thin(<1.5/d)
IND517644AAA -> IND524132AAA,Sriklahsti_SDKNgr_D (Andhra Pradesh),Venktagiri_TirupthiRd_D (Andhra Pradesh),45.097,15,0.6,0.0,71.9,65.9,-6.0,3492.0,1753.0,1739.0,0.977,0.979,5005.0,3265.0,Carting,1740.0,<50km,thin(<1.5/d)
IND722143AAB -> IND723133AAA,Mejia_Central_D_1 (West Bengal),Rghunthpur_barkarRd_D (West Bengal),45.161,10,0.4,0.0,95.3,125.6,30.2,3494.0,1755.0,1739.0,0.931,0.966,4954.0,3288.0,Carting,1666.0,<50km,thin(<1.5/d)
IND390022AAA -> IND388320AAA,Vadodara_Karelibaug_DPC (Gujarat),Anand_Vaghasi_IP (Gujarat),45.192,18,0.72,0.006,70.2,71.9,1.7,3494.0,1756.0,1738.0,0.979,0.983,5038.0,3307.0,Carting,1731.0,<50km,thin(<1.5/d)
IND243201AAA -> IND262001AAA,Baheri_HoliCDPP_D (Uttar Pradesh),Pilibhit_ViksClny_D (Uttar Pradesh),45.213,4,0.16,0.0,91.0,107.1,16.1,3495.0,1756.0,1738.0,0.954,0.977,4987.0,3293.0,Carting,1694.0,<50km,thin(<1.5/d)
IND741156AAA -> IND742102AAB,Plassey_BtaiRoad_D (West Bengal),Berhampore_Central_I_2 (West Bengal),45.214,13,0.52,0.001,86.9,97.9,11.1,3495.0,1756.0,1738.0,0.976,0.961,5022.0,3269.0,Carting,1753.0,<50km,thin(<1.5/d)
IND821109AAA -> IND802213AAB,Mohania_Bhabua_D (Bihar),Dinara_Wardno7_D (Bihar),45.24,11,0.44,0.001,82.7,86.1,3.3,3495.0,1757.0,1738.0,0.906,0.899,4912.0,3166.0,Carting,1746.0,<50km,thin(<1.5/d)
IND688009AAA -> IND686028AAB,Alappuzha_Pazhvedu_D (Kerala),Kottayam_Central_H_1 (Kerala),45.362,16,0.64,0.0,101.7,131.4,29.7,3498.0,1761.0,1737.0,0.925,0.931,4953.0,3245.0,Carting,1707.0,<50km,thin(<1.5/d)
IND509124AAA -> IND509103AAB,JoguGadwal_ColctrOf_D (Telangana),Wanaparthy_VallaDPP_D (Telangana),45.465,9,0.36,0.001,95.7,97.7,2.1,3500.0,1764.0,1736.0,0.987,0.985,5048.0,3310.0,Carting,1738.0,<50km,thin(<1.5/d)
IND600056AAB -> IND600110AAA,MAA_Poonamallee_HB (Tamil Nadu),Chennai_Madhavaram_L (Tamil Nadu),45.478,28,1.12,0.039,81.7,75.3,-6.4,3501.0,1764.0,1736.0,0.981,0.983,5199.0,3462.0,Carting,1737.0,<50km,thin(<1.5/d)
IND843109AAB -> IND843126AAA,Kanti_Central_DPP_2 (Bihar),Saraiya_Wardno4_D (Bihar),45.513,10,0.4,0.0,65.6,82.4,16.8,3501.0,1765.0,1736.0,0.458,0.644,4231.0,2787.0,Carting,1444.0,<50km,thin(<1.5/d)
IND360575AAA -> IND360510AAB,Porbandar_DC (Gujarat),Bhanvad_Mainroad_D (Gujarat),45.61,10,0.4,0.0,67.9,59.8,-8.1,3503.0,1768.0,1735.0,0.875,0.886,4861.0,3137.0,Carting,1724.0,<50km,thin(<1.5/d)
IND520011AAA -> IND521185AAA,Vijayawada (Andhra Pradesh),Nandigama_Chndrlpd_D (Andhra Pradesh),45.623,8,0.32,0.0,78.0,102.6,24.5,3504.0,1769.0,1735.0,0.867,0.943,4856.0,3252.0,Carting,1604.0,<50km,thin(<1.5/d)
IND176303AAA -> IND176310AAA,Dalhousie_Banikhet_D (Himachal Pradesh),Chamba_Bangotu_D (Himachal Pradesh),45.689,9,0.36,0.0,130.7,133.6,2.9,3505.0,1771.0,1734.0,0.929,0.9,4986.0,3209.0,Carting,1777.0,<50km,thin(<1.5/d)
IND591102AAA -> IND591307AAC,Bailhongal_NamoNagr_D (Karnataka),Gokak_Bsavangr_D (Karnataka),45.763,18,0.72,0.0,125.7,145.8,20.1,3507.0,1773.0,1734.0,0.954,0.973,5024.0,3331.0,Carting,1693.0,<50km,thin(<1.5/d)
IND147001AAD -> IND160002AAC,Patiala_GainMrkt_L (Punjab),Chandigarh_Mehmdpur_H (Punjab),45.947,5,0.2,0.0,94.5,100.5,6.1,3511.0,1778.0,1732.0,0.946,0.97,4994.0,3303.0,Carting,1691.0,<50km,thin(<1.5/d)
IND110030AAD -> IND000000ACB,Delhi_Kishangarh_DPC (Delhi),Gurgaon_Bilaspur_HB (Haryana),45.948,7,0.28,0.0,113.0,133.1,20.1,3511.0,1778.0,1732.0,0.983,0.992,5061.0,3354.0,Carting,1707.0,<50km,thin(<1.5/d)
IND535501AAB -> IND532440AAA,Parvathipuram_Central_D_2 (Andhra Pradesh),Palakonda_VadaiDPP_D (Andhra Pradesh),45.971,17,0.68,0.002,74.4,78.6,4.2,3511.0,1779.0,1732.0,0.961,0.924,5010.0,3224.0,Carting,1786.0,<50km,thin(<1.5/d)
IND742223AAA -> IND742226AAA,Jangipur_Central_D_1 (West Bengal),Sagardighi_UtBzrDPP_D (West Bengal),46.005,17,0.68,0.001,71.8,72.7,0.9,3512.0,1780.0,1732.0,0.941,0.943,4976.0,3248.0,Carting,1728.0,<50km,thin(<1.5/d)
IND785690AAB -> IND785682AAA,Sonari_Central_DPP_1 (Assam),Sivasagar_Babupaty_D (Assam),46.062,16,0.64,0.0,87.0,106.9,19.8,3513.0,1782.0,1732.0,0.906,0.965,4930.0,3301.0,Carting,1629.0,<50km,thin(<1.5/d)
IND600056AAB -> IND600076AAB,MAA_Poonamallee_HB (Tamil Nadu),Chennai_Madhavaram_DPC (Tamil Nadu),46.067,16,0.64,0.039,80.0,73.8,-6.2,3513.0,1782.0,1731.0,0.981,0.983,5211.0,3479.0,Carting,1732.0,<50km,thin(<1.5/d)
IND273014AAB -> IND273155AAA,Gorakhpur_Matriprm_IP (Uttar Pradesh),Anandnagar_LohiaDPP_D (Uttar Pradesh),46.067,5,0.2,0.006,74.8,75.2,0.4,3513.0,1782.0,1731.0,0.99,0.992,5075.0,3348.0,Carting,1727.0,<50km,thin(<1.5/d)
IND147001AAB -> IND160002AAC,Patiala (Punjab),Chandigarh_Mehmdpur_H (Punjab),46.073,7,0.28,0.002,126.2,120.7,-5.5,3514.0,1782.0,1731.0,0.848,0.907,4876.0,3230.0,Carting,1645.0,<50km,thin(<1.5/d)
IND722140AAA -> IND722151AAA,Khatra_KoralDPP_D (West Bengal),Simlapal_Central_D_1 (West Bengal),46.175,9,0.36,0.001,79.5,84.0,4.5,3516.0,1785.0,1731.0,0.55,0.699,4395.0,2893.0,Carting,1503.0,<50km,thin(<1.5/d)
IND311301AAA -> IND305624AAA,Asind_BsStdDPP_D (Rajasthan),Bijainagar_Central_DPP_1 (Rajasthan),46.268,6,0.24,0.0,64.6,77.4,12.8,3518.0,1788.0,1730.0,0.801,0.904,4763.0,3195.0,Carting,1568.0,<50km,thin(<1.5/d)
IND723101AAA -> IND723202AAA,Purulia_GariDPP_D (West Bengal),Jhalda_GMukrDPP_D (West Bengal),46.338,14,0.56,0.003,77.6,82.7,5.1,3519.0,1790.0,1729.0,0.984,0.987,5060.0,3338.0,Carting,1722.0,<50km,thin(<1.5/d)
IND623701AAA -> IND623503AAA,Paramakudi_VagaiNgr_D (Tamil Nadu),Ramnthpurm_TnhbBlkC_D (Tamil Nadu),46.348,7,0.28,0.0,99.3,94.5,-4.8,3520.0,1790.0,1729.0,0.806,0.903,4794.0,3208.0,Carting,1586.0,<50km,thin(<1.5/d)
IND560099AAB -> IND562132AAA,Bengaluru_Bomsndra_HB (Karnataka),Bangalore_Nelmngla_H (Karnataka),46.428,102,4.08,0.005,84.2,84.2,-0.0,3521.0,1793.0,1729.0,0.78,0.796,4767.0,3063.0,Carting,1704.0,<50km,dense(>4/d)
IND627005AAA -> IND628801AAA,Tirunelveli_VdkkuSrt_I (Tamil Nadu),Eral_Busstand_D (Tamil Nadu),46.441,17,0.68,0.0,80.1,78.1,-2.0,3522.0,1793.0,1728.0,0.908,0.93,4937.0,3241.0,Carting,1696.0,<50km,thin(<1.5/d)
IND533201AAA -> IND533262AAA,Amalapuram_Vijdurg_D (Andhra Pradesh),Draksharamam_Anaipeta_D (Andhra Pradesh),46.47,9,0.36,0.0,75.6,82.2,6.6,3522.0,1794.0,1728.0,0.958,0.977,5011.0,3316.0,Carting,1695.0,<50km,thin(<1.5/d)
IND311302AAA -> IND305624AAA,Badnaur_BhmrdDPP_D (Rajasthan),Bijainagar_Central_DPP_1 (Rajasthan),46.477,3,0.12,0.001,107.7,107.5,-0.1,3522.0,1794.0,1728.0,0.969,0.975,5051.0,3332.0,Carting,1719.0,<50km,thin(<1.5/d)
IND788151AAA -> IND788713AAA,Hailakandi_kalibari_D (Assam),Karimganj_Alngjuri_D (Assam),46.507,12,0.48,0.001,83.0,87.2,4.2,3523.0,1795.0,1728.0,0.966,0.974,5031.0,3318.0,Carting,1713.0,<50km,thin(<1.5/d)
IND630561AAA -> IND623407AAA,Sivaganga_Wardno3_D (Tamil Nadu),Thiruvadanai_RamnadRD_D (Tamil Nadu),46.702,15,0.6,0.0,67.7,58.0,-9.7,3527.0,1801.0,1726.0,0.986,0.988,5052.0,3321.0,Carting,1731.0,<50km,thin(<1.5/d)
IND160002AAC -> IND147001AAB,Chandigarh_Mehmdpur_H (Punjab),Patiala (Punjab),46.784,3,0.12,0.053,69.8,53.1,-16.7,3529.0,1804.0,1726.0,0.989,0.963,5294.0,3511.0,Carting,1783.0,<50km,thin(<1.5/d)
IND484001AAA -> IND484224AAA,Shahdol_Sohagpur_D (Madhya Pradesh),Anuppur_JthriDPP_DC (Madhya Pradesh),46.901,3,0.12,0.002,65.0,62.8,-2.2,3532.0,1807.0,1725.0,0.95,0.95,5007.0,3281.0,Carting,1726.0,<50km,thin(<1.5/d)
IND533262AAA -> IND533201AAA,Draksharamam_Anaipeta_D (Andhra Pradesh),Amalapuram_Vijdurg_D (Andhra Pradesh),46.932,5,0.2,0.001,78.3,87.1,8.8,3533.0,1808.0,1725.0,0.958,0.966,5027.0,3320.0,Carting,1707.0,<50km,thin(<1.5/d)
IND581303AAA -> IND581400AAB,Karwar_Central_D_1 (Karnataka),Mallapur_ShtDRDPP_D (Karnataka),47.047,12,0.48,0.001,73.0,83.3,10.3,3535.0,1811.0,1724.0,0.756,0.813,4720.0,3089.0,Carting,1632.0,<50km,thin(<1.5/d)
IND341503AAB -> IND341510AAB,Degana_BhukrdPP_D (Rajasthan),Merta_Central_DPP_1 (Rajasthan),47.218,12,0.48,0.002,61.0,58.6,-2.4,3539.0,1817.0,1722.0,0.985,0.984,5064.0,3339.0,Carting,1725.0,<50km,thin(<1.5/d)
IND523230AAA -> IND523105AAA,Kanigiri_Tiglgndi_D (Andhra Pradesh),Kandukur_LICOffce_D (Andhra Pradesh),47.224,19,0.76,0.0,85.5,102.3,16.8,3539.0,1817.0,1722.0,0.952,0.976,5024.0,3350.0,Carting,1674.0,<50km,thin(<1.5/d)
IND600110AAA -> IND600056AAB,Chennai_Madhavaram_L (Tamil Nadu),MAA_Poonamallee_HB (Tamil Nadu),47.441,10,0.4,0.0,92.1,103.1,11.0,3544.0,1823.0,1720.0,0.971,0.979,5063.0,3363.0,Carting,1701.0,<50km,thin(<1.5/d)
IND585104AAA -> IND585211AAA,Gulbarga_Nehrugnj_I (Karnataka),Chittapur_GlbrgaRD_D (Karnataka),47.459,17,0.68,0.006,78.8,80.8,2.0,3544.0,1824.0,1720.0,0.993,0.995,5115.0,3399.0,Carting,1716.0,<50km,thin(<1.5/d)
IND501359AAE -> IND500010AAA,Hyderabad_Shamshbd_H (Telangana),Hyderabad_Alwal_I (Telangana),47.489,12,0.48,0.111,86.6,85.3,-1.3,3545.0,1825.0,1720.0,0.997,0.994,5593.0,3867.0,Carting,1727.0,<50km,thin(<1.5/d)
IND383001AAA -> IND383315AAC,Himmatnagar_DC (Gujarat),Modasa_Central_D_1 (Gujarat),47.511,13,0.52,0.001,83.3,88.7,5.4,3545.0,1825.0,1720.0,0.853,0.904,4884.0,3244.0,Carting,1640.0,<50km,thin(<1.5/d)
IND585211AAA -> IND585104AAA,Chittapur_GlbrgaRD_D (Karnataka),Gulbarga_Nehrugnj_I (Karnataka),47.527,3,0.12,0.001,73.9,72.7,-1.2,3546.0,1826.0,1720.0,0.98,0.983,5069.0,3353.0,Carting,1716.0,<50km,thin(<1.5/d)
IND000000ADV -> IND600044AAC,Chennai_Mdhavram_C (Tamil Nadu),Chennai_Chrompet_PC (Tamil Nadu),47.53,18,0.72,0.0,69.2,77.1,7.9,3546.0,1826.0,1720.0,0.865,0.939,4889.0,3286.0,Carting,1603.0,<50km,thin(<1.5/d)
IND632006AAA -> IND635802AAB,Vellore_GndhiNgr_IP (Tamil Nadu),Ambur_Central_D_2 (Tamil Nadu),47.557,3,0.12,0.004,106.4,108.0,1.6,3546.0,1827.0,1720.0,0.975,0.983,5097.0,3391.0,Carting,1706.0,<50km,thin(<1.5/d)
IND370001AAA -> IND370615AAB,Bhuj_DC (Gujarat),Nakhatrana_ClgRDDPP_D (Gujarat),47.772,8,0.32,0.001,108.9,110.5,1.6,3551.0,1833.0,1718.0,0.958,0.964,5064.0,3356.0,Carting,1708.0,<50km,thin(<1.5/d)
IND416510AAA -> IND416606AAA,Sawantwadi_LaxmiNgr_D (Maharashtra),Malvan_BllvMarg_D (Maharashtra),47.83,14,0.56,0.001,89.5,86.9,-2.6,3552.0,1835.0,1717.0,0.987,0.989,5098.0,3382.0,Carting,1716.0,<50km,thin(<1.5/d)
IND362265AAA -> IND362720AAA,Veraval_DC (Gujarat),Kodinar_NCplxDPP_D (Gujarat),47.839,16,0.64,0.0,74.6,67.2,-7.3,3552.0,1835.0,1717.0,0.966,0.977,5052.0,3346.0,Carting,1706.0,<50km,thin(<1.5/d)
IND303002AAA -> IND302014AAA,Achrol_BgwriDPP_D (Rajasthan),Jaipur_Hub (Rajasthan),47.893,10,0.4,0.001,109.7,107.3,-2.4,3554.0,1837.0,1717.0,0.983,0.992,5104.0,3400.0,Carting,1705.0,<50km,thin(<1.5/d)
IND131028AAB -> IND110037AAM,Sonipat_Kundli_H (Haryana),Delhi_Airport_H (Delhi),47.9,7,0.28,0.053,132.2,117.9,-14.3,3554.0,1837.0,1717.0,0.995,0.99,5372.0,3637.0,Carting,1736.0,<50km,thin(<1.5/d)
IND209304AAA -> IND209801AAA,Kanpur_Central_H_6 (Uttar Pradesh),Unnao_VikasRam_D (Uttar Pradesh),47.945,20,0.8,0.039,83.4,72.7,-10.7,3555.0,1838.0,1716.0,0.941,0.809,5187.0,3241.0,Carting,1946.0,<50km,thin(<1.5/d)
IND262001AAA -> IND262122AAB,Pilibhit_ViksClny_D (Uttar Pradesh),Puranpur_MdothdRD_D (Uttar Pradesh),47.994,6,0.24,0.002,61.4,58.5,-2.9,3556.0,1840.0,1716.0,0.954,0.965,5035.0,3334.0,Carting,1701.0,<50km,thin(<1.5/d)
IND561207AAB -> IND562108AAA,Bagepalli_TBCross_D (Karnataka),Gauribidanur_Gurukrpa_D (Karnataka),48.002,12,0.48,0.0,80.7,83.5,2.8,3556.0,1840.0,1716.0,0.967,0.966,5062.0,3347.0,Carting,1715.0,<50km,thin(<1.5/d)
IND786181AAC -> IND792120AAB,Margherita_CivilHPL_D (Assam),Changlang_Central_D_1 (Arunachal Pradesh),48.082,9,0.36,0.002,89.0,99.0,10.0,3558.0,1842.0,1715.0,0.938,0.951,5032.0,3344.0,Carting,1688.0,<50km,thin(<1.5/d)
IND586128AAA -> IND586211AAA,Sindagi_KalyanNg_D (Karnataka),Indi_SindgiRD_D (Karnataka),48.095,15,0.6,0.001,107.9,101.7,-6.2,3558.0,1843.0,1715.0,0.966,0.979,5082.0,3383.0,Carting,1699.0,<50km,thin(<1.5/d)
IND282002AAD -> IND204101AAA,,Hathras (Uttar Pradesh),48.161,4,0.16,0.005,92.8,93.8,1.1,3560.0,1845.0,1715.0,0.935,0.957,5043.0,3363.0,Carting,1680.0,<50km,thin(<1.5/d)
IND626123AAA -> IND627756AAA,Sivakasi_Msstreet_DC (Tamil Nadu),Sankaran_Kovil_D (Tamil Nadu),48.291,17,0.68,0.0,87.0,91.2,4.2,3562.0,1849.0,1714.0,0.973,0.979,5081.0,3378.0,Carting,1703.0,<50km,thin(<1.5/d)
IND505122AAA -> IND506002AAA,Jammikunta_ConduDPP_D (Telangana),Warangal_HunterRd_I (Telangana),48.406,16,0.64,0.001,141.4,140.8,-0.6,3565.0,1852.0,1713.0,0.989,0.993,5147.0,3440.0,Carting,1707.0,<50km,thin(<1.5/d)
IND506132AAA -> IND122001AAJ,Khanpur_Nrsampt_D (Telangana),Mahbubabad_Yellanda_D (Telangana),48.411,19,0.76,0.001,70.1,75.2,5.1,3565.0,1852.0,1713.0,0.983,0.977,5091.0,3373.0,Carting,1718.0,<50km,thin(<1.5/d)
IND127201AAA -> IND124141AAA,Loharu_BstndDPP_D (Haryana),ChrkhiDdri_PuranDPP_D (Haryana),48.412,3,0.12,0.001,50.8,58.1,7.3,3565.0,1852.0,1713.0,0.968,0.976,5056.0,3360.0,Carting,1695.0,<50km,thin(<1.5/d)
IND509324AAA -> IND508248AAB,Kalwakurthy_VidyaNGR_D (Telangana),Devarakonda_DindiRD_D (Telangana),48.484,8,0.32,0.0,83.7,93.4,9.7,3567.0,1855.0,1712.0,0.954,0.981,5054.0,3388.0,Carting,1666.0,<50km,thin(<1.5/d)
IND585330AAE -> IND585401AAA,Humnabad_EBroad_D (Karnataka),Bidar (Karnataka),48.505,21,0.84,0.004,65.3,62.2,-3.1,3567.0,1855.0,1712.0,0.989,0.991,5111.0,3400.0,Carting,1711.0,<50km,thin(<1.5/d)
IND586211AAA -> IND586128AAA,Indi_SindgiRD_D (Karnataka),Sindagi_KalyanNg_D (Karnataka),48.522,3,0.12,0.0,85.3,97.8,12.5,3567.0,1856.0,1712.0,0.985,0.994,5101.0,3411.0,Carting,1690.0,<50km,thin(<1.5/d)
IND508248AAB -> IND508377AAB,Devarakonda_DindiRD_D (Telangana),Haliya_PeroorRD_D (Telangana),48.531,15,0.6,0.001,59.6,60.7,1.1,3568.0,1856.0,1712.0,0.984,0.986,5089.0,3381.0,Carting,1708.0,<50km,thin(<1.5/d)
IND532127AAA -> IND535591AAA,Rajam_SamathBv_D (Andhra Pradesh),Salur_ward9_D (Andhra Pradesh),48.597,21,0.84,0.002,80.8,85.3,4.4,3569.0,1858.0,1711.0,0.974,0.976,5092.0,3385.0,Carting,1707.0,<50km,thin(<1.5/d)
IND845401AAA -> IND845305AAA,Motihari_RajaBzr_D (Bihar),Raxaul_KairiyaT_D (Bihar),48.712,22,0.88,0.001,79.9,82.9,3.1,3572.0,1861.0,1710.0,0.971,0.978,5084.0,3387.0,Carting,1697.0,<50km,thin(<1.5/d)
IND792120AAB -> IND786181AAC,Changlang_Central_D_1 (Arunachal Pradesh),Margherita_CivilHPL_D (Assam),48.745,3,0.12,0.0,66.9,80.8,13.9,3572.0,1862.0,1710.0,0.948,0.978,5040.0,3383.0,Carting,1656.0,<50km,thin(<1.5/d)
IND623704AAA -> IND626607AAB,Muthukulathur_VaiklSRT_D (Tamil Nadu),Narikkudi_MukkuRD_D (Tamil Nadu),48.782,7,0.28,0.0,73.0,76.6,3.6,3573.0,1863.0,1710.0,0.855,0.892,4904.0,3252.0,Carting,1652.0,<50km,thin(<1.5/d)
IND815301AAA -> IND815353AAA,Giridih_Shivalya_D (Jharkhand),Madhupur_Sitarmrd_D (Jharkhand),48.853,3,0.12,0.002,57.3,61.9,4.6,3575.0,1866.0,1709.0,0.925,0.935,5007.0,3316.0,Carting,1691.0,<50km,thin(<1.5/d)
IND134203AAA -> IND140501AAA,Naraingarh_Ward2DPP_D (Haryana),Lalru_OnkarDPP_D (Punjab),48.934,14,0.56,0.0,78.4,79.5,1.1,3577.0,1868.0,1709.0,0.974,0.982,5092.0,3396.0,Carting,1696.0,<50km,thin(<1.5/d)
IND643001AAA -> IND643212AAA,Ooty_Davisdle_D (Tamil Nadu),Gudalur_kalmpuza_D (Tamil Nadu),49.012,6,0.24,0.0,65.4,63.7,-1.7,3578.0,1870.0,1708.0,0.966,0.976,5071.0,3377.0,Carting,1694.0,<50km,thin(<1.5/d)
IND431107AAB -> IND431136AAC,Paithan_SantaNGR_D (Maharashtra),Aurangabad_Central_H_1 (Maharashtra),49.064,6,0.24,0.001,100.2,116.9,16.7,3579.0,1872.0,1707.0,0.97,0.977,5107.0,3420.0,Carting,1687.0,<50km,thin(<1.5/d)
IND786190AAA -> IND792103AAB,DoomDooma_Pthrgoan_D (Assam),Namsai_HelipadRD_D (Arunachal Pradesh),49.073,9,0.36,0.002,68.5,64.0,-4.5,3580.0,1872.0,1707.0,0.941,0.92,5045.0,3304.0,Carting,1742.0,<50km,thin(<1.5/d)
IND767001AAA -> IND767017AAA,Balangir_Rjndpara_D (Orissa),Sonepur_BrezeDPP_D (Orissa),49.247,3,0.12,0.0,67.2,74.5,7.2,3583.0,1877.0,1706.0,0.927,0.929,5019.0,3321.0,Carting,1698.0,<50km,thin(<1.5/d)
IND785621AAA -> IND785001AAA,Golaghat_BaruaRd_D (Assam),Jorhat_RicMilRd_D (Assam),49.249,3,0.12,0.0,61.9,57.1,-4.8,3583.0,1877.0,1706.0,0.942,0.951,5038.0,3342.0,Carting,1696.0,<50km,thin(<1.5/d)
IND842001AAA -> IND845412AAB,Muzaffrpur_Bbganj_I (Bihar),Chakia_Wardno10_D (Bihar),49.367,15,0.6,0.025,80.8,77.3,-3.5,3586.0,1881.0,1705.0,0.984,0.976,5224.0,3504.0,Carting,1720.0,<50km,thin(<1.5/d)
IND000000ACB -> IND124103AAA,Gurgaon_Bilaspur_HB (Haryana),Jhajjar_DC (Haryana),49.382,13,0.52,0.191,96.3,84.2,-12.1,3586.0,1881.0,1705.0,0.976,0.949,5951.0,4175.0,Carting,1776.0,<50km,thin(<1.5/d)
IND000000ACB -> IND110030AAD,Gurgaon_Bilaspur_HB (Haryana),Delhi_Kishangarh_DPC (Delhi),49.428,28,1.12,0.191,102.4,89.6,-12.9,3587.0,1883.0,1705.0,0.976,0.949,5956.0,4180.0,Carting,1776.0,<50km,thin(<1.5/d)
IND576201AAA -> IND581320AAA,Kundapura_DC (Karnataka),Bhatkal_KmkshBul_D (Karnataka),49.533,4,0.16,0.004,75.5,74.7,-0.8,3590.0,1886.0,1704.0,0.976,0.984,5123.0,3430.0,Carting,1693.0,<50km,thin(<1.5/d)
IND462022AAA -> IND466001AAA,Bhopal_Trnsport_H (Madhya Pradesh),Sehore_Mangalam_D (Madhya Pradesh),49.691,14,0.56,0.033,98.3,91.9,-6.4,3593.0,1891.0,1702.0,0.982,0.973,5276.0,3554.0,Carting,1722.0,<50km,thin(<1.5/d)
IND630002AAA -> IND622407AAA,Karaikudi_Sbrmnprm_D (Tamil Nadu),Ponnamaravathi_Puduvalvu_D (Tamil Nadu),49.713,14,0.56,0.0,87.7,83.9,-3.9,3594.0,1891.0,1702.0,0.981,0.962,5124.0,3391.0,Carting,1733.0,<50km,thin(<1.5/d)
IND627005AAA -> IND627117AAA,Tirunelveli_VdkkuSrt_I (Tamil Nadu),Vallior_Radhaprm_D (Tamil Nadu),49.826,11,0.44,0.0,69.6,67.8,-1.8,3596.0,1895.0,1701.0,0.924,0.945,5029.0,3357.0,Carting,1672.0,<50km,thin(<1.5/d)
IND635802AAB -> IND635601AAB,Ambur_Central_D_2 (Tamil Nadu),Tiruppattur_KoilStrt_D (Tamil Nadu),49.87,10,0.4,0.002,78.1,82.6,4.5,3597.0,1896.0,1701.0,0.978,0.979,5123.0,3426.0,Carting,1697.0,<50km,thin(<1.5/d)
IND209111AAA -> IND285001AAD,Pukhrayan_Arulimod_D (Uttar Pradesh),Orai_Ajnari_D (Uttar Pradesh),49.936,21,0.84,0.002,69.9,69.2,-0.7,3599.0,1898.0,1701.0,0.94,0.951,5061.0,3378.0,Carting,1683.0,<50km,thin(<1.5/d)
IND508206AAA -> IND508207AAB,Kodad_VidyaNgr_D (Telangana),Miryalguda_Ragvendr_D (Telangana),49.939,4,0.16,0.004,59.7,55.6,-4.1,3599.0,1898.0,1700.0,0.976,0.961,5118.0,3393.0,Carting,1725.0,<50km,thin(<1.5/d)
IND370615AAB -> IND370001AAA,Nakhatrana_ClgRDDPP_D (Gujarat),Bhuj_DC (Gujarat),50.004,3,0.12,0.0,104.4,114.1,9.7,3600.0,1900.0,1700.0,0.978,0.992,5137.0,3464.0,Carting,1673.0,50-150km,thin(<1.5/d)
IND263645AAA -> IND263601AAA,Ranikhet_Subhash_D (Uttarakhand),Almora_SuzkiSrv_D (Uttarakhand),50.054,12,0.48,0.001,101.9,103.8,1.9,3601.0,1902.0,1700.0,0.987,0.989,5155.0,3459.0,Carting,1695.0,50-150km,thin(<1.5/d)
IND487001AAA -> IND487551AAA,Narsingpur_JrjolDPP_D (Madhya Pradesh),Gadarwara_MPward_D (Madhya Pradesh),50.059,4,0.16,0.006,119.7,174.9,55.2,3601.0,1902.0,1700.0,0.978,0.987,5176.0,3526.0,Carting,1649.0,50-150km,thin(<1.5/d)
IND242307AAB -> IND242221AAA,Tilhar_SingCLNY_D (Uttar Pradesh),Jalalabad_farukngr_D (Uttar Pradesh),50.102,5,0.2,0.002,85.1,88.4,3.3,3602.0,1903.0,1699.0,0.902,0.906,5022.0,3330.0,Carting,1692.0,50-150km,thin(<1.5/d)
IND562132AAA -> IND560099AAB,Bangalore_Nelmngla_H (Karnataka),Bengaluru_Bomsndra_HB (Karnataka),50.105,127,5.08,0.089,91.0,80.5,-10.5,3602.0,1903.0,1699.0,0.979,0.958,5523.0,3776.0,Carting,1747.0,50-150km,dense(>4/d)
IND422605AAA -> IND413709AAA,Sangamner_JawanChk_D (Maharashtra),Shrirampur_DavkharRd_D (Maharashtra),50.106,9,0.36,0.0,84.4,72.5,-11.9,3602.0,1903.0,1699.0,0.95,0.953,5083.0,3381.0,Carting,1702.0,50-150km,thin(<1.5/d)
IND425409AAA -> IND425406AAA,Shahada_Nandrbar_D (Maharashtra),Shindkheda_KakaCplx_D (Maharashtra),50.214,9,0.36,0.0,99.8,89.2,-10.6,3605.0,1906.0,1698.0,0.957,0.969,5106.0,3420.0,Carting,1687.0,50-150km,thin(<1.5/d)
IND312001AAA -> IND312601AAA,Chittaurgarh_DC (Rajasthan),Nimbahera_MsjidDPP_D (Rajasthan),50.398,6,0.24,0.002,107.3,113.3,6.0,3609.0,1912.0,1697.0,0.947,0.942,5111.0,3411.0,Carting,1701.0,50-150km,thin(<1.5/d)
IND505302AAB -> IND505326AAB,Vemulawada_Central_DPP_2 (Telangana),,50.424,4,0.16,0.002,94.0,93.4,-0.6,3609.0,1913.0,1697.0,0.77,0.811,4834.0,3198.0,Carting,1635.0,50-150km,thin(<1.5/d)
IND721306AAA -> IND721507AAA,Kharagpur_DC (West Bengal),Jhargram_UBamdDPP_D (West Bengal),50.442,13,0.52,0.005,97.7,97.9,0.2,3610.0,1913.0,1696.0,0.981,0.988,5168.0,3481.0,Carting,1687.0,50-150km,thin(<1.5/d)
IND444203AAA -> IND444005AAB,Shegaon_SChwkDPP_D (Maharashtra),Akola_Gaurkshn_I (Maharashtra),50.563,5,0.2,0.002,75.8,75.8,-0.0,3612.0,1917.0,1695.0,0.965,0.975,5118.0,3436.0,Carting,1682.0,50-150km,thin(<1.5/d)
IND332404AAA -> IND332001AAB,Reengus_Shop2DPP_D (Rajasthan),Sikar_FatehpRd_I (Rajasthan),50.621,12,0.48,0.008,52.5,56.6,4.1,3614.0,1919.0,1695.0,0.963,0.963,5129.0,3436.0,Carting,1693.0,50-150km,thin(<1.5/d)
IND501359AAE -> IND500010AAB,Hyderabad_Shamshbd_H (Telangana),Hyderabad_Alwal_L (Telangana),50.89,32,1.28,0.111,86.4,84.9,-1.6,3620.0,1927.0,1693.0,0.994,0.989,5663.0,3959.0,Carting,1704.0,50-150km,thin(<1.5/d)
IND829122AAA -> IND825301AAA,Ramgarh_HotelPrk_D (Jharkhand),Hazaribag_BodomBzr_DC (Jharkhand),50.913,14,0.56,0.001,68.7,68.7,-0.0,3620.0,1927.0,1693.0,0.917,0.925,5044.0,3363.0,Carting,1681.0,50-150km,thin(<1.5/d)
IND335701AAA -> IND335051AAA,Anupgarh_PrmNrDPP_D (Rajasthan),RaisingNgr_BisnolDPP_D (Rajasthan),50.941,7,0.28,0.002,89.3,94.5,5.3,3621.0,1928.0,1692.0,0.693,0.684,4725.0,3022.0,Carting,1702.0,50-150km,thin(<1.5/d)
IND508206AAA -> IND507159AAA,Kodad_VidyaNgr_D (Telangana),Kusumnchi_SKRoad_D (Telangana),50.973,12,0.48,0.004,63.0,58.5,-4.4,3621.0,1929.0,1692.0,0.956,0.93,5113.0,3378.0,Carting,1735.0,50-150km,thin(<1.5/d)
IND584101AAA -> IND509124AAA,Raichur_LSRoad_DC (Karnataka),JoguGadwal_ColctrOf_D (Telangana),51.055,14,0.56,0.001,94.7,91.3,-3.4,3623.0,1932.0,1692.0,0.965,0.978,5139.0,3464.0,Carting,1675.0,50-150km,thin(<1.5/d)
IND505467AAA -> IND505122AAA,Husnabad_Greenmkt_D (Telangana),Jammikunta_ConduDPP_D (Telangana),51.057,13,0.52,0.0,84.6,104.4,19.7,3623.0,1932.0,1692.0,0.949,0.983,5103.0,3476.0,Carting,1627.0,50-150km,thin(<1.5/d)
IND403726AAA -> IND403702AAA,Goa_Hub (Goa),Canacona_CharRsta_D (Goa),51.245,9,0.36,0.012,104.1,113.5,9.4,3627.0,1937.0,1690.0,0.975,0.979,5211.0,3535.0,Carting,1676.0,50-150km,thin(<1.5/d)
IND508213AAB -> IND508001AAA,Suryapet_Krishna_D (Telangana),Nalgonda_HydRoad_DC (Telangana),51.312,14,0.56,0.003,68.7,76.7,8.0,3629.0,1939.0,1690.0,0.98,0.985,5160.0,3483.0,Carting,1677.0,50-150km,thin(<1.5/d)
IND152026AAA -> IND151001AAA,Muktsar_DPC (Punjab),Bhatinda_DPC (Punjab),51.331,11,0.44,0.004,130.0,137.3,7.3,3629.0,1940.0,1689.0,0.401,0.541,4325.0,2852.0,Carting,1473.0,50-150km,thin(<1.5/d)
IND207247AAB -> IND205001AAB,Aliganj_KaimgnjRD_D (Uttar Pradesh),Mainpuri_Agraroad_I (Uttar Pradesh),51.439,10,0.4,0.002,116.7,121.6,4.9,3632.0,1943.0,1688.0,0.963,0.964,5164.0,3481.0,Carting,1683.0,50-150km,thin(<1.5/d)
IND563131AAA -> IND563125AAB,Mulbagal_Sunku_D (Karnataka),Chintamani_Central_D_2 (Karnataka),51.477,14,0.56,0.0,61.9,76.6,14.7,3633.0,1944.0,1688.0,0.71,0.894,4739.0,3336.0,Carting,1402.0,50-150km,thin(<1.5/d)
IND207001AAA -> IND207302AAA,Etah_CivlLine_D (Uttar Pradesh),Jalesar_ChngiDPP_D (Uttar Pradesh),51.519,6,0.24,0.001,117.7,117.5,-0.1,3633.0,1946.0,1688.0,0.987,0.992,5196.0,3515.0,Carting,1681.0,50-150km,thin(<1.5/d)
IND507159AAA -> IND508206AAA,Kusumnchi_SKRoad_D (Telangana),Kodad_VidyaNgr_D (Telangana),51.645,5,0.2,0.0,77.2,90.3,13.2,3636.0,1949.0,1687.0,0.81,0.945,4902.0,3427.0,Carting,1475.0,50-150km,thin(<1.5/d)
IND302014AAA -> IND303702AAB,Jaipur_Hub (Rajasthan),Chomu_ShsmlDPP_D (Rajasthan),51.705,9,0.36,0.045,91.3,81.6,-9.7,3638.0,1951.0,1686.0,0.944,0.884,5305.0,3510.0,Carting,1794.0,50-150km,thin(<1.5/d)
IND487001AAB -> IND487551AAA,Narsinghpur_KndliDPP_D (Madhya Pradesh),Gadarwara_MPward_D (Madhya Pradesh),51.799,4,0.16,0.0,99.1,112.9,13.8,3640.0,1954.0,1686.0,0.961,0.986,5147.0,3508.0,Carting,1639.0,50-150km,thin(<1.5/d)
IND802119AAA -> IND802158AAB,Dumraon_Nishangr_D (Bihar),Jagdishpur_Wardno13_D (Bihar),51.834,16,0.64,0.0,79.5,92.5,12.9,3640.0,1955.0,1685.0,0.961,0.986,5134.0,3495.0,Carting,1639.0,50-150km,thin(<1.5/d)
IND000000ACB -> IND110043AAC,Gurgaon_Bilaspur_HB (Haryana),Delhi_Nangli_L (Delhi),52.015,9,0.36,0.191,114.4,99.8,-14.5,3644.0,1960.0,1684.0,0.968,0.931,6002.0,4223.0,Carting,1779.0,50-150km,thin(<1.5/d)
IND442101AAB -> IND445001AAB,Deoli_Central_DPP_2 (Maharashtra),Yavatmal_JajuDPP_D (Maharashtra),52.047,12,0.48,0.0,73.9,78.0,4.1,3645.0,1961.0,1684.0,0.941,0.986,5106.0,3492.0,Carting,1614.0,50-150km,thin(<1.5/d)
IND743513AAA -> IND743347AAA,Fatepur_NH117_D (West Bengal),Kakdwip_KlngrDPP_D (West Bengal),52.125,12,0.48,0.0,69.0,71.4,2.4,3647.0,1964.0,1683.0,0.967,0.974,5145.0,3474.0,Carting,1671.0,50-150km,thin(<1.5/d)
IND736146AAA -> IND736135AAA,Mathabhang_Pshimpra_D (West Bengal),Dinhata_WrdN4DPP_D (West Bengal),52.18,8,0.32,0.0,118.1,113.2,-4.9,3648.0,1965.0,1683.0,0.971,0.971,5183.0,3497.0,Carting,1686.0,50-150km,thin(<1.5/d)
IND274301AAB -> IND273014AAB,Kaptanganj_Subshngr_D (Uttar Pradesh),Gorakhpur_Matriprm_IP (Uttar Pradesh),52.434,16,0.64,0.001,124.1,117.5,-6.5,3654.0,1973.0,1681.0,0.982,0.986,5214.0,3536.0,Carting,1678.0,50-150km,thin(<1.5/d)
IND160002AAC -> IND147001AAD,Chandigarh_Mehmdpur_H (Punjab),Patiala_GainMrkt_L (Punjab),52.5,7,0.28,0.053,75.1,57.2,-17.9,3655.0,1975.0,1680.0,0.983,0.936,5412.0,3639.0,Carting,1773.0,50-150km,thin(<1.5/d)
IND721253AAC -> IND721306AAA,ChandroknaRD_Central_DPP_3 (West Bengal),Kharagpur_DC (West Bengal),52.507,11,0.44,0.0,90.4,93.0,2.6,3655.0,1975.0,1680.0,0.977,0.989,5182.0,3522.0,Carting,1660.0,50-150km,thin(<1.5/d)
IND209625AAA -> IND241124AAB,Farrukhbad_Pnchlght_D (Uttar Pradesh),Shahabad_KDRoad_D (Uttar Pradesh),52.51,11,0.44,0.002,117.8,126.0,8.2,3655.0,1975.0,1680.0,0.916,0.863,5118.0,3362.0,Carting,1756.0,50-150km,thin(<1.5/d)
IND483501AAA -> IND483770AAA,Katni_Bargawan_DC (Madhya Pradesh),Barhi_Central_DPP_1 (Madhya Pradesh),52.592,3,0.12,0.001,85.6,90.9,5.3,3657.0,1978.0,1679.0,0.895,0.92,5059.0,3422.0,Carting,1637.0,50-150km,thin(<1.5/d)
IND623503AAA -> IND623526AAA,Ramnthpurm_TnhbBlkC_D (Tamil Nadu),Rameswram_Kdthdstrt_D (Tamil Nadu),52.684,7,0.28,0.0,96.9,98.1,1.1,3659.0,1981.0,1679.0,0.455,0.543,4406.0,2860.0,Carting,1545.0,50-150km,thin(<1.5/d)
IND803213AAA -> IND811105AAA,Barh_Malahi_D (Bihar),Sheikhpura_Bgwtichk_D (Bihar),52.778,3,0.12,0.0,88.0,97.4,9.5,3661.0,1983.0,1678.0,0.883,0.957,5044.0,3484.0,Carting,1560.0,50-150km,thin(<1.5/d)
IND521225AAB -> IND521201AAA,Vijayawada_Rynapadu_H (Andhra Pradesh),Nuzvid_Ward17_D (Andhra Pradesh),52.892,21,0.84,0.009,117.0,117.4,0.4,3664.0,1987.0,1677.0,0.986,0.989,5259.0,3586.0,Carting,1673.0,50-150km,thin(<1.5/d)
IND560300AAA -> IND560099AAB,Bengaluru_KGAirprt_HB (Karnataka),Bengaluru_Bomsndra_HB (Karnataka),52.916,86,3.44,0.006,102.6,100.0,-2.5,3664.0,1987.0,1677.0,0.744,0.77,4867.0,3229.0,Carting,1637.0,50-150km,medium(1.5-4/d)
IND821115AAB -> IND821109AAA,Sasaram_Central_I_2 (Bihar),Mohania_Bhabua_D (Bihar),52.991,6,0.24,0.019,90.4,94.6,4.2,3666.0,1990.0,1676.0,0.989,0.988,5293.0,3618.0,Carting,1674.0,50-150km,thin(<1.5/d)
IND424304AAC -> IND425412AAA,Sakri_DhuleRoad_D (Maharashtra),Nandurbar_DhuleRd_D (Maharashtra),52.992,9,0.36,0.0,73.1,95.0,21.9,3666.0,1990.0,1676.0,0.943,0.979,5129.0,3521.0,Carting,1608.0,50-150km,thin(<1.5/d)
IND205001AAB -> IND209721AAB,Mainpuri_Agraroad_I (Uttar Pradesh),Chhibramau_Bhainpura_D (Uttar Pradesh),52.996,10,0.4,0.006,93.3,102.3,9.0,3666.0,1990.0,1676.0,0.948,0.966,5178.0,3535.0,Carting,1643.0,50-150km,thin(<1.5/d)
IND742303AAB -> IND741165AAB,Domkal_Central_D_2 (West Bengal),Nazirpur_Central_D_1 (West Bengal),53.019,18,0.72,0.0,85.4,92.6,7.2,3666.0,1991.0,1676.0,0.973,0.98,5185.0,3524.0,Carting,1661.0,50-150km,thin(<1.5/d)
IND416510AAA -> IND416602AAC,Sawantwadi_LaxmiNgr_D (Maharashtra),Kankavali_NrdawDPP_D (Maharashtra),53.029,6,0.24,0.001,78.6,76.1,-2.5,3667.0,1991.0,1676.0,0.983,0.986,5199.0,3526.0,Carting,1673.0,50-150km,thin(<1.5/d)
IND458664AAA -> IND312403AAA,Neemuch_KarjuDPP_D (Madhya Pradesh),BariSadri_BhmprDPP_D (Rajasthan),53.05,7,0.28,0.001,110.9,119.4,8.5,3667.0,1991.0,1676.0,0.953,0.966,5175.0,3523.0,Carting,1652.0,50-150km,thin(<1.5/d)
IND636705AAB -> IND635001AAA,Dharmapuri_Central_D_2 (Tamil Nadu),Krishnagiri_BnglorRd_D (Tamil Nadu),53.147,4,0.16,0.0,93.2,98.6,5.4,3669.0,1994.0,1675.0,0.892,0.928,5072.0,3454.0,Carting,1618.0,50-150km,thin(<1.5/d)
IND533106AAA -> IND533262AAA,Rajamundry_AtoNgrRd_I (Andhra Pradesh),Draksharamam_Anaipeta_D (Andhra Pradesh),53.219,6,0.24,0.026,125.8,127.3,1.5,3671.0,1997.0,1674.0,0.987,0.987,5352.0,3679.0,Carting,1674.0,50-150km,thin(<1.5/d)
IND713205AAB -> IND722101AAC,Durgapur_Central_I_1 (West Bengal),Bankura_BhowmDPP_D (West Bengal),53.25,5,0.2,0.014,158.2,147.1,-11.1,3671.0,1997.0,1674.0,0.989,0.989,5324.0,3643.0,Carting,1681.0,50-150km,thin(<1.5/d)
IND636016AAA -> IND637211AAA,Salem (Tamil Nadu),Tirchngode_Mhdhvpur_D (Tamil Nadu),53.346,15,0.6,0.0,83.0,71.1,-11.9,3674.0,2000.0,1673.0,0.941,0.958,5140.0,3485.0,Carting,1655.0,50-150km,thin(<1.5/d)
IND261001AAA -> IND262701AAA,Sitapur_Chowk_D (Uttar Pradesh),Lakhimpur_Maheva_D (Uttar Pradesh),53.401,20,0.8,0.0,106.2,101.9,-4.3,3675.0,2002.0,1673.0,0.973,0.974,5205.0,3530.0,Carting,1675.0,50-150km,thin(<1.5/d)
IND334803AAA -> IND341001AAC,Nokha_DeVDPP_D (Rajasthan),Nagaur_KisanCo_D (Rajasthan),53.403,3,0.12,0.005,59.9,62.9,3.0,3675.0,2002.0,1673.0,0.893,0.928,5075.0,3457.0,Carting,1619.0,50-150km,thin(<1.5/d)
IND123401AAB -> IND123106AAB,Rewari_YuktiDPP_D (Haryana),Dharuhera_Central_DPP_2 (Haryana),53.468,10,0.4,0.002,82.1,76.1,-6.0,3676.0,2004.0,1672.0,0.936,0.937,5142.0,3467.0,Carting,1675.0,50-150km,thin(<1.5/d)
IND604303AAA -> IND603102AAA,Marakkanam_MJRDPP_D (Tamil Nadu),Kalpakkam_Sadras_D (Tamil Nadu),53.49,4,0.16,0.0,84.1,86.5,2.4,3677.0,2005.0,1672.0,0.979,0.99,5204.0,3550.0,Carting,1654.0,50-150km,thin(<1.5/d)
IND000000AEM -> IND110064AAB,Gurgaon_Bilaspur_RP (Haryana),KN_RPC (Delhi),53.516,11,0.44,0.0,112.0,123.4,11.3,3677.0,2005.0,1672.0,0.884,0.958,5079.0,3524.0,Carting,1554.0,50-150km,thin(<1.5/d)
IND515004AAA -> IND515401AAB,Anantapur_KamaStrt_I (Andhra Pradesh),Gooty_StatonRd_D (Andhra Pradesh),53.524,17,0.68,0.013,88.8,90.7,1.9,3678.0,2006.0,1672.0,0.984,0.987,5270.0,3605.0,Carting,1665.0,50-150km,thin(<1.5/d)
IND533262AAA -> IND533106AAA,Draksharamam_Anaipeta_D (Andhra Pradesh),Rajamundry_AtoNgrRd_I (Andhra Pradesh),53.563,7,0.28,0.001,98.4,108.7,10.3,3678.0,2007.0,1671.0,0.928,0.942,5141.0,3497.0,Carting,1644.0,50-150km,thin(<1.5/d)
IND583119AAA -> IND583101AAA,Sandur_WrdN1DPP_D (Karnataka),Bellary_Dc (Karnataka),53.576,9,0.36,0.0,96.3,109.2,12.9,3679.0,2007.0,1671.0,0.965,0.988,5190.0,3561.0,Carting,1629.0,50-150km,thin(<1.5/d)
IND683511AAA -> IND68004AAA,Aluva_Peedika_H (Kerala),Thrissur_Poothole_D (Kerala),53.627,13,0.52,0.021,99.3,83.7,-15.7,3680.0,2009.0,1671.0,0.877,0.859,5142.0,3433.0,Carting,1710.0,50-150km,thin(<1.5/d)
IND826004AAA -> IND815351AAA,Dhanbad_Kalynpur_I (Jharkhand),Jamtara_D (Jharkhand),53.675,11,0.44,0.01,87.4,80.0,-7.4,3681.0,2010.0,1671.0,0.93,0.944,5177.0,3522.0,Carting,1655.0,50-150km,thin(<1.5/d)
IND641062AAD -> IND638401AAA,Coimbatore_Karayam_H (Tamil Nadu),Sathyamangalam_Mlydpthr_D (Tamil Nadu),53.812,12,0.48,0.0,84.1,89.5,5.4,3684.0,2014.0,1670.0,0.948,0.959,5162.0,3513.0,Carting,1649.0,50-150km,thin(<1.5/d)
IND626607AAB -> IND625008AAA,Narikkudi_MukkuRD_D (Tamil Nadu),Madurai_Kappalur_H (Tamil Nadu),53.898,7,0.28,0.0,86.2,94.1,7.8,3686.0,2017.0,1669.0,0.881,0.919,5065.0,3459.0,Carting,1606.0,50-150km,thin(<1.5/d)
IND574104AAA -> IND574216AAA,Karkala_MarketRd_D (Karnataka),Dhrmsthala_Beltngdi_D (Karnataka),53.909,11,0.44,0.0,108.9,113.7,4.7,3686.0,2017.0,1669.0,0.969,0.983,5213.0,3570.0,Carting,1643.0,50-150km,thin(<1.5/d)
IND581110AAE -> IND581119AAB,Haveri_GuttalRD_D (Karnataka),Ukkadagatri_Tuminkte_D (Karnataka),54.01,16,0.64,0.001,88.3,96.3,8.0,3688.0,2020.0,1668.0,0.955,0.97,5183.0,3543.0,Carting,1639.0,50-150km,thin(<1.5/d)
IND518222AAA -> IND518002AAA,Dhone_RmNyrDPP_D (Andhra Pradesh),Kurnool_AbbasNgr_I (Andhra Pradesh),54.069,5,0.2,0.0,93.1,125.9,32.9,3690.0,2022.0,1667.0,0.823,0.953,4985.0,3535.0,Carting,1450.0,50-150km,thin(<1.5/d)
IND712310AAE -> IND711303AAA,Kolkata_North_I_4 (West Bengal),Bagnan_Harop_D (West Bengal),54.091,18,0.72,0.003,95.4,102.8,7.4,3690.0,2023.0,1667.0,0.99,0.992,5253.0,3594.0,Carting,1659.0,50-150km,thin(<1.5/d)
IND388121AAA -> IND388620AAB,Anand_VUNagar_DC (Gujarat),Khambhat_MotvdDPP_D (Gujarat),54.194,11,0.44,0.0,84.7,90.4,5.8,3692.0,2026.0,1666.0,0.98,0.987,5221.0,3569.0,Carting,1652.0,50-150km,thin(<1.5/d)
IND563125AAB -> IND560300AAB,Chintamani_Central_D_2 (Karnataka),Bangalore_East_I_20 (Karnataka),54.207,12,0.48,0.001,127.9,128.4,0.5,3693.0,2026.0,1666.0,0.984,0.986,5259.0,3596.0,Carting,1662.0,50-150km,thin(<1.5/d)
IND688524AAA -> IND683511AAA,Cherthala_Mulapali_D (Kerala),Aluva_Peedika_H (Kerala),54.216,7,0.28,0.0,103.9,114.4,10.5,3693.0,2026.0,1666.0,0.88,0.956,5082.0,3537.0,Carting,1546.0,50-150km,thin(<1.5/d)
IND758001AAA -> IND757037AAA,Kendujhar_Sirjudin_D (Orissa),Karanjia_Sarubali_D (Orissa),54.227,3,0.12,0.001,79.9,83.8,3.8,3693.0,2027.0,1666.0,0.874,0.89,5060.0,3421.0,Carting,1639.0,50-150km,thin(<1.5/d)
IND415408AAC -> IND416012AAA,Shirala_Central_DPP_3 (Maharashtra),Kolhapur_Shivaji_I (Maharashtra),54.242,9,0.36,0.0,118.8,130.7,11.8,3693.0,2027.0,1666.0,0.959,0.975,5213.0,3578.0,Carting,1634.0,50-150km,thin(<1.5/d)
IND560099AAB -> IND560300AAA,Bengaluru_Bomsndra_HB (Karnataka),Bengaluru_KGAirprt_HB (Karnataka),54.349,121,4.84,0.005,86.9,86.5,-0.4,3696.0,2030.0,1665.0,0.762,0.77,4915.0,3262.0,Carting,1653.0,50-150km,dense(>4/d)
IND363421AAB -> IND364710AAA,Limbdi_Busstand_D (Gujarat),Botad_DC (Gujarat),54.458,13,0.52,0.0,82.7,74.1,-8.6,3698.0,2034.0,1664.0,0.981,0.987,5225.0,3563.0,Carting,1662.0,50-150km,thin(<1.5/d)
IND321606AAA -> IND321001AAA,Kherli_GodamDPP_D (Rajasthan),Bharatpur_DC (Rajasthan),54.473,3,0.12,0.0,104.1,100.4,-3.7,3698.0,2034.0,1664.0,0.945,0.956,5185.0,3535.0,Carting,1650.0,50-150km,thin(<1.5/d)
IND388620AAB -> IND388320AAA,Khambhat_MotvdDPP_D (Gujarat),Anand_Vaghasi_IP (Gujarat),54.481,13,0.52,0.0,91.6,85.2,-6.4,3699.0,2034.0,1664.0,0.953,0.98,5190.0,3563.0,Carting,1627.0,50-150km,thin(<1.5/d)
IND424006AAA -> IND424304AAC,Dhule_MIDCAvdn_I (Maharashtra),Sakri_DhuleRoad_D (Maharashtra),54.482,8,0.32,0.003,86.9,86.0,-1.0,3699.0,2034.0,1664.0,0.974,0.982,5232.0,3579.0,Carting,1653.0,50-150km,thin(<1.5/d)
IND573201AAB -> IND572201AAB,Hassan_Pandrnga_I (Karnataka),Tiptur_YTRd_D (Karnataka),54.532,11,0.44,0.013,107.9,113.6,5.7,3700.0,2036.0,1664.0,0.985,0.988,5305.0,3649.0,Carting,1656.0,50-150km,thin(<1.5/d)
IND361001AAA -> IND361305AAC,Jamnagar_Dc (Gujarat),Khambhalia_JdswarRD_D (Gujarat),54.596,16,0.64,0.0,84.9,93.1,8.2,3701.0,2038.0,1663.0,0.88,0.956,5078.0,3534.0,Carting,1544.0,50-150km,thin(<1.5/d)
IND493118AAC -> IND495334AAB,Bhatpara_TrengaRD_D (Chhattisgarh),Mungeli_Panderia_D (Chhattisgarh),54.862,11,0.44,0.0,106.1,116.4,10.3,3707.0,2046.0,1661.0,0.861,0.952,5069.0,3552.0,Carting,1517.0,50-150km,thin(<1.5/d)
IND210001AAA -> IND210427AAA,Banda_GayatriN_D (Uttar Pradesh),Mahoba_Mlkpura_D (Uttar Pradesh),54.867,10,0.4,0.001,98.0,99.3,1.3,3707.0,2046.0,1661.0,0.953,0.973,5206.0,3576.0,Carting,1630.0,50-150km,thin(<1.5/d)
IND560300AAB -> IND563130AAA,Bangalore_East_I_20 (Karnataka),Malur_NharuExt_D (Karnataka),54.983,8,0.32,0.0,92.0,85.3,-6.7,3710.0,2049.0,1660.0,0.971,0.983,5228.0,3580.0,Carting,1647.0,50-150km,thin(<1.5/d)
IND680012AAA -> IND679303AAA,Arimbur_Veluthur_D (Kerala),Sankaramangalam_Central_D_1 (Kerala),54.983,11,0.44,0.001,105.4,101.5,-3.9,3710.0,2050.0,1660.0,0.971,0.981,5242.0,3594.0,Carting,1648.0,50-150km,thin(<1.5/d)
IND127021AAA -> IND127201AAA,Bhiwani_DC (Haryana),Loharu_BstndDPP_D (Haryana),55.091,8,0.32,0.001,67.4,69.9,2.6,3712.0,2053.0,1659.0,0.969,0.979,5216.0,3574.0,Carting,1642.0,50-150km,thin(<1.5/d)
IND465683AAA -> IND465001AAA,Pachore_Shop3DPP_D (Madhya Pradesh),Shajapur_MhpraRD_D (Madhya Pradesh),55.097,13,0.52,0.002,103.3,114.3,11.0,3712.0,2053.0,1659.0,0.888,0.915,5119.0,3508.0,Carting,1612.0,50-150km,thin(<1.5/d)
IND614809AAA -> IND610001AAA,Pushpavanam_Thmpulam_D (Tamil Nadu),Thiruvarur_Bypasrd_D (Tamil Nadu),55.098,17,0.68,0.0,89.4,92.2,2.8,3712.0,2053.0,1659.0,0.957,0.973,5210.0,3575.0,Carting,1634.0,50-150km,thin(<1.5/d)
IND301019AAA -> IND301705AAA,Bhiwadi DC (Rajasthan),Neemrana_Rcocmplx_D (Rajasthan),55.129,6,0.24,0.0,100.8,110.6,9.8,3713.0,2054.0,1659.0,0.861,0.952,5071.0,3556.0,Carting,1515.0,50-150km,thin(<1.5/d)
IND581334AAA -> IND581314AAA,Honnavar_Prbhtngr_D (Karnataka),Ankola_Kakrmath_D (Karnataka),55.155,3,0.12,0.008,93.0,93.1,0.1,3713.0,2055.0,1659.0,0.99,0.992,5297.0,3641.0,Carting,1656.0,50-150km,thin(<1.5/d)
IND151001AAA -> IND151302AAA,Bhatinda_DPC (Punjab),TalwandiSabo_Wardno3_D (Punjab),55.215,17,0.68,0.005,68.7,73.1,4.4,3715.0,2056.0,1658.0,0.404,0.584,4376.0,2995.0,Carting,1381.0,50-150km,thin(<1.5/d)
IND804420AAA -> IND803101AAA,Jehanabad_Madarpur_D (Bihar),BiharSarif_Soghra_D (Bihar),55.268,11,0.44,0.0,88.8,85.0,-3.8,3716.0,2058.0,1658.0,0.968,0.969,5228.0,3567.0,Carting,1660.0,50-150km,thin(<1.5/d)
IND68004AAA -> IND683511AAA,Thrissur_Poothole_D (Kerala),Aluva_Peedika_H (Kerala),55.414,10,0.4,0.002,111.3,109.7,-1.6,3719.0,2062.0,1657.0,0.979,0.984,5272.0,3622.0,Carting,1650.0,50-150km,thin(<1.5/d)
IND624101AAA -> IND624202AAA,Kodaikanal_Athithnr_DC (Tamil Nadu),Batlagundu_RTOofice_D (Tamil Nadu),55.52,10,0.4,0.0,193.1,207.4,14.3,3721.0,2066.0,1656.0,0.67,0.789,4855.0,3387.0,Carting,1467.0,50-150km,thin(<1.5/d)
IND635001AAA -> IND636705AAB,Krishnagiri_BnglorRd_D (Tamil Nadu),Dharmapuri_Central_D_2 (Tamil Nadu),55.553,4,0.16,0.0,104.2,111.2,7.0,3722.0,2067.0,1656.0,0.984,0.991,5269.0,3629.0,Carting,1640.0,50-150km,thin(<1.5/d)
IND341030AAA -> IND341303AAA,Tarnau_BsstdDPP_D (Rajasthan),Didwana_KatlaDPP_D (Rajasthan),55.557,3,0.12,0.005,100.2,100.5,0.3,3722.0,2067.0,1656.0,0.99,0.995,5297.0,3649.0,Carting,1648.0,50-150km,thin(<1.5/d)
IND743395AAA -> IND700053AAA,Jaynagar_MjlprDPP_D (West Bengal),CCU_New Alipore_DPC (West Bengal),55.6,4,0.16,0.0,132.0,134.7,2.7,3723.0,2068.0,1655.0,0.943,0.97,5227.0,3614.0,Carting,1613.0,50-150km,thin(<1.5/d)
IND263002AAA -> IND263645AAA,Nainital_Sookhtal_D (Uttarakhand),Ranikhet_Subhash_D (Uttarakhand),55.615,13,0.52,0.0,149.4,189.9,40.4,3724.0,2068.0,1655.0,0.767,0.937,4974.0,3601.0,Carting,1374.0,50-150km,thin(<1.5/d)
IND000000ACB -> IND110064AAA,Gurgaon_Bilaspur_HB (Haryana),Delhi_Mayapuri_PC (Delhi),55.774,48,1.92,0.191,119.8,104.5,-15.3,3727.0,2073.0,1654.0,0.933,0.868,6006.0,4190.0,Carting,1816.0,50-150km,medium(1.5-4/d)
IND305001AAC -> IND305901AAA,Ajmer_FoySGRRD_I (Rajasthan),Beawar_DC (Rajasthan),55.779,17,0.68,0.01,103.0,99.5,-3.5,3727.0,2073.0,1654.0,0.982,0.987,5313.0,3664.0,Carting,1649.0,50-150km,thin(<1.5/d)
IND203135AAA -> IND203396AAB,Jewar_SJRoad_D (Uttar Pradesh),Pahasu_Kanongyn_D (Uttar Pradesh),55.836,12,0.48,0.0,112.0,109.2,-2.8,3728.0,2075.0,1653.0,0.98,0.988,5273.0,3629.0,Carting,1644.0,50-150km,thin(<1.5/d)
IND523105AAA -> IND524201AAA,Kandukur_LICOffce_D (Andhra Pradesh),Kavali_Kacheri_D (Andhra Pradesh),55.906,19,0.76,0.001,73.9,78.7,4.7,3730.0,2077.0,1653.0,0.894,0.924,5124.0,3519.0,Carting,1605.0,50-150km,thin(<1.5/d)
IND577535AAC -> IND577522AAA,Molakalmuru_KnsgraRD_D (Karnataka),Challakere_Shivangr_D (Karnataka),56.023,10,0.4,0.002,110.5,105.3,-5.2,3733.0,2081.0,1652.0,0.941,0.951,5228.0,3588.0,Carting,1640.0,50-150km,thin(<1.5/d)
IND501101AAB -> IND509216AAC,Vikarabad_Central_DPP_2 (Telangana),Shadnagar_Central_D_1 (Telangana),56.152,5,0.2,0.0,99.9,104.3,4.4,3735.0,2085.0,1651.0,0.948,0.967,5225.0,3606.0,Carting,1619.0,50-150km,thin(<1.5/d)
IND533003AAA -> IND533106AAA,Kakinada_DC (Andhra Pradesh),Rajamundry_AtoNgrRd_I (Andhra Pradesh),56.165,3,0.12,0.0,98.1,95.9,-2.2,3736.0,2085.0,1651.0,0.982,0.986,5276.0,3629.0,Carting,1647.0,50-150km,thin(<1.5/d)
IND303901AAA -> IND304001AAA,Chaksu_TonkRoad_D (Rajasthan),Tonk_DC (Rajasthan),56.511,3,0.12,0.0,67.3,85.1,17.7,3743.0,2095.0,1648.0,0.957,0.987,5224.0,3633.0,Carting,1591.0,50-150km,thin(<1.5/d)
IND413304AAA -> IND415301AAB,Pandharpur_RajCmplx_D (Maharashtra),Atapadi_Vidyangr_D (Maharashtra),56.603,6,0.24,0.002,93.6,99.0,5.4,3745.0,2098.0,1647.0,0.967,0.97,5265.0,3627.0,Carting,1638.0,50-150km,thin(<1.5/d)
IND133004AAA -> IND135001AAA,Ambala (Haryana),YamunaNagar_DC (Haryana),56.624,6,0.24,0.0,114.2,125.8,11.6,3746.0,2099.0,1647.0,0.829,0.94,5066.0,3593.0,Carting,1473.0,50-150km,thin(<1.5/d)
IND571114AAA -> IND570020AAA,HDKote_BegurRD_D (Karnataka),Mysore_Yadvgiri_IP (Karnataka),56.667,8,0.32,0.0,118.6,111.8,-6.8,3747.0,2100.0,1647.0,0.977,0.978,5292.0,3641.0,Carting,1651.0,50-150km,thin(<1.5/d)
IND273014AAB -> IND274001AAA,Gorakhpur_Matriprm_IP (Uttar Pradesh),Deoria_CCRoad_D (Uttar Pradesh),56.697,16,0.64,0.006,94.7,94.9,0.2,3747.0,2101.0,1646.0,0.985,0.991,5314.0,3677.0,Carting,1637.0,50-150km,thin(<1.5/d)
IND572101AAA -> IND561203AAB,Tumkur_Veersagr_I (Karnataka),Doddablpur_ChikaDPP_D (Karnataka),56.971,12,0.48,0.002,87.7,87.3,-0.3,3753.0,2109.0,1644.0,0.961,0.97,5260.0,3630.0,Carting,1630.0,50-150km,thin(<1.5/d)
IND160002AAC -> IND140901AAA,Chandigarh_Mehmdpur_H (Punjab),Chandigarh_Mullanpr_DC (Chandigarh),57.037,21,0.84,0.053,92.5,70.3,-22.2,3755.0,2111.0,1644.0,0.978,0.921,5515.0,3758.0,Carting,1757.0,50-150km,thin(<1.5/d)
IND140901AAA -> IND160002AAC,Chandigarh_Mullanpr_DC (Chandigarh),Chandigarh_Mehmdpur_H (Punjab),57.184,20,0.8,0.0,68.5,68.3,-0.2,3758.0,2116.0,1643.0,0.914,0.944,5176.0,3579.0,Carting,1598.0,50-150km,thin(<1.5/d)
IND110064AAA -> IND000000ACB,Delhi_Mayapuri_PC (Delhi),Gurgaon_Bilaspur_HB (Haryana),57.28,39,1.56,0.001,162.5,161.1,-1.4,3760.0,2118.0,1642.0,0.932,0.96,5269.0,3669.0,Carting,1601.0,50-150km,medium(1.5-4/d)
IND502286AAB -> IND502220AAC,Narayankhed_Datatrya_D (Telangana),Zahirabad_Mohim_D (Telangana),57.436,22,0.88,0.004,101.7,101.7,-0.1,3764.0,2123.0,1641.0,0.979,0.985,5318.0,3686.0,Carting,1632.0,50-150km,thin(<1.5/d)
IND209304AAA -> IND209206AAB,Kanpur_Central_H_6 (Uttar Pradesh),Ghatampur_StatinRD_D (Uttar Pradesh),57.587,18,0.72,0.039,111.5,96.6,-14.8,3767.0,2128.0,1639.0,0.802,0.343,5185.0,2766.0,Carting,2419.0,50-150km,thin(<1.5/d)
IND424006AAA -> IND424101AAA,Dhule_MIDCAvdn_I (Maharashtra),Chalisgaon_BhadgDPP_D (Maharashtra),57.651,8,0.32,0.003,87.8,86.8,-1.0,3768.0,2130.0,1639.0,0.97,0.981,5296.0,3673.0,Carting,1623.0,50-150km,thin(<1.5/d)
IND515761AAA -> IND515004AAA,Kalyandurg_Shankrpa_D (Andhra Pradesh),Anantapur_KamaStrt_I (Andhra Pradesh),57.668,19,0.76,0.001,122.4,137.3,14.9,3769.0,2130.0,1639.0,0.975,0.981,5318.0,3699.0,Carting,1619.0,50-150km,thin(<1.5/d)
IND735224AAA -> IND736146AAA,Mainaguri_MilpaDPP_D (West Bengal),Mathabhang_Pshimpra_D (West Bengal),57.716,8,0.32,0.0,100.6,112.0,11.4,3770.0,2131.0,1638.0,0.627,0.844,4777.0,3472.0,Carting,1304.0,50-150km,thin(<1.5/d)
IND363520AAC -> IND363001AAA,Chotila_Central_D_2 (Gujarat),Surendranagar_DC (Gujarat),58.052,13,0.52,0.0,100.6,112.0,11.4,3777.0,2142.0,1636.0,0.627,0.844,4784.0,3482.0,Carting,1302.0,50-150km,thin(<1.5/d)
IND441206AAB -> IND442605AAA,Brahmapuri_DhnliRth_D (Maharashtra),Gadchiroli_Central_DPP_1 (Maharashtra),58.061,7,0.28,0.0,92.4,102.8,10.5,3777.0,2142.0,1636.0,0.627,0.844,4779.0,3477.0,Carting,1302.0,50-150km,thin(<1.5/d)
IND132103AAB -> IND131028AAB,Panipat_PC (Haryana),Sonipat_Kundli_H (Haryana),58.073,6,0.24,0.0,93.1,97.4,4.3,3778.0,2142.0,1635.0,0.938,0.966,5247.0,3656.0,Carting,1591.0,50-150km,thin(<1.5/d)
IND411033AAA -> IND410503AAA,Pune_Tathawde_H (Maharashtra),Ambegaon_Manchar_D (Maharashtra),58.269,3,0.12,0.054,101.7,96.1,-5.6,3782.0,2148.0,1634.0,0.989,0.974,5574.0,3910.0,Carting,1664.0,50-150km,thin(<1.5/d)
IND135001AAA -> IND173025AAA,YamunaNagar_DC (Haryana),PaontSahib_Gurudwar_D (Himachal Pradesh),58.381,12,0.48,0.001,109.4,163.3,54.0,3784.0,2151.0,1633.0,0.983,0.991,5335.0,3750.0,Carting,1585.0,50-150km,thin(<1.5/d)
IND825301AAA -> IND825409AAA,Hazaribag_BodomBzr_DC (Jharkhand),JhumriTlya_RadhaCpx_D (Jharkhand),58.414,14,0.56,0.001,82.8,85.0,2.2,3785.0,2152.0,1633.0,0.964,0.975,5290.0,3675.0,Carting,1615.0,50-150km,thin(<1.5/d)
IND784168AAB -> IND784176AAA,Gohpur_Central_D_1 (Assam),Bishwanath_ChrliDPP_D (Assam),58.514,6,0.24,0.004,92.6,95.1,2.5,3787.0,2155.0,1632.0,0.963,0.958,5313.0,3675.0,Carting,1638.0,50-150km,thin(<1.5/d)
IND751002AAB -> IND754103AAA,Bhubaneshwar_Hub (Orissa),Jagatsghpr_Markndpr_D (Orissa),58.525,7,0.28,0.057,215.5,209.6,-6.0,3788.0,2156.0,1632.0,0.975,0.98,5643.0,4017.0,Carting,1627.0,50-150km,thin(<1.5/d)
IND521185AAA -> IND521225AAB,Nandigama_Chndrlpd_D (Andhra Pradesh),Vijayawada_Rynapadu_H (Andhra Pradesh),58.729,7,0.28,0.001,89.1,87.5,-1.6,3792.0,2162.0,1630.0,0.973,0.989,5314.0,3707.0,Carting,1607.0,50-150km,thin(<1.5/d)
IND305404AAA -> IND305601AAC,Kekri_LxmntDPP_D (Rajasthan),Nasirabad_Central_DPP_2 (Rajasthan),59.03,13,0.52,0.003,92.9,94.2,1.3,3799.0,2171.0,1628.0,0.955,0.97,5305.0,3701.0,Carting,1604.0,50-150km,thin(<1.5/d)
IND246761AAA -> IND244501AAA,Dhampur_NaginaRD_D (Uttar Pradesh),Kanth_Dayanand_D (Uttar Pradesh),59.06,10,0.4,0.002,117.3,124.0,6.7,3799.0,2172.0,1628.0,0.562,0.683,4725.0,3286.0,Carting,1439.0,50-150km,thin(<1.5/d)
IND563125AAB -> IND560300AAA,Chintamani_Central_D_2 (Karnataka),Bengaluru_KGAirprt_HB (Karnataka),59.112,3,0.12,0.001,132.5,133.0,0.6,3800.0,2173.0,1627.0,0.985,0.988,5372.0,3749.0,Carting,1622.0,50-150km,thin(<1.5/d)
IND573116AAA -> IND571432AAB,Channaraya_patna_D (Karnataka),Nagamangala_MandyaRD_D (Karnataka),59.202,12,0.48,0.002,74.2,73.4,-0.8,3802.0,2176.0,1626.0,0.88,0.917,5180.0,3609.0,Carting,1571.0,50-150km,thin(<1.5/d)
IND580028AAA -> IND591115AAB,Hubli_Adargchi_IP (Karnataka),Kittur_ColageRD_D (Karnataka),59.268,4,0.16,0.014,97.8,88.2,-9.6,3804.0,2178.0,1626.0,0.987,0.988,5413.0,3782.0,Carting,1631.0,50-150km,thin(<1.5/d)
IND132103AAA -> IND131028AAB,Panipat (Haryana),Sonipat_Kundli_H (Haryana),59.327,3,0.12,0.001,95.6,97.8,2.2,3805.0,2180.0,1625.0,0.976,0.987,5336.0,3730.0,Carting,1607.0,50-150km,thin(<1.5/d)
IND312001AAA -> IND311001AAA,Chittaurgarh_DC (Rajasthan),Bhilwara_DC (Rajasthan),59.475,13,0.52,0.002,80.8,85.2,4.4,3808.0,2184.0,1624.0,0.928,0.933,5264.0,3651.0,Carting,1613.0,50-150km,thin(<1.5/d)
IND683511AAA -> IND680012AAA,Aluva_Peedika_H (Kerala),Arimbur_Veluthur_D (Kerala),59.496,11,0.44,0.021,115.1,97.7,-17.5,3809.0,2185.0,1624.0,0.869,0.861,5269.0,3621.0,Carting,1648.0,50-150km,thin(<1.5/d)
IND424006AAA -> IND425405AAA,Dhule_MIDCAvdn_I (Maharashtra),Shirpur_KrantiNgr_D (Maharashtra),59.57,3,0.12,0.003,92.2,92.0,-0.1,3811.0,2187.0,1623.0,0.979,0.986,5354.0,3742.0,Carting,1612.0,50-150km,thin(<1.5/d)
IND504201AAA -> IND505184AAC,Chinnur_AsnsdhRD_D (Telangana),Manthani_Chaitnya_D (Telangana),59.604,5,0.2,0.0,116.7,120.5,3.8,3811.0,2188.0,1623.0,0.651,0.897,4865.0,3614.0,Carting,1252.0,50-150km,thin(<1.5/d)
IND000000ACB -> IND110024AAA,Gurgaon_Bilaspur_HB (Haryana),Delhi_Lajpat_IP (Delhi),59.612,6,0.24,0.191,135.1,119.7,-15.4,3811.0,2188.0,1623.0,0.957,0.91,6157.0,4413.0,Carting,1744.0,50-150km,thin(<1.5/d)
IND583101AAA -> IND577535AAC,Bellary_Dc (Karnataka),Molakalmuru_KnsgraRD_D (Karnataka),59.75,10,0.4,0.004,95.5,88.8,-6.7,3815.0,2193.0,1622.0,0.971,0.982,5352.0,3742.0,Carting,1610.0,50-150km,thin(<1.5/d)
IND585104AAA -> IND585330AAE,Gulbarga_Nehrugnj_I (Karnataka),Humnabad_EBroad_D (Karnataka),59.766,20,0.8,0.006,86.3,89.6,3.3,3815.0,2193.0,1622.0,0.987,0.992,5382.0,3770.0,Carting,1612.0,50-150km,thin(<1.5/d)
IND141109AAA -> IND000000ACA,Raikot_DC (Punjab),Ludhiana_MilrGanj_HB (Punjab),59.773,18,0.72,0.0,83.0,87.2,4.2,3815.0,2193.0,1622.0,0.832,0.964,5118.0,3698.0,Carting,1421.0,50-150km,thin(<1.5/d)
IND673573AAA -> IND673592AAA,Thamarassery_Chungam_D (Kerala),SultnBthry_Kollgpra_D (Kerala),59.904,12,0.48,0.0,121.4,139.5,18.1,3818.0,2197.0,1621.0,0.776,0.916,5063.0,3664.0,Carting,1399.0,50-150km,thin(<1.5/d)
IND562132AAA -> IND572101AAA,Bangalore_Nelmngla_H (Karnataka),Tumkur_Veersagr_I (Karnataka),59.998,3,0.12,0.089,102.8,92.3,-10.5,3820.0,2200.0,1620.0,0.958,0.913,5708.0,3996.0,Carting,1712.0,50-150km,thin(<1.5/d)
IND624601AAA -> IND624101AAA,Palani_RjndraRd_D (Tamil Nadu),Kodaikanal_Athithnr_DC (Tamil Nadu),60.004,15,0.6,0.0,117.6,125.3,7.7,3820.0,2200.0,1620.0,0.403,0.481,4503.0,3005.0,Carting,1498.0,50-150km,thin(<1.5/d)
IND522647AAA -> IND523201AAA,Vinukonda_Kothapet_D (Andhra Pradesh),Addanki_Oilmilrd_D (Andhra Pradesh),60.113,19,0.76,0.001,70.5,81.5,11.0,3822.0,2203.0,1619.0,0.966,0.977,5324.0,3728.0,Carting,1596.0,50-150km,thin(<1.5/d)
IND505302AAB -> IND505325AAA,Vemulawada_Central_DPP_2 (Telangana),Metpally_GunjRDPP_D (Telangana),60.152,5,0.2,0.002,99.9,99.5,-0.4,3823.0,2205.0,1619.0,0.743,0.813,5011.0,3498.0,Carting,1513.0,50-150km,thin(<1.5/d)
IND625008AAA -> IND626123AAA,Madurai_Kappalur_H (Tamil Nadu),Sivakasi_Msstreet_DC (Tamil Nadu),60.207,17,0.68,0.0,83.8,87.3,3.5,3825.0,2206.0,1618.0,0.98,0.984,5351.0,3741.0,Carting,1610.0,50-150km,thin(<1.5/d)
IND733129AAA -> IND732103AAB,Kaliyaganj_FatprDPP_D (West Bengal),Malda_Central_I_3 (West Bengal),60.447,4,0.16,0.0,118.8,116.6,-2.2,3830.0,2213.0,1616.0,0.814,0.857,5131.0,3576.0,Carting,1554.0,50-150km,thin(<1.5/d)
IND244901AAB -> IND243002AAA,Rampur_RoshnBgh_I (Uttar Pradesh),Bareilly (Uttar Pradesh),60.456,16,0.64,0.014,88.8,106.7,17.9,3830.0,2214.0,1616.0,0.797,0.9,5134.0,3692.0,Carting,1443.0,50-150km,thin(<1.5/d)
IND124001AAB -> IND126102AAA,Rohtak (Haryana),Jind_DC (Haryana),60.506,4,0.16,0.001,99.7,88.8,-10.9,3831.0,2215.0,1616.0,0.967,0.983,5353.0,3754.0,Carting,1599.0,50-150km,thin(<1.5/d)
IND328001AAA -> IND474003AAA,Dholpur_GtRoad_D (Rajasthan),Gwalior_HrihrNgr_I (Madhya Pradesh),60.513,6,0.24,0.001,116.8,141.0,24.2,3831.0,2215.0,1616.0,0.961,0.965,5355.0,3760.0,Carting,1594.0,50-150km,thin(<1.5/d)
IND342005AAD -> IND342601AAA,Jodhpur_Basni_I (Rajasthan),Piparcity_BsstdDPP_D (Rajasthan),60.626,9,0.36,0.005,68.3,65.3,-3.0,3834.0,2219.0,1615.0,0.941,0.962,5314.0,3728.0,Carting,1586.0,50-150km,thin(<1.5/d)
IND586101AAB -> IND416404AAA,Bijapur_Central_D_2 (Karnataka),Jath_Shivprsad_D (Maharashtra),60.652,5,0.2,0.002,86.5,83.7,-2.8,3834.0,2220.0,1615.0,0.971,0.983,5356.0,3758.0,Carting,1598.0,50-150km,thin(<1.5/d)
IND000000ACB -> IND000000AEL,Gurgaon_Bilaspur_HB (Haryana),Delhi_PunjabiB_L (Delhi),60.669,23,0.92,0.191,126.7,112.6,-14.1,3835.0,2220.0,1615.0,0.965,0.927,6195.0,4481.0,Carting,1714.0,50-150km,thin(<1.5/d)
IND334001AAC -> IND334803AAA,Bikaner_ITICollg_L (Rajasthan),Nokha_DeVDPP_D (Rajasthan),60.713,4,0.16,0.005,105.4,105.7,0.3,3836.0,2221.0,1614.0,0.977,0.988,5393.0,3794.0,Carting,1599.0,50-150km,thin(<1.5/d)
IND151001AAA -> IND148101AAA,Bhatinda_DPC (Punjab),Barnala_DC (Punjab),60.82,8,0.32,0.005,96.9,105.2,8.3,3838.0,2225.0,1613.0,0.815,0.894,5145.0,3656.0,Carting,1488.0,50-150km,thin(<1.5/d)
IND382715AAA -> IND382430AAB,Kadi_KaranNGR_D (Gujarat),Ahmedabad_East_H_1 (Gujarat),60.922,18,0.72,0.0,101.2,116.4,15.2,3840.0,2228.0,1613.0,0.975,0.991,5370.0,3792.0,Carting,1577.0,50-150km,thin(<1.5/d)
IND591123AAC -> IND587103AAB,Ramdurg_GndhiNGR_D (Karnataka),Bagalkot_Sector4_D (Karnataka),60.941,19,0.76,0.001,100.4,93.3,-7.1,3841.0,2228.0,1612.0,0.987,0.99,5394.0,3780.0,Carting,1614.0,50-150km,thin(<1.5/d)
IND577501AAA -> IND577002AAA,Chitradurga_DC (Karnataka),Davangere_Central_I_1 (Karnataka),61.328,10,0.4,0.0,85.6,98.8,13.2,3849.0,2240.0,1609.0,0.913,0.93,5277.0,3703.0,Carting,1575.0,50-150km,thin(<1.5/d)
IND518002AAA -> IND509124AAA,Kurnool_AbbasNgr_I (Andhra Pradesh),JoguGadwal_ColctrOf_D (Telangana),61.328,3,0.12,0.015,97.6,93.9,-3.6,3849.0,2240.0,1609.0,0.991,0.991,5468.0,3857.0,Carting,1612.0,50-150km,thin(<1.5/d)
IND521225AAB -> IND521301AAA,Vijayawada_Rynapadu_H (Andhra Pradesh),Gudivada_GvrCompx_D (Andhra Pradesh),61.363,19,0.76,0.009,96.4,98.4,2.0,3850.0,2241.0,1609.0,0.99,0.992,5437.0,3833.0,Carting,1605.0,50-150km,thin(<1.5/d)
IND328001AAA -> IND282002AAD,Dholpur_GtRoad_D (Rajasthan),,61.463,7,0.28,0.001,125.7,151.8,26.1,3852.0,2244.0,1608.0,0.961,0.963,5382.0,3793.0,Carting,1588.0,50-150km,thin(<1.5/d)
IND458990AAA -> IND312605AAB,Sitamau_Central_DPP_1 (Madhya Pradesh),Pratapgarh_Nimachrd_D (Rajasthan),61.846,10,0.4,0.0,116.1,114.5,-1.7,3861.0,2255.0,1605.0,0.985,0.989,5417.0,3817.0,Carting,1600.0,50-150km,thin(<1.5/d)
IND303338AAB -> IND303603AAB,Phulera_NarenaRD_D (Rajasthan),Renwal_ChomuRD_D (Rajasthan),61.849,6,0.24,0.0,97.2,104.5,7.3,3861.0,2255.0,1605.0,0.819,0.83,5154.0,3570.0,Carting,1585.0,50-150km,thin(<1.5/d)
IND732103AAB -> IND733128AAA,Malda_Central_I_3 (West Bengal),Itahar_NatunDPP_D (West Bengal),62.049,6,0.24,0.003,114.9,123.1,8.2,3865.0,2261.0,1604.0,0.991,0.993,5442.0,3848.0,Carting,1595.0,50-150km,thin(<1.5/d)
IND582101AAB -> IND580028AAA,Gadag_Cdosclrd_D (Karnataka),Hubli_Adargchi_IP (Karnataka),62.063,18,0.72,0.001,110.6,123.4,12.8,3865.0,2262.0,1603.0,0.987,0.99,5425.0,3834.0,Carting,1591.0,50-150km,thin(<1.5/d)
IND246174AAA -> IND246444AAB,SrinagarUK_Srikot_D (Uttarakhand),Karnaprayag_Umalodge_D (Uttarakhand),62.11,16,0.64,0.001,163.7,190.6,26.9,3866.0,2263.0,1603.0,0.723,0.805,5063.0,3601.0,Carting,1463.0,50-150km,thin(<1.5/d)
IND586101AAA -> IND416404AAA,Bijapur_KirtiNgr_D (Karnataka),Jath_Shivprsad_D (Maharashtra),62.198,4,0.16,0.0,92.0,113.6,21.7,3868.0,2266.0,1602.0,0.862,0.977,5223.0,3807.0,Carting,1416.0,50-150km,thin(<1.5/d)
IND431127AAA -> IND414502AAA,Georai_Bazarrd_D (Maharashtra),Shevgaon_VidyaNgr_D (Maharashtra),62.288,7,0.28,0.001,86.8,97.7,10.9,3870.0,2269.0,1602.0,0.948,0.956,5355.0,3773.0,Carting,1583.0,50-150km,thin(<1.5/d)
IND784125AAA -> IND784110AAA,Mangaldoi_LNBRoad_D (Assam),Dhekiajuli_Wardno5_D (Assam),62.479,3,0.12,0.0,94.7,100.6,6.0,3875.0,2274.0,1600.0,0.984,0.99,5415.0,3829.0,Carting,1586.0,50-150km,thin(<1.5/d)
IND785001AAA -> IND785682AAA,Jorhat_RicMilRd_D (Assam),Sivasagar_Babupaty_D (Assam),62.631,11,0.44,0.008,88.2,96.7,8.5,3878.0,2279.0,1599.0,0.993,0.995,5463.0,3873.0,Carting,1590.0,50-150km,thin(<1.5/d)
IND515134AAA -> IND515201AAA,Puttaprthi_Gokulam_D (Andhra Pradesh),Hindupur_Parigi_D (Andhra Pradesh),62.646,15,0.6,0.002,103.2,108.4,5.2,3878.0,2279.0,1599.0,0.967,0.974,5408.0,3824.0,Carting,1584.0,50-150km,thin(<1.5/d)
IND533003AAA -> IND533401AAA,Kakinada_DC (Andhra Pradesh),Tuni_Eaglvari_D (Andhra Pradesh),62.664,18,0.72,0.0,89.5,88.2,-1.3,3879.0,2280.0,1599.0,0.989,0.991,5424.0,3828.0,Carting,1596.0,50-150km,thin(<1.5/d)
IND345021AAA -> IND342301AAA,Pokhran_SttinDPP_D (Rajasthan),Phalodi_PalikDPP_D (Rajasthan),62.67,10,0.4,0.0,65.1,76.0,11.0,3879.0,2280.0,1599.0,0.947,0.983,5343.0,3805.0,Carting,1538.0,50-150km,thin(<1.5/d)
IND627005AAA -> IND627811AAA,Tirunelveli_VdkkuSrt_I (Tamil Nadu),Tenkasi_RailwyRd_D (Tamil Nadu),62.855,10,0.4,0.0,87.0,85.9,-1.1,3883.0,2286.0,1597.0,0.91,0.944,5306.0,3759.0,Carting,1547.0,50-150km,thin(<1.5/d)
IND841424AAA -> IND841226AAB,Chhapra_Prbhunth_D (Bihar),Siwan_HnmntNgr_D (Bihar),62.937,3,0.12,0.0,84.7,94.9,10.2,3885.0,2288.0,1597.0,0.882,0.961,5265.0,3794.0,Carting,1471.0,50-150km,thin(<1.5/d)
IND335513AAA -> IND335001AAA,Hanumangarh_DC (Rajasthan),Ganga Nagar_DC (Rajasthan),62.991,6,0.24,0.005,104.6,106.0,1.4,3886.0,2290.0,1596.0,0.981,0.989,5448.0,3866.0,Carting,1582.0,50-150km,thin(<1.5/d)
IND131028AAB -> IND201204AAA,Sonipat_Kundli_H (Haryana),Modinagar_SikriKla_DC (Uttar Pradesh),63.059,9,0.36,0.053,102.8,95.7,-7.2,3887.0,2292.0,1596.0,0.992,0.984,5681.0,4066.0,Carting,1615.0,50-150km,thin(<1.5/d)
IND000000AEL -> IND000000ACB,Delhi_PunjabiB_L (Delhi),Gurgaon_Bilaspur_HB (Haryana),63.129,17,0.68,0.0,147.2,151.2,3.9,3889.0,2294.0,1595.0,0.959,0.988,5425.0,3876.0,Carting,1549.0,50-150km,thin(<1.5/d)
IND402109AAA -> IND402301AAA,Roha_DataSagr_D (Maharashtra),Mahad_Govndsgr_D (Maharashtra),63.325,20,0.8,0.0,112.8,113.4,0.6,3893.0,2300.0,1593.0,0.975,0.993,5430.0,3865.0,Carting,1566.0,50-150km,thin(<1.5/d)
IND742401AAA -> IND742102AAB,Ghanashyampur_NditaDPP_D (West Bengal),Berhampore_Central_I_2 (West Bengal),63.38,12,0.48,0.002,141.9,155.9,14.0,3894.0,2301.0,1593.0,0.983,0.988,5471.0,3894.0,Carting,1577.0,50-150km,thin(<1.5/d)
IND175001AAA -> IND175101AAA,Mandi_PlaceCol_D (Himachal Pradesh),Kullu_AkhraBzr_D (Himachal Pradesh),63.483,17,0.68,0.002,138.9,149.4,10.5,3897.0,2305.0,1592.0,0.984,0.978,5477.0,3882.0,Carting,1595.0,50-150km,thin(<1.5/d)
IND505001AAB -> IND505209AAA,Karimnagar_KamnHbRD_I (Telangana),Ramagundam_Pdmavati_D (Telangana),63.497,7,0.28,0.012,101.6,103.3,1.7,3897.0,2305.0,1592.0,0.964,0.974,5461.0,3886.0,Carting,1576.0,50-150km,thin(<1.5/d)
IND826004AAA -> IND815301AAA,Dhanbad_Kalynpur_I (Jharkhand),Giridih_Shivalya_D (Jharkhand),63.542,5,0.2,0.01,123.3,114.6,-8.7,3898.0,2306.0,1592.0,0.958,0.97,5461.0,3882.0,Carting,1579.0,50-150km,thin(<1.5/d)
IND742401AAA -> IND742101AAC,Ghanashyampur_NditaDPP_D (West Bengal),Baharampur_Chuanpur_I (West Bengal),63.556,5,0.2,0.002,141.9,155.9,14.0,3898.0,2307.0,1592.0,0.983,0.988,5475.0,3899.0,Carting,1575.0,50-150km,thin(<1.5/d)
IND209101AAA -> IND209111AAA,Akbarpur_NehruNGR_D (Uttar Pradesh),Pukhrayan_Arulimod_D (Uttar Pradesh),63.699,17,0.68,0.002,62.0,69.4,7.4,3901.0,2311.0,1590.0,0.673,0.744,4957.0,3479.0,Carting,1478.0,50-150km,thin(<1.5/d)
IND515201AAA -> IND515134AAA,Hindupur_Parigi_D (Andhra Pradesh),Puttaprthi_Gokulam_D (Andhra Pradesh),63.701,5,0.2,0.001,120.3,137.1,16.8,3901.0,2311.0,1590.0,0.923,0.966,5369.0,3856.0,Carting,1514.0,50-150km,thin(<1.5/d)
IND695012AAA -> IND691001AAB,Trivandrum_Mnanthla_H (Kerala),Kollam_Central_H_1 (Kerala),63.763,12,0.48,0.004,136.8,136.6,-0.2,3903.0,2313.0,1590.0,0.965,0.979,5459.0,3890.0,Carting,1570.0,50-150km,thin(<1.5/d)
IND507002AAA -> IND508213AAB,Khammam_NSTRoad_I (Telangana),Suryapet_Krishna_D (Telangana),63.824,14,0.56,0.005,94.8,95.4,0.6,3904.0,2315.0,1589.0,0.991,0.994,5475.0,3890.0,Carting,1585.0,50-150km,thin(<1.5/d)
IND495334AAB -> IND491995AAB,Mungeli_Panderia_D (Chhattisgarh),Kawardha_TrnsptNGR_D (Chhattisgarh),64.101,12,0.48,0.0,83.3,88.9,5.6,3910.0,2323.0,1587.0,0.973,0.994,5425.0,3874.0,Carting,1551.0,50-150km,thin(<1.5/d)
IND332001AAB -> IND333001AAA,Sikar_FatehpRd_I (Rajasthan),Jhunjhunu_DC (Rajasthan),64.165,3,0.12,0.01,106.7,113.0,6.3,3912.0,2325.0,1587.0,0.982,0.987,5498.0,3924.0,Carting,1574.0,50-150km,thin(<1.5/d)
IND560300AAA -> IND563101AAB,Bengaluru_KGAirprt_HB (Karnataka),Kolar_Ambedkar_D (Karnataka),64.256,5,0.2,0.006,96.4,95.9,-0.5,3914.0,2328.0,1586.0,0.911,0.926,5368.0,3803.0,Carting,1564.0,50-150km,thin(<1.5/d)
IND505209AAA -> IND505001AAB,Ramagundam_Pdmavati_D (Telangana),Karimnagar_KamnHbRD_I (Telangana),64.299,3,0.12,0.0,80.9,84.4,3.5,3915.0,2329.0,1586.0,0.988,0.991,5452.0,3874.0,Carting,1578.0,50-150km,thin(<1.5/d)
IND583101AAA -> IND583201AAA,Bellary_Dc (Karnataka),Hospet (Karnataka),64.405,18,0.72,0.004,102.8,95.8,-7.0,3917.0,2332.0,1585.0,0.99,0.994,5489.0,3905.0,Carting,1584.0,50-150km,thin(<1.5/d)
IND606801AAB -> IND632006AAA,Chetpet_Blmrgnst_D (Tamil Nadu),Vellore_GndhiNgr_IP (Tamil Nadu),64.463,13,0.52,0.0,103.2,108.8,5.7,3918.0,2334.0,1584.0,0.977,0.986,5455.0,3887.0,Carting,1567.0,50-150km,thin(<1.5/d)
IND560300AAB -> IND563101AAB,Bangalore_East_I_20 (Karnataka),Kolar_Ambedkar_D (Karnataka),64.614,14,0.56,0.0,110.8,103.2,-7.6,3922.0,2338.0,1583.0,0.992,0.995,5483.0,3900.0,Carting,1583.0,50-150km,thin(<1.5/d)
IND413002AAA -> IND413501AAA,Solapur_Central_I_2 (Maharashtra),Osmanabad_Kakdepot_D (Maharashtra),64.696,21,0.84,0.011,97.9,106.7,8.8,3923.0,2341.0,1582.0,0.994,0.996,5529.0,3954.0,Carting,1575.0,50-150km,thin(<1.5/d)
IND642001AAA -> IND641062AAD,Pollachi_Venkatsa_DC (Tamil Nadu),Coimbatore_Karayam_H (Tamil Nadu),64.718,17,0.68,0.0,76.7,77.8,1.0,3924.0,2342.0,1582.0,0.969,0.977,5429.0,3858.0,Carting,1571.0,50-150km,thin(<1.5/d)
IND614018AAA -> IND613104AAA,Mannargudi_Vadasari_D (Tamil Nadu),Thirukkatupli_Poondi_D (Tamil Nadu),64.767,10,0.4,0.0,123.0,110.1,-12.9,3925.0,2343.0,1582.0,0.993,0.995,5496.0,3909.0,Carting,1587.0,50-150km,thin(<1.5/d)
IND781018AAB -> IND781354AAA,Guwahati_Hub (Assam),Rangia_HosptlRd_D (Assam),64.851,8,0.32,0.044,107.6,97.9,-9.8,3927.0,2346.0,1581.0,0.955,0.833,5617.0,3824.0,Carting,1793.0,50-150km,thin(<1.5/d)
IND313324AAA -> IND313001AAB,Rajsamand_kankroli_D (Rajasthan),Udaipur_Mangri_I (Rajasthan),65.006,14,0.56,0.002,80.8,77.7,-3.1,3930.0,2350.0,1580.0,0.987,0.989,5473.0,3894.0,Carting,1579.0,50-150km,thin(<1.5/d)
IND148028AAA -> IND147001AAB,Sunam_DC (Punjab),Patiala (Punjab),65.093,10,0.4,0.0,98.3,108.9,10.6,3932.0,2353.0,1579.0,0.94,0.981,5408.0,3896.0,Carting,1511.0,50-150km,thin(<1.5/d)
IND476111AAA -> IND477001AAA,Ambah_MrenTirh_D (Madhya Pradesh),Bhind_BhrolDPP_D (Madhya Pradesh),65.128,6,0.24,0.001,85.0,95.6,10.7,3933.0,2354.0,1579.0,0.977,0.986,5460.0,3902.0,Carting,1558.0,50-150km,thin(<1.5/d)
IND504215AAA -> IND505001AAB,Luxettipet_ShivaDPP_D (Telangana),Karimnagar_KamnHbRD_I (Telangana),65.165,15,0.6,0.0,110.6,105.8,-4.8,3934.0,2355.0,1579.0,0.991,0.99,5495.0,3910.0,Carting,1585.0,50-150km,thin(<1.5/d)
IND853204AAA -> IND851204AAA,Naugchia_Vijayght_D (Bihar),Khagaria_GodamDPP_D (Bihar),65.214,11,0.44,0.0,81.2,87.9,6.7,3935.0,2356.0,1578.0,0.99,0.993,5476.0,3906.0,Carting,1570.0,50-150km,thin(<1.5/d)
IND413531AAA -> IND413517AAA,Latur_Srnwsngr_D (Maharashtra),Udgir_NlgaonRd_D (Maharashtra),65.231,4,0.16,0.0,87.6,97.5,9.9,3935.0,2357.0,1578.0,0.976,0.996,5458.0,3915.0,Carting,1543.0,50-150km,thin(<1.5/d)
IND110044AAB -> IND000000ACB,Del_Okhla_PC (Delhi),Gurgaon_Bilaspur_HB (Haryana),65.238,76,3.04,0.003,105.2,98.9,-6.3,3935.0,2357.0,1578.0,0.997,0.998,5514.0,3933.0,Carting,1581.0,50-150km,medium(1.5-4/d)
IND770001AAA -> IND770017AAB,Sundargarh_DiyoDPP_D (Orissa),Rajgangpur_Central_D_2 (Orissa),65.246,6,0.24,0.0,109.3,101.6,-7.6,3935.0,2357.0,1578.0,0.992,0.995,5496.0,3917.0,Carting,1579.0,50-150km,thin(<1.5/d)
IND176201AAA -> IND176303AAA,Jassur_AadiDPP_D (Himachal Pradesh),Dalhousie_Banikhet_D (Himachal Pradesh),65.268,9,0.36,0.0,139.3,160.9,21.5,3936.0,2358.0,1578.0,0.99,0.992,5514.0,3953.0,Carting,1561.0,50-150km,thin(<1.5/d)
IND637211AAA -> IND636402AAA,Tirchngode_Mhdhvpur_D (Tamil Nadu),Mettur_RTOroad_D (Tamil Nadu),65.279,16,0.64,0.0,88.9,89.8,0.9,3936.0,2358.0,1578.0,0.963,0.993,5440.0,3908.0,Carting,1532.0,50-150km,thin(<1.5/d)
IND000000ACB -> IND110085AAB,Gurgaon_Bilaspur_HB (Haryana),Delhi_Rohini_DPC (Delhi),65.329,24,0.96,0.191,132.0,119.8,-12.2,3937.0,2360.0,1577.0,0.967,0.926,6304.0,4623.0,Carting,1681.0,50-150km,thin(<1.5/d)
IND561202AAB -> IND515134AAA,Pavagada_PnukndRD_D (Karnataka),Puttaprthi_Gokulam_D (Andhra Pradesh),65.732,14,0.56,0.0,134.7,134.2,-0.5,3946.0,2372.0,1574.0,0.993,0.995,5526.0,3956.0,Carting,1571.0,50-150km,thin(<1.5/d)
IND131028AAB -> IND124001AAB,Sonipat_Kundli_H (Haryana),Rohtak (Haryana),65.803,4,0.16,0.053,115.6,108.9,-6.7,3948.0,2374.0,1574.0,0.994,0.986,5753.0,4162.0,Carting,1591.0,50-150km,thin(<1.5/d)
IND123401AAB -> IND000000ACB,Rewari_YuktiDPP_D (Haryana),Gurgaon_Bilaspur_HB (Haryana),66.04,3,0.12,0.002,99.0,92.5,-6.5,3953.0,2381.0,1572.0,0.97,0.973,5480.0,3909.0,Carting,1571.0,50-150km,thin(<1.5/d)
IND577598AAB -> IND573142AAA,Madikeri_MuthpTmp_D (Karnataka),Ramanathapura_Central_D_2 (Karnataka),66.358,17,0.68,0.0,105.3,122.8,17.5,3960.0,2391.0,1569.0,0.994,0.998,5520.0,3970.0,Carting,1551.0,50-150km,thin(<1.5/d)
IND587103AAB -> IND582209AAA,Bagalkot_Sector4_D (Karnataka),Rona_GadagRD_D (Karnataka),66.421,17,0.68,0.001,103.2,114.7,11.5,3961.0,2393.0,1569.0,0.992,0.994,5523.0,3965.0,Carting,1558.0,50-150km,thin(<1.5/d)
IND465001AAA -> IND465333AAA,Shajapur_MhpraRD_D (Madhya Pradesh),Shujalpur_AstrdDPP_D (Madhya Pradesh),66.441,3,0.12,0.002,95.4,102.2,6.7,3962.0,2393.0,1568.0,0.953,0.967,5462.0,3919.0,Carting,1543.0,50-150km,thin(<1.5/d)
IND501359AAE -> IND508252AAB,Hyderabad_Shamshbd_H (Telangana),Choutuppal_Nagaram_D (Telangana),66.452,7,0.28,0.111,91.8,93.7,1.9,3962.0,2394.0,1568.0,0.996,0.991,6012.0,4435.0,Carting,1576.0,50-150km,thin(<1.5/d)
IND626138AAA -> IND625008AAA,Maharajapuram_Krsnakcl_D (Tamil Nadu),Madurai_Kappalur_H (Tamil Nadu),66.46,16,0.64,0.0,110.6,165.8,55.2,3962.0,2394.0,1568.0,0.981,0.989,5508.0,3989.0,Carting,1519.0,50-150km,thin(<1.5/d)
IND787001AAA -> IND787057AAA,LakhimpurN_SashPhkn_D (Assam),Dhemaji_WardNo3_D (Assam),66.504,8,0.32,0.001,109.0,123.3,14.4,3963.0,2395.0,1568.0,0.993,0.996,5529.0,3975.0,Carting,1554.0,50-150km,thin(<1.5/d)
IND574216AAA -> IND575004AAB,Dhrmsthala_Beltngdi_D (Karnataka),Mangalore_Kuntikna_H (Karnataka),66.535,5,0.2,0.001,100.3,108.1,7.8,3964.0,2396.0,1568.0,0.988,0.991,5518.0,3961.0,Carting,1558.0,50-150km,thin(<1.5/d)
IND509301AAA -> IND501359AAE,Jadcherla_Badeplly_D (Telangana),Hyderabad_Shamshbd_H (Telangana),66.787,14,0.56,0.001,104.2,110.4,6.2,3969.0,2404.0,1566.0,0.994,0.995,5534.0,3974.0,Carting,1560.0,50-150km,thin(<1.5/d)
IND362560AAA -> IND362150AAA,Una_Mamlatdr_DC (Gujarat),Talala_SsnRdDPP_D (Gujarat),66.844,11,0.44,0.0,104.2,108.7,4.5,3971.0,2405.0,1565.0,0.972,0.983,5499.0,3953.0,Carting,1546.0,50-150km,thin(<1.5/d)
IND206122AAA -> IND206001AAA,Auraiya_AryaNagr_D (Uttar Pradesh),Etawah_MhraChng_D (Uttar Pradesh),66.914,19,0.76,0.0,81.2,86.3,5.1,3972.0,2407.0,1565.0,0.984,0.989,5504.0,3951.0,Carting,1554.0,50-150km,thin(<1.5/d)
IND431203AAA -> IND431112AAB,Jalna_BhgyaNgr_D (Maharashtra),Sillod_ZebaTWR_D (Maharashtra),66.995,10,0.4,0.0,93.2,104.4,11.2,3974.0,2410.0,1564.0,0.971,0.993,5493.0,3969.0,Carting,1523.0,50-150km,thin(<1.5/d)
IND271210AAA -> IND271001AAA,Tulsipur_Central_DPP_1 (Uttar Pradesh),Gonda_KotwaliN_D (Uttar Pradesh),67.169,12,0.48,0.0,117.6,119.7,2.1,3978.0,2415.0,1563.0,0.987,0.996,5536.0,3989.0,Carting,1547.0,50-150km,thin(<1.5/d)
IND488001AAA -> IND471001AAA,Panna_Mohnprwa_D (Madhya Pradesh),Chhatarpur_Busstand_D (Madhya Pradesh),67.274,4,0.16,0.001,102.9,98.6,-4.4,3980.0,2418.0,1562.0,0.963,0.984,5498.0,3965.0,Carting,1533.0,50-150km,thin(<1.5/d)
IND110085AAB -> IND000000ACB,Delhi_Rohini_DPC (Delhi),Gurgaon_Bilaspur_HB (Haryana),67.551,7,0.28,0.002,132.5,150.4,17.9,3986.0,2427.0,1560.0,0.965,0.972,5533.0,3995.0,Carting,1538.0,50-150km,thin(<1.5/d)
IND783370AAC -> IND783301AAA,Kokrajhar_PigonDPP_D (Assam),Dhubri_Tetultol_D (Assam),67.644,8,0.32,0.003,114.4,111.3,-3.1,3988.0,2429.0,1559.0,0.998,0.998,5576.0,4016.0,Carting,1560.0,50-150km,thin(<1.5/d)
IND531116AAA -> IND530012AAA,Narsiptnm_Wardno8_D (Andhra Pradesh),Visakhapatnam_Gajuwaka_IP (Andhra Pradesh),67.668,4,0.16,0.0,107.6,135.7,28.1,3989.0,2430.0,1559.0,0.975,0.992,5522.0,4008.0,Carting,1515.0,50-150km,thin(<1.5/d)
IND624001AAA -> IND625008AAA,Dindigul_Central_D_1 (Tamil Nadu),Madurai_Kappalur_H (Tamil Nadu),67.705,9,0.36,0.0,67.0,69.3,2.3,3990.0,2431.0,1558.0,0.976,0.987,5498.0,3957.0,Carting,1540.0,50-150km,thin(<1.5/d)
IND362150AAA -> IND362001AAA,Talala_SsnRdDPP_D (Gujarat),Junagadh_DPC (Gujarat),67.709,11,0.44,0.0,104.5,109.7,5.2,3990.0,2431.0,1558.0,0.965,0.978,5507.0,3972.0,Carting,1535.0,50-150km,thin(<1.5/d)
IND110052AAA -> IND000000ACB,Delhi_Wazirpur_L (Delhi),Gurgaon_Bilaspur_HB (Haryana),67.773,10,0.4,0.0,112.5,148.7,36.2,3991.0,2433.0,1558.0,0.968,0.991,5518.0,4019.0,Carting,1499.0,50-150km,thin(<1.5/d)
IND517583AAA -> IND516101AAA,Puttur_Artmclny_D (Andhra Pradesh),Koduru_MGRoad_D (Andhra Pradesh),68.007,19,0.76,0.0,88.0,92.0,4.0,3996.0,2440.0,1556.0,0.983,0.992,5530.0,3990.0,Carting,1540.0,50-150km,thin(<1.5/d)
IND842001AAA -> IND846004AAA,Muzaffrpur_Bbganj_I (Bihar),Darbhanga (Bihar),68.322,22,0.88,0.025,112.9,111.5,-1.4,4003.0,2450.0,1553.0,0.987,0.982,5668.0,4105.0,Carting,1563.0,50-150km,thin(<1.5/d)
IND207302AAA -> IND202001AAB,Jalesar_ChngiDPP_D (Uttar Pradesh),Aligarh_KhirByps_I (Uttar Pradesh),68.324,6,0.24,0.001,119.5,131.8,12.3,4003.0,2450.0,1553.0,0.972,0.975,5547.0,4005.0,Carting,1542.0,50-150km,thin(<1.5/d)
IND389001AAA -> IND389151AAA,Godhra_DC (Gujarat),Dahod_DC (Gujarat),68.492,21,0.84,0.001,95.5,121.9,26.4,4007.0,2455.0,1552.0,0.969,0.975,5528.0,4002.0,Carting,1525.0,50-150km,thin(<1.5/d)
IND505184AAC -> IND505001AAB,Manthani_Chaitnya_D (Telangana),Karimnagar_KamnHbRD_I (Telangana),68.687,9,0.36,0.0,152.3,159.6,7.2,4011.0,2461.0,1551.0,0.981,0.994,5584.0,4058.0,Carting,1526.0,50-150km,thin(<1.5/d)
IND000000AET -> IND000000AAS,Barpeta_ShivBari_D (Assam),Bongaigaon_Chpaguri_D (Assam),68.722,8,0.32,0.003,96.0,99.7,3.7,4012.0,2462.0,1550.0,0.994,0.996,5581.0,4037.0,Carting,1544.0,50-150km,thin(<1.5/d)
IND125047AAB -> IND125051AAA,Hisar_AgrohDPP_D (Haryana),Ratia_SchdvDPP_D (Haryana),68.734,10,0.4,0.0,100.3,118.5,18.2,4012.0,2462.0,1550.0,0.97,0.978,5536.0,4009.0,Carting,1527.0,50-150km,thin(<1.5/d)
IND842001AAA -> IND848114AAA,Muzaffrpur_Bbganj_I (Bihar),DalsinghSarai_Wardno13_D (Bihar),69.055,20,0.8,0.025,108.0,106.7,-1.4,4019.0,2472.0,1548.0,0.987,0.982,5681.0,4124.0,Carting,1557.0,50-150km,thin(<1.5/d)
IND110092AAC -> IND000000ACB,Delhi_Patparganj_DPC (Delhi),Gurgaon_Bilaspur_HB (Haryana),69.179,6,0.24,0.001,132.3,145.2,12.9,4022.0,2475.0,1547.0,0.971,0.977,5570.0,4041.0,Carting,1530.0,50-150km,thin(<1.5/d)
IND251309AAB -> IND131028AAB,Budhana_Busstand_D (Uttar Pradesh),Sonipat_Kundli_H (Haryana),69.262,10,0.4,0.001,171.7,183.4,11.7,4024.0,2478.0,1546.0,0.974,0.979,5603.0,4072.0,Carting,1532.0,50-150km,thin(<1.5/d)
IND306401AAB -> IND342005AAD,Pali_Nayagaon_I (Rajasthan),Jodhpur_Basni_I (Rajasthan),69.307,18,0.72,0.017,111.0,116.0,5.0,4025.0,2479.0,1546.0,0.993,0.994,5665.0,4124.0,Carting,1541.0,50-150km,thin(<1.5/d)
IND781335AAA -> IND000000AET,Nalbari_Bhgtpura_D (Assam),Barpeta_ShivBari_D (Assam),69.456,4,0.16,0.003,92.7,103.4,10.6,4028.0,2484.0,1544.0,0.99,0.994,5589.0,4058.0,Carting,1531.0,50-150km,thin(<1.5/d)
IND000000ACA -> IND144001AAB,Ludhiana_MilrGanj_HB (Punjab),Jalandhar_DPC (Punjab),69.462,17,0.68,0.013,96.7,96.7,0.1,4028.0,2484.0,1544.0,0.981,0.979,5621.0,4073.0,Carting,1547.0,50-150km,thin(<1.5/d)
IND000000ACB -> IND110092AAC,Gurgaon_Bilaspur_HB (Haryana),Delhi_Patparganj_DPC (Delhi),69.591,5,0.2,0.191,146.1,132.6,-13.5,4031.0,2488.0,1543.0,0.958,0.908,6386.0,4716.0,Carting,1671.0,50-150km,thin(<1.5/d)
IND243301AAB -> IND244901AAB,Aonla_KdidmCLY_D (Uttar Pradesh),Rampur_RoshnBgh_I (Uttar Pradesh),69.709,10,0.4,0.0,145.2,167.5,22.3,4034.0,2491.0,1542.0,0.948,0.965,5554.0,4053.0,Carting,1501.0,50-150km,thin(<1.5/d)
IND505001AAB -> IND505184AAC,Karimnagar_KamnHbRD_I (Telangana),Manthani_Chaitnya_D (Telangana),69.744,3,0.12,0.012,135.4,139.6,4.2,4034.0,2492.0,1542.0,0.974,0.98,5636.0,4107.0,Carting,1529.0,50-150km,thin(<1.5/d)
IND713103AAA -> IND713205AAB,Bardhaman_Bankura_D (West Bengal),Durgapur_Central_I_1 (West Bengal),69.791,4,0.16,0.0,105.4,126.6,21.2,4035.0,2494.0,1542.0,0.972,0.993,5564.0,4068.0,Carting,1496.0,50-150km,thin(<1.5/d)
IND721602AAB -> IND721139AAC,Haldia_Central_D_2 (West Bengal),Panskura_Central_D_3 (West Bengal),70.147,4,0.16,0.0,120.4,135.7,15.3,4043.0,2504.0,1539.0,0.971,0.992,5580.0,4082.0,Carting,1498.0,50-150km,thin(<1.5/d)
IND641062AAD -> IND643231AAA,Coimbatore_Karayam_H (Tamil Nadu),Coonoor_Fairybnk_D (Tamil Nadu),70.328,15,0.6,0.0,108.0,118.1,10.1,4047.0,2510.0,1537.0,0.967,0.978,5570.0,4056.0,Carting,1513.0,50-150km,thin(<1.5/d)
IND854105AAB -> IND853204AAA,Katihar_Central_D_2 (Bihar),Naugchia_Vijayght_D (Bihar),70.355,5,0.2,0.0,94.0,130.7,36.7,4048.0,2511.0,1537.0,0.962,0.989,5553.0,4081.0,Carting,1472.0,50-150km,thin(<1.5/d)
IND842001AAA -> IND843329AAB,Muzaffrpur_Bbganj_I (Bihar),Sheohar_Ward9DPP_D (Bihar),70.415,13,0.52,0.025,127.2,126.0,-1.2,4049.0,2512.0,1537.0,0.984,0.977,5719.0,4171.0,Carting,1548.0,50-150km,thin(<1.5/d)
IND209304AAA -> IND206122AAA,Kanpur_Central_H_6 (Uttar Pradesh),Auraiya_AryaNagr_D (Uttar Pradesh),70.43,20,0.8,0.039,98.5,90.3,-8.3,4049.0,2513.0,1537.0,0.926,0.609,5666.0,3592.0,Carting,2073.0,50-150km,thin(<1.5/d)
IND384355AAB -> IND385001AAA,Vadnagar_BsstdDPP_D (Gujarat),Palanpur_DC (Gujarat),70.455,12,0.48,0.0,106.2,153.9,47.7,4050.0,2514.0,1536.0,0.972,0.992,5579.0,4105.0,Carting,1474.0,50-150km,thin(<1.5/d)
IND474003AAA -> IND476111AAA,Gwalior_HrihrNgr_I (Madhya Pradesh),Ambah_MrenTirh_D (Madhya Pradesh),70.56,8,0.32,0.008,122.3,143.8,21.5,4052.0,2517.0,1536.0,0.99,0.993,5652.0,4136.0,Carting,1516.0,50-150km,thin(<1.5/d)
IND581110AAE -> IND577002AAA,Haveri_GuttalRD_D (Karnataka),Davangere_Central_I_1 (Karnataka),70.745,4,0.16,0.001,106.5,118.3,11.9,4056.0,2522.0,1534.0,0.973,0.983,5590.0,4080.0,Carting,1511.0,50-150km,thin(<1.5/d)
IND532222AAA -> IND761200AAA,Palasa_Central_DPP_1 (Andhra Pradesh),Paralakhemundi_Ward14_D (Orissa),70.79,11,0.44,0.0,150.6,197.4,46.8,4057.0,2524.0,1534.0,0.913,0.984,5528.0,4131.0,Carting,1396.0,50-150km,thin(<1.5/d)
IND788121AAA -> IND796081AAA,Kabuganj_Jantaclg_D (Assam),Kolasib_Diakkawn_D (Mizoram),71.146,3,0.12,0.0,97.4,111.0,13.6,4065.0,2534.0,1531.0,0.961,0.976,5573.0,4074.0,Carting,1499.0,50-150km,thin(<1.5/d)
IND560099AAB -> IND635001AAA,Bengaluru_Bomsndra_HB (Karnataka),Krishnagiri_BnglorRd_D (Tamil Nadu),71.207,4,0.16,0.005,102.6,105.1,2.5,4067.0,2536.0,1530.0,0.819,0.797,5384.0,3821.0,Carting,1564.0,50-150km,thin(<1.5/d)
IND515591AAA -> IND516269AAA,Kadiri_GVManu_D (Andhra Pradesh),Rayachoti_Madnpali_D (Andhra Pradesh),71.295,10,0.4,0.003,97.1,103.7,6.6,4068.0,2539.0,1530.0,0.97,0.982,5600.0,4093.0,Carting,1507.0,50-150km,thin(<1.5/d)
IND518002AAA -> IND518501AAA,Kurnool_AbbasNgr_I (Andhra Pradesh),Nandyal_SrnvsNgr_D (Andhra Pradesh),71.301,18,0.72,0.015,112.7,110.4,-2.3,4069.0,2539.0,1530.0,0.989,0.99,5695.0,4165.0,Carting,1530.0,50-150km,thin(<1.5/d)
IND842001AAA -> IND843301AAA,Muzaffrpur_Bbganj_I (Bihar),Sitamari_Durma_D (Bihar),71.373,6,0.24,0.025,114.7,113.6,-1.1,4070.0,2541.0,1529.0,0.969,0.948,5707.0,4144.0,Carting,1563.0,50-150km,thin(<1.5/d)
IND244601AAB -> IND244901AAB,Thakurdwara_Fathuluh_D (Uttar Pradesh),Rampur_RoshnBgh_I (Uttar Pradesh),71.459,9,0.36,0.0,133.6,136.6,2.9,4072.0,2544.0,1528.0,0.847,0.929,5433.0,4030.0,Carting,1402.0,50-150km,thin(<1.5/d)
IND641062AAD -> IND642126AAA,Coimbatore_Karayam_H (Tamil Nadu),Udumalpet_Artclgrd_D (Tamil Nadu),71.491,17,0.68,0.0,129.6,141.7,12.1,4073.0,2545.0,1528.0,0.949,0.966,5583.0,4089.0,Carting,1494.0,50-150km,thin(<1.5/d)
IND534260AAC -> IND533106AAA,Palakollu_CroadDPP_D (Andhra Pradesh),Rajamundry_AtoNgrRd_I (Andhra Pradesh),71.5,4,0.16,0.0,95.9,121.5,25.6,4073.0,2545.0,1528.0,0.905,0.983,5495.0,4100.0,Carting,1394.0,50-150km,thin(<1.5/d)
IND302014AAB -> IND303303AAA,Jaipur_Central_I_7 (Rajasthan),Dausa_IndraCln_D (Rajasthan),71.509,3,0.12,0.0,100.2,108.6,8.4,4073.0,2545.0,1528.0,0.878,0.906,5457.0,3978.0,Carting,1479.0,50-150km,thin(<1.5/d)
IND761200AAA -> IND532001AAB,Paralakhemundi_Ward14_D (Orissa),Srikakulam_Kuslpram_I (Andhra Pradesh),71.613,12,0.48,0.001,107.7,109.5,1.7,4075.0,2548.0,1527.0,0.971,0.981,5608.0,4097.0,Carting,1511.0,50-150km,thin(<1.5/d)
IND000000ACB -> IND110095AAB,Gurgaon_Bilaspur_HB (Haryana),Delhi_Jhilmil_L (Delhi),71.639,36,1.44,0.191,157.0,143.9,-13.1,4076.0,2549.0,1527.0,0.689,0.447,5806.0,3698.0,Carting,2108.0,50-150km,thin(<1.5/d)
IND535001AAA -> IND530012AAA,Vizianagaram_NcsRd_DC (Andhra Pradesh),Visakhapatnam_Gajuwaka_IP (Andhra Pradesh),71.773,10,0.4,0.0,160.4,140.0,-20.4,4079.0,2553.0,1526.0,0.978,0.987,5655.0,4129.0,Carting,1526.0,50-150km,thin(<1.5/d)
IND609001AAA -> IND614018AAA,Mylduthuri_Thiruviz_D (Tamil Nadu),Mannargudi_Vadasari_D (Tamil Nadu),71.818,12,0.48,0.0,132.0,127.1,-4.9,4080.0,2555.0,1525.0,0.911,0.96,5534.0,4079.0,Carting,1455.0,50-150km,thin(<1.5/d)
IND365560AAA -> IND365560AAB,Amreli_MrktYrd_DC (Gujarat),Amreli_Rajula_DC (Gujarat),71.879,7,0.28,0.001,106.1,122.9,16.9,4081.0,2556.0,1525.0,0.926,0.939,5544.0,4050.0,Carting,1494.0,50-150km,thin(<1.5/d)
IND585104AAA -> IND585307AAB,Gulbarga_Nehrugnj_I (Karnataka),Chincholi_Mainroad_D (Karnataka),71.899,4,0.16,0.006,131.2,135.3,4.1,4082.0,2557.0,1525.0,0.992,0.995,5687.0,4169.0,Carting,1518.0,50-150km,thin(<1.5/d)
IND523226AAA -> IND523316AAB,Chimkurthy_MSRClgRd_D (Andhra Pradesh),Markapur_VidyaNgr_D (Andhra Pradesh),72.103,13,0.52,0.001,113.9,133.7,19.7,4086.0,2563.0,1523.0,0.969,0.982,5621.0,4130.0,Carting,1491.0,50-150km,thin(<1.5/d)
IND758001AAA -> IND758035AAA,Kendujhar_Sirjudin_D (Orissa),Barbil_PunjbiPd_D (Orissa),72.254,3,0.12,0.001,92.1,96.0,3.9,4090.0,2568.0,1522.0,0.922,0.936,5538.0,4040.0,Carting,1498.0,50-150km,thin(<1.5/d)
IND533106AAA -> IND534260AAC,Rajamundry_AtoNgrRd_I (Andhra Pradesh),Palakollu_CroadDPP_D (Andhra Pradesh),72.347,5,0.2,0.026,149.5,156.6,7.1,4092.0,2570.0,1521.0,0.99,0.991,5794.0,4278.0,Carting,1515.0,50-150km,thin(<1.5/d)
IND621306AAA -> IND625106AAA,Manapparai_BypassRd_D (Tamil Nadu),Melur_MduraiRD_D (Tamil Nadu),72.357,12,0.48,0.0,133.7,164.1,30.4,4092.0,2571.0,1521.0,0.825,0.945,5418.0,4097.0,Carting,1321.0,50-150km,thin(<1.5/d)
IND845418AAB -> IND845438AAA,Dhaka_PchpkrRD_D (Bihar),Bettiah_BypassRd_D (Bihar),72.46,12,0.48,0.0,127.7,122.4,-5.3,4094.0,2574.0,1520.0,0.951,0.986,5605.0,4134.0,Carting,1471.0,50-150km,thin(<1.5/d)
IND283122AAB -> IND328001AAA,Kirauli_AchneraRD_D (Uttar Pradesh),Dholpur_GtRoad_D (Rajasthan),72.508,7,0.28,0.0,166.0,179.2,13.2,4095.0,2575.0,1520.0,0.899,0.962,5556.0,4139.0,Carting,1416.0,50-150km,thin(<1.5/d)
IND462022AAA -> IND461001AAA,Bhopal_Trnsport_H (Madhya Pradesh),Hoshangabad_MnRDDPP_D (Madhya Pradesh),72.553,5,0.2,0.033,106.6,104.8,-1.7,4096.0,2577.0,1520.0,0.974,0.953,5771.0,4216.0,Carting,1555.0,50-150km,thin(<1.5/d)
IND585307AAB -> IND585104AAA,Chincholi_Mainroad_D (Karnataka),Gulbarga_Nehrugnj_I (Karnataka),72.758,17,0.68,0.0,187.1,215.4,28.3,4101.0,2583.0,1518.0,0.977,0.994,5690.0,4217.0,Carting,1474.0,50-150km,thin(<1.5/d)
IND413002AAA -> IND413304AAA,Solapur_Central_I_2 (Maharashtra),Pandharpur_RajCmplx_D (Maharashtra),72.806,10,0.4,0.011,112.1,122.1,10.0,4102.0,2584.0,1518.0,0.991,0.993,5711.0,4203.0,Carting,1508.0,50-150km,thin(<1.5/d)
IND000000ACB -> IND201007AAA,Gurgaon_Bilaspur_HB (Haryana),GZB_Mohan_Nagar_DPC (Uttar Pradesh),72.811,9,0.36,0.191,150.3,140.8,-9.4,4102.0,2584.0,1518.0,0.796,0.586,6078.0,4060.0,Carting,2018.0,50-150km,thin(<1.5/d)
IND480001AAA -> IND480661AAA,Chhindwara_NagpurRd_D (Madhya Pradesh),Seoni_Kidwai_D (Madhya Pradesh),73.009,10,0.4,0.0,108.6,112.9,4.3,4106.0,2590.0,1516.0,0.958,0.982,5616.0,4139.0,Carting,1477.0,50-150km,thin(<1.5/d)
IND606105AAA -> IND606201AAC,Pennadam_EastmnRD_D (Tamil Nadu),Chinnasalem_VkotRoad_D (Tamil Nadu),73.104,14,0.56,0.002,86.9,73.4,-13.5,4108.0,2593.0,1515.0,0.962,0.951,5616.0,4075.0,Carting,1541.0,50-150km,thin(<1.5/d)
IND713130AAA -> IND741123AAB,Katwa_BSarani_D (West Bengal),Chapra_NagarDPP_D (West Bengal),73.162,17,0.68,0.0,154.8,126.6,-28.3,4110.0,2595.0,1515.0,0.956,0.973,5647.0,4138.0,Carting,1509.0,50-150km,thin(<1.5/d)
IND603102AAA -> IND600056AAB,Kalpakkam_Sadras_D (Tamil Nadu),MAA_Poonamallee_HB (Tamil Nadu),73.268,12,0.48,0.0,143.0,143.8,0.8,4112.0,2598.0,1514.0,0.94,0.959,5620.0,4135.0,Carting,1485.0,50-150km,thin(<1.5/d)
IND413304AAA -> IND413002AAA,Pandharpur_RajCmplx_D (Maharashtra),Solapur_Central_I_2 (Maharashtra),73.514,5,0.2,0.002,99.2,99.3,0.1,4117.0,2605.0,1512.0,0.986,0.987,5670.0,4159.0,Carting,1510.0,50-150km,thin(<1.5/d)
IND144001AAC -> IND000000ACA,Jalandhar_Sodal Road (Punjab),Ludhiana_MilrGanj_HB (Punjab),73.526,12,0.48,0.0,111.0,123.6,12.6,4118.0,2606.0,1512.0,0.932,0.978,5589.0,4155.0,Carting,1434.0,50-150km,thin(<1.5/d)
IND571213AAA -> IND571114AAA,Gonikoppal_Thomas_D (Karnataka),HDKote_BegurRD_D (Karnataka),73.652,8,0.32,0.0,175.4,177.6,2.2,4120.0,2610.0,1511.0,0.979,0.99,5705.0,4213.0,Carting,1492.0,50-150km,thin(<1.5/d)
IND844505AAB -> IND842001AAA,HazratJandaha_HajiprRD_D (Bihar),Muzaffrpur_Bbganj_I (Bihar),73.674,14,0.56,0.001,415.5,355.6,-59.9,4121.0,2610.0,1511.0,0.993,0.995,5892.0,4343.0,Carting,1549.0,50-150km,thin(<1.5/d)
IND341510AAB -> IND305001AAC,Merta_Central_DPP_1 (Rajasthan),Ajmer_FoySGRRD_I (Rajasthan),73.677,14,0.56,0.002,111.5,99.2,-12.3,4121.0,2610.0,1511.0,0.987,0.985,5683.0,4161.0,Carting,1521.0,50-150km,thin(<1.5/d)
IND160002AAC -> IND147101AAA,Chandigarh_Mehmdpur_H (Punjab),Samana_PODPP_D (Punjab),73.816,9,0.36,0.053,111.6,92.1,-19.5,4124.0,2614.0,1509.0,0.981,0.927,5903.0,4287.0,Carting,1616.0,50-150km,thin(<1.5/d)
IND786001AAB -> IND786171AAA,Dibrugarh_Bokule_H (Assam),Digboi_JyotiNgr_D (Assam),73.858,13,0.52,0.012,112.8,115.1,2.3,4125.0,2616.0,1509.0,0.997,0.997,5747.0,4241.0,Carting,1506.0,50-150km,thin(<1.5/d)
IND591201AAA -> IND591304AAA,Chikodi_IndraNgr_D (Karnataka),Athani_VikrmMah_D (Karnataka),73.905,10,0.4,0.002,100.2,113.7,13.5,4126.0,2617.0,1509.0,0.971,0.98,5658.0,4172.0,Carting,1485.0,50-150km,thin(<1.5/d)
IND302014AAB -> IND303008AAB,Jaipur_Central_I_7 (Rajasthan),Dudu_NrainaRD_D (Rajasthan),73.95,5,0.2,0.0,121.2,117.0,-4.2,4127.0,2619.0,1508.0,0.949,0.957,5632.0,4132.0,Carting,1500.0,50-150km,thin(<1.5/d)
IND301001AAB -> IND321001AAB,Alwar_Central_I_1 (Rajasthan),Bharatpur_NraynDPP_D (Rajasthan),74.101,13,0.52,0.003,136.1,142.2,6.0,4130.0,2623.0,1507.0,0.991,0.994,5722.0,4223.0,Carting,1498.0,50-150km,thin(<1.5/d)
IND140401AAA -> IND000000ACA,Rajpura_DC (Punjab),Ludhiana_MilrGanj_HB (Punjab),74.184,3,0.12,0.0,130.9,148.3,17.4,4132.0,2626.0,1507.0,0.97,0.978,5677.0,4193.0,Carting,1484.0,50-150km,thin(<1.5/d)
IND431136AAC -> IND431203AAA,Aurangabad_Central_H_1 (Maharashtra),Jalna_BhgyaNgr_D (Maharashtra),74.186,15,0.6,0.006,104.8,110.1,5.3,4132.0,2626.0,1507.0,0.985,0.99,5705.0,4209.0,Carting,1496.0,50-150km,thin(<1.5/d)
IND521001AAA -> IND521225AAB,Machilipatnam_DC (Andhra Pradesh),Vijayawada_Rynapadu_H (Andhra Pradesh),74.228,5,0.2,0.0,129.4,108.2,-21.2,4133.0,2627.0,1506.0,0.97,0.974,5676.0,4162.0,Carting,1515.0,50-150km,thin(<1.5/d)
IND124103AAA -> IND127021AAA,Jhajjar_DC (Haryana),Bhiwani_DC (Haryana),74.304,9,0.36,0.001,87.6,105.3,17.7,4135.0,2629.0,1506.0,0.992,0.995,5686.0,4198.0,Carting,1489.0,50-150km,thin(<1.5/d)
IND246149AAA -> IND249407AAA,Kotdwara_Nzbadrd_D (Uttarakhand),Haridwar (Uttarakhand),74.447,15,0.6,0.0,125.8,118.1,-7.7,4138.0,2633.0,1504.0,0.97,0.992,5677.0,4201.0,Carting,1476.0,50-150km,thin(<1.5/d)
IND249407AAA -> IND246149AAA,Haridwar (Uttarakhand),Kotdwara_Nzbadrd_D (Uttarakhand),74.87,18,0.72,0.004,142.4,145.0,2.5,4147.0,2646.0,1501.0,0.983,0.991,5735.0,4247.0,Carting,1488.0,50-150km,thin(<1.5/d)
IND603301AAA -> IND600044AAD,Malemruvathur_Achipkam_D (Tamil Nadu),Chennai_Chrompet_DPC (Tamil Nadu),74.925,14,0.56,0.0,130.5,123.3,-7.2,4148.0,2648.0,1501.0,0.975,0.986,5700.0,4211.0,Carting,1489.0,50-150km,thin(<1.5/d)
IND473443AAA -> IND470113AAA,Mungaoli_AshkngRd_D (Madhya Pradesh),Bina_Srvdycwk_D (Madhya Pradesh),74.938,7,0.28,0.0,125.3,144.9,19.6,4149.0,2648.0,1500.0,0.976,0.993,5696.0,4234.0,Carting,1461.0,50-150km,thin(<1.5/d)
IND591304AAA -> IND586101AAB,Athani_VikrmMah_D (Karnataka),Bijapur_Central_D_2 (Karnataka),75.215,4,0.16,0.001,99.1,132.5,33.5,4155.0,2656.0,1498.0,0.992,0.994,5713.0,4242.0,Carting,1472.0,50-150km,thin(<1.5/d)
IND000000ACB -> IND201301AAF,Gurgaon_Bilaspur_HB (Haryana),Noida_Sec 02_DPC (Uttar Pradesh),75.29,9,0.36,0.191,149.1,140.2,-8.9,4156.0,2659.0,1498.0,0.938,0.864,6466.0,4790.0,Carting,1677.0,50-150km,thin(<1.5/d)
IND639001AAA -> IND624001AAA,Karur (Tamil Nadu),Dindigul_Central_D_1 (Tamil Nadu),75.358,9,0.36,0.0,116.3,120.1,3.8,4158.0,2661.0,1497.0,0.941,0.981,5647.0,4212.0,Carting,1435.0,50-150km,thin(<1.5/d)
IND431112AAB -> IND431136AAC,Sillod_ZebaTWR_D (Maharashtra),Aurangabad_Central_H_1 (Maharashtra),75.47,11,0.44,0.0,131.3,138.0,6.7,4160.0,2664.0,1496.0,0.987,0.996,5728.0,4250.0,Carting,1478.0,50-150km,thin(<1.5/d)
IND485001AAC -> IND488001AAA,Satna_Central_I_2 (Madhya Pradesh),Panna_Mohnprwa_D (Madhya Pradesh),75.496,3,0.12,0.003,144.2,146.7,2.4,4161.0,2665.0,1496.0,0.992,0.995,5758.0,4268.0,Carting,1490.0,50-150km,thin(<1.5/d)
IND144001AAB -> IND000000ACA,Jalandhar_DPC (Punjab),Ludhiana_MilrGanj_HB (Punjab),75.647,23,0.92,0.004,113.0,111.7,-1.3,4164.0,2669.0,1495.0,0.993,0.995,5746.0,4253.0,Carting,1493.0,50-150km,thin(<1.5/d)
IND305901AAA -> IND342602AAC,Beawar_DC (Rajasthan),Bilara_Central_DPP_2 (Rajasthan),75.73,6,0.24,0.001,125.5,139.9,14.3,4166.0,2672.0,1494.0,0.985,0.989,5733.0,4255.0,Carting,1478.0,50-150km,thin(<1.5/d)
IND631102AAA -> IND600056AAB,Sholinghur_ArkonmRD_D (Tamil Nadu),MAA_Poonamallee_HB (Tamil Nadu),76.023,12,0.48,0.0,159.0,164.9,5.9,4173.0,2681.0,1492.0,0.989,0.994,5764.0,4284.0,Carting,1480.0,50-150km,thin(<1.5/d)
IND121004AAB -> IND000000ACB,FBD_Balabhgarh_DPC (Haryana),Gurgaon_Bilaspur_HB (Haryana),76.115,34,1.36,0.005,130.3,126.6,-3.7,4175.0,2683.0,1491.0,0.986,0.991,5762.0,4276.0,Carting,1487.0,50-150km,thin(<1.5/d)
IND000000ACA -> IND142001AAB,Ludhiana_MilrGanj_HB (Punjab),Moga_DPC (Punjab),76.222,9,0.36,0.013,108.6,110.5,1.9,4177.0,2687.0,1490.0,0.981,0.979,5778.0,4285.0,Carting,1493.0,50-150km,thin(<1.5/d)
IND501359AAE -> IND509001AAA,Hyderabad_Shamshbd_H (Telangana),Mahabubnagar_DC (Telangana),76.379,17,0.68,0.111,106.1,112.1,6.0,4180.0,2691.0,1489.0,0.996,0.993,6241.0,4749.0,Carting,1493.0,50-150km,thin(<1.5/d)
IND121002AAB -> IND000000ACB,Faridabad_Mthurard_L (Haryana),Gurgaon_Bilaspur_HB (Haryana),76.421,29,1.16,0.0,157.4,158.2,0.8,4181.0,2693.0,1489.0,0.973,0.991,5745.0,4284.0,Carting,1461.0,50-150km,thin(<1.5/d)
IND509103AAB -> IND518002AAA,Wanaparthy_VallaDPP_D (Telangana),Kurnool_AbbasNgr_I (Andhra Pradesh),76.449,9,0.36,0.0,200.8,191.3,-9.5,4182.0,2693.0,1488.0,0.987,0.996,5796.0,4315.0,Carting,1481.0,50-150km,thin(<1.5/d)
IND731301AAA -> IND713205AAB,Nanoor_Central_DPP_1 (West Bengal),Durgapur_Central_I_1 (West Bengal),76.581,19,0.76,0.001,163.9,180.6,16.7,4185.0,2697.0,1487.0,0.993,0.995,5790.0,4316.0,Carting,1473.0,50-150km,thin(<1.5/d)
IND591304AAA -> IND586101AAA,Athani_VikrmMah_D (Karnataka),Bijapur_KirtiNgr_D (Karnataka),76.626,8,0.32,0.001,101.7,135.7,34.0,4186.0,2699.0,1487.0,0.992,0.994,5746.0,4286.0,Carting,1460.0,50-150km,thin(<1.5/d)
IND581402AAA -> IND577401AAA,Sirsi_Vidygiri_D (Karnataka),Sagara_Vardhard_D (Karnataka),76.626,9,0.36,0.002,107.1,113.5,6.4,4186.0,2699.0,1487.0,0.96,0.971,5704.0,4238.0,Carting,1466.0,50-150km,thin(<1.5/d)
IND563131AAB -> IND560300AAB,Bangarapet_KolarRd_D (Karnataka),Bangalore_East_I_20 (Karnataka),76.776,5,0.2,0.001,167.6,178.1,10.5,4189.0,2703.0,1486.0,0.972,0.979,5763.0,4295.0,Carting,1468.0,50-150km,thin(<1.5/d)
IND477001AAB -> IND474003AAA,Bhind_EtwahDPP_D (Madhya Pradesh),Gwalior_HrihrNgr_I (Madhya Pradesh),76.788,11,0.44,0.0,207.1,207.0,-0.1,4189.0,2704.0,1486.0,0.99,0.997,5812.0,4337.0,Carting,1475.0,50-150km,thin(<1.5/d)
IND174103AAA -> IND160002AAC,Baddi_ByePass_D (Himachal Pradesh),Chandigarh_Mehmdpur_H (Punjab),77.226,6,0.24,0.001,178.6,167.4,-11.2,4199.0,2717.0,1482.0,0.992,0.994,5810.0,4323.0,Carting,1487.0,50-150km,thin(<1.5/d)
IND301001AAB -> IND321606AAA,Alwar_Central_I_1 (Rajasthan),Kherli_GodamDPP_D (Rajasthan),77.252,3,0.12,0.003,148.9,157.6,8.7,4200.0,2718.0,1482.0,0.99,0.994,5798.0,4328.0,Carting,1471.0,50-150km,thin(<1.5/d)
IND473331AAA -> IND473226AAA,Ashokngr_Bypassrd_D (Madhya Pradesh),Guna_Raghogrh_D (Madhya Pradesh),77.336,16,0.64,0.0,346.2,352.9,6.8,4201.0,2720.0,1481.0,0.969,0.98,5887.0,4427.0,Carting,1460.0,50-150km,thin(<1.5/d)
IND509103AAC -> IND518002AAA,,Kurnool_AbbasNgr_I (Andhra Pradesh),77.458,6,0.24,0.0,178.0,188.3,10.3,4204.0,2724.0,1480.0,0.982,0.996,5796.0,4343.0,Carting,1453.0,50-150km,thin(<1.5/d)
IND523316AAB -> IND522647AAA,Markapur_VidyaNgr_D (Andhra Pradesh),Vinukonda_Kothapet_D (Andhra Pradesh),77.517,14,0.56,0.001,108.7,116.1,7.4,4205.0,2726.0,1480.0,0.99,0.994,5769.0,4299.0,Carting,1470.0,50-150km,thin(<1.5/d)
IND184104AAA -> IND181152AAA,Kathua_BOB_D (Jammu & Kashmir),Jammu_TrnptNgr_L (Jammu & Kashmir),77.643,3,0.12,0.001,144.0,145.2,1.2,4208.0,2729.0,1479.0,0.991,0.994,5796.0,4323.0,Carting,1473.0,50-150km,thin(<1.5/d)
IND000000ACB -> IND121002AAB,Gurgaon_Bilaspur_HB (Haryana),Faridabad_Mthurard_L (Haryana),77.759,57,2.28,0.191,130.2,125.0,-5.2,4211.0,2733.0,1478.0,0.99,0.978,6632.0,5121.0,Carting,1510.0,50-150km,medium(1.5-4/d)
IND507303AAA -> IND507002AAA,Sathupally_VidyaNGR_D (Telangana),Khammam_NSTRoad_I (Telangana),77.759,18,0.72,0.001,142.2,157.0,14.8,4211.0,2733.0,1478.0,0.995,0.997,5802.0,4337.0,Carting,1465.0,50-150km,thin(<1.5/d)
IND581325AAA -> IND580028AAA,Dandeli_RKComplx_D (Karnataka),Hubli_Adargchi_IP (Karnataka),77.765,14,0.56,0.001,195.1,161.4,-33.7,4211.0,2733.0,1478.0,0.995,0.996,5837.0,4338.0,Carting,1499.0,50-150km,thin(<1.5/d)
IND321606AAA -> IND301001AAB,Kherli_GodamDPP_D (Rajasthan),Alwar_Central_I_1 (Rajasthan),77.839,6,0.24,0.0,231.1,214.3,-16.8,4212.0,2735.0,1477.0,0.982,0.988,5840.0,4360.0,Carting,1480.0,50-150km,thin(<1.5/d)
IND000000ACB -> IND121004AAB,Gurgaon_Bilaspur_HB (Haryana),FBD_Balabhgarh_DPC (Haryana),77.921,31,1.24,0.191,128.2,123.1,-5.1,4214.0,2738.0,1477.0,0.99,0.978,6634.0,5125.0,Carting,1509.0,50-150km,thin(<1.5/d)
IND523002AAA -> IND523230AAA,Ongole_SubhVRTL_I (Andhra Pradesh),Kanigiri_Tiglgndi_D (Andhra Pradesh),77.988,21,0.84,0.011,129.6,143.8,14.2,4216.0,2740.0,1476.0,0.996,0.997,5845.0,4380.0,Carting,1465.0,50-150km,thin(<1.5/d)
IND176048AAA -> IND175015AAA,Jahu_Sulgwan_D (Himachal Pradesh),JognderNgr_Dhelu_D (Himachal Pradesh),78.585,11,0.44,0.0,284.8,300.9,16.1,4229.0,2758.0,1471.0,0.953,0.984,5850.0,4435.0,Carting,1414.0,50-150km,thin(<1.5/d)
IND221010AAB -> IND233001AAA,Varanasi_MahmurGj_IP (Uttar Pradesh),Ghazipur_Kaithwal_D (Uttar Pradesh),78.735,3,0.12,0.0,224.1,197.7,-26.4,4232.0,2762.0,1470.0,0.934,0.959,5782.0,4333.0,Carting,1449.0,50-150km,thin(<1.5/d)
IND814112AAA -> IND814133AAB,Deoghar_Barmasia_D (Jharkhand),Godda_Central_D_2 (Jharkhand),78.851,7,0.28,0.001,98.1,98.2,0.2,4235.0,2766.0,1469.0,0.989,0.994,5789.0,4327.0,Carting,1462.0,50-150km,thin(<1.5/d)
IND563131AAB -> IND560300AAA,Bangarapet_KolarRd_D (Karnataka),Bengaluru_KGAirprt_HB (Karnataka),78.857,3,0.12,0.001,159.8,171.7,11.9,4235.0,2766.0,1469.0,0.966,0.976,5796.0,4349.0,Carting,1447.0,50-150km,thin(<1.5/d)
IND424006AAA -> IND423106AAA,Dhule_MIDCAvdn_I (Maharashtra),Manmad_Malegaon_D (Maharashtra),78.87,5,0.2,0.003,122.0,123.3,1.3,4235.0,2766.0,1469.0,0.99,0.993,5815.0,4353.0,Carting,1462.0,50-150km,thin(<1.5/d)
IND396001AAA -> IND395023AAD,Valsad_DC (Gujarat),Surat_Central_I_4 (Gujarat),79.076,5,0.2,0.0,153.8,138.0,-15.8,4240.0,2772.0,1467.0,0.959,0.967,5781.0,4316.0,Carting,1465.0,50-150km,thin(<1.5/d)
IND503111AAC -> IND503185AAA,Kamareddy_Devenply_I (Telangana),Bodhan_SuryaDPP_D (Telangana),79.439,20,0.8,0.004,104.4,106.6,2.3,4248.0,2783.0,1464.0,0.971,0.981,5791.0,4343.0,Carting,1448.0,50-150km,thin(<1.5/d)
IND360530AAB -> IND362001AAA,Jamjodhpur_Court_D (Gujarat),Junagadh_DPC (Gujarat),79.482,15,0.6,0.0,222.9,157.4,-65.5,4249.0,2784.0,1464.0,0.98,0.983,5868.0,4365.0,Carting,1503.0,50-150km,thin(<1.5/d)
IND142001AAB -> IND152026AAA,Moga_DPC (Punjab),Muktsar_DPC (Punjab),79.545,29,1.16,0.0,123.2,113.6,-9.6,4250.0,2786.0,1464.0,0.984,0.982,5808.0,4335.0,Carting,1474.0,50-150km,thin(<1.5/d)
IND683511AAA -> IND680104AAA,Aluva_Peedika_H (Kerala),Guruvayoor_ManhrBld_D (Kerala),79.792,16,0.64,0.021,141.5,127.2,-14.3,4255.0,2794.0,1462.0,0.918,0.913,5812.0,4333.0,Carting,1479.0,50-150km,thin(<1.5/d)
IND712311AAA -> IND743235AAA,Kolkata_Dankuni_HB (West Bengal),Bongaon_SukntDPP_D (West Bengal),79.817,5,0.2,0.09,139.7,148.7,9.0,4256.0,2795.0,1461.0,0.996,0.993,6248.0,4786.0,Carting,1462.0,50-150km,thin(<1.5/d)
IND421802AAA -> IND411033AAA,Khandala_Satara_D (Maharashtra),Pune_Tathawde_H (Maharashtra),80.041,7,0.28,0.0,172.2,160.2,-12.0,4261.0,2801.0,1460.0,0.982,0.989,5850.0,4393.0,Carting,1457.0,50-150km,thin(<1.5/d)
IND382430AAB -> IND388320AAA,Ahmedabad_East_H_1 (Gujarat),Anand_Vaghasi_IP (Gujarat),80.109,9,0.36,0.039,142.6,136.5,-6.1,4262.0,2803.0,1459.0,0.879,0.876,5832.0,4364.0,Carting,1468.0,50-150km,thin(<1.5/d)
IND303503AAA -> IND302014AAB,Lalsot_NWclyDPP_D (Rajasthan),Jaipur_Central_I_7 (Rajasthan),80.159,11,0.44,0.0,117.0,94.6,-22.4,4264.0,2805.0,1459.0,0.943,0.966,5756.0,4317.0,Carting,1440.0,50-150km,thin(<1.5/d)
IND638501AAB -> IND641062AAD,Anthiyour_TherSRT_D (Tamil Nadu),Coimbatore_Karayam_H (Tamil Nadu),80.193,14,0.56,0.0,157.7,103.8,-53.9,4264.0,2806.0,1458.0,0.926,0.929,5759.0,4269.0,Carting,1490.0,50-150km,thin(<1.5/d)
IND741201AAC -> IND712311AAA,Ranaghat_ArickDPP_D (West Bengal),Kolkata_Dankuni_HB (West Bengal),80.205,4,0.16,0.0,405.6,408.7,3.1,4265.0,2806.0,1458.0,0.923,0.971,5921.0,4538.0,Carting,1383.0,50-150km,thin(<1.5/d)
IND263153AAB -> IND244715AAA,Rudrapur_UdhamNgr_H (Uttarakhand),Ramnagar_BhwniGnj_D (Uttarakhand),80.269,16,0.64,0.007,177.6,184.1,6.5,4266.0,2808.0,1458.0,0.976,0.987,5881.0,4443.0,Carting,1438.0,50-150km,thin(<1.5/d)
IND815351AAA -> IND814101AAB,Jamtara_D (Jharkhand),Dumka_Dudhani_D (Jharkhand),80.286,12,0.48,0.001,145.5,157.4,11.9,4266.0,2809.0,1458.0,0.768,0.879,5518.0,4235.0,Carting,1283.0,50-150km,thin(<1.5/d)
IND683511AAA -> IND686028AAB,Aluva_Peedika_H (Kerala),Kottayam_Central_H_1 (Kerala),80.288,7,0.28,0.021,139.7,125.6,-14.1,4266.0,2809.0,1458.0,0.915,0.91,5817.0,4341.0,Carting,1476.0,50-150km,thin(<1.5/d)
IND781018AAB -> IND784125AAA,Guwahati_Hub (Assam),Mangaldoi_LNBRoad_D (Assam),80.41,4,0.16,0.044,118.1,110.2,-7.9,4269.0,2812.0,1457.0,0.878,0.627,5837.0,3949.0,Carting,1888.0,50-150km,thin(<1.5/d)
IND842003AAB -> IND483501AAA,Jabalpur_Adhartal_IP (Madhya Pradesh),Katni_Bargawan_DC (Madhya Pradesh),80.42,11,0.44,0.012,118.0,122.2,4.2,4269.0,2813.0,1457.0,0.993,0.995,5891.0,4439.0,Carting,1451.0,50-150km,thin(<1.5/d)
IND341505AAA -> IND341503AAB,Makrana_Mwalibad_D (Rajasthan),Degana_BhukrdPP_D (Rajasthan),80.509,12,0.48,0.002,134.6,102.6,-32.0,4271.0,2815.0,1456.0,0.955,0.918,5801.0,4267.0,Carting,1534.0,50-150km,thin(<1.5/d)
IND250002AAA -> IND131028AAB,Meerut (Uttar Pradesh),Sonipat_Kundli_H (Haryana),81.008,5,0.2,0.0,153.7,164.4,10.7,4282.0,2830.0,1452.0,0.985,0.992,5864.0,4429.0,Carting,1435.0,50-150km,thin(<1.5/d)
IND244412AAA -> IND244901AAB,Chandausi_Ganesh_D (Uttar Pradesh),Rampur_RoshnBgh_I (Uttar Pradesh),81.051,3,0.12,0.001,100.8,122.2,21.4,4283.0,2832.0,1452.0,0.954,0.972,5786.0,4377.0,Carting,1409.0,50-150km,thin(<1.5/d)
IND384205AAA -> IND383001AAA,Mehsana_Panchot_IP (Gujarat),Himmatnagar_DC (Gujarat),81.175,11,0.44,0.008,102.2,115.5,13.3,4286.0,2835.0,1451.0,0.995,0.997,5884.0,4445.0,Carting,1440.0,50-150km,thin(<1.5/d)
IND487551AAA -> IND464668AAA,Gadarwara_MPward_D (Madhya Pradesh),Bareli_SourvDPP_D (Madhya Pradesh),81.314,7,0.28,0.007,108.7,99.0,-9.6,4289.0,2839.0,1449.0,0.938,0.963,5797.0,4379.0,Carting,1418.0,50-150km,thin(<1.5/d)
IND384265AAB -> IND385320AAA,Patan_Central_D_2 (Gujarat),Bhabhar_TirupDPP_D (Gujarat),81.505,11,0.44,0.001,94.0,126.0,32.0,4293.0,2845.0,1448.0,0.971,0.977,5817.0,4400.0,Carting,1417.0,50-150km,thin(<1.5/d)
IND282002AAD -> IND281004AAA,,Mathura_DC (Uttar Pradesh),81.604,8,0.32,0.005,149.4,153.6,4.2,4295.0,2848.0,1447.0,0.962,0.979,5858.0,4439.0,Carting,1419.0,50-150km,thin(<1.5/d)
IND151506AAA -> IND151001AAA,Jhunir_BhaRDDPP_D (Punjab),Bhatinda_DPC (Punjab),81.847,18,0.72,0.001,169.8,194.0,24.2,4301.0,2855.0,1445.0,0.986,0.99,5896.0,4474.0,Carting,1422.0,50-150km,thin(<1.5/d)
IND285205AAB -> IND210431AAA,Konch_Central_D_2 (Uttar Pradesh),Rath_Mughlpra_D (Uttar Pradesh),82.244,5,0.2,0.002,130.8,118.0,-12.7,4309.0,2867.0,1442.0,0.965,0.975,5851.0,4416.0,Carting,1435.0,50-150km,thin(<1.5/d)
IND509358AAA -> IND508248AAB,Kadthal_GndhiDPP_D (Telangana),Devarakonda_DindiRD_D (Telangana),82.475,8,0.32,0.001,139.6,118.4,-21.1,4314.0,2874.0,1440.0,0.993,0.994,5902.0,4450.0,Carting,1452.0,50-150km,thin(<1.5/d)
IND712311AAA -> IND713103AAA,Kolkata_Dankuni_HB (West Bengal),Bardhaman_Bankura_D (West Bengal),82.564,6,0.24,0.09,144.6,155.8,11.2,4316.0,2877.0,1439.0,0.997,0.995,6315.0,4879.0,Carting,1436.0,50-150km,thin(<1.5/d)
IND333042AAA -> IND333031AAA,Nawalgarh_NavldiDPP_D (Rajasthan),Pilani (Rajasthan),82.643,13,0.52,0.0,162.5,196.0,33.6,4318.0,2879.0,1439.0,0.98,0.994,5896.0,4501.0,Carting,1395.0,50-150km,thin(<1.5/d)
IND516269AAA -> IND516390AAA,Rayachoti_Madnpali_D (Andhra Pradesh),Pulivendula_RTCStand_D (Andhra Pradesh),82.66,15,0.6,0.003,117.5,117.6,0.1,4319.0,2880.0,1439.0,0.991,0.995,5896.0,4463.0,Carting,1433.0,50-150km,thin(<1.5/d)
IND126116AAA -> IND131301AAA,,Gohana_DvlalDPP_D (Haryana),83.269,5,0.2,0.0,139.5,152.7,13.2,4332.0,2898.0,1434.0,0.967,0.992,5876.0,4489.0,Carting,1388.0,50-150km,thin(<1.5/d)
IND743347AAA -> IND700053AAA,Kakdwip_KlngrDPP_D (West Bengal),CCU_New Alipore_DPC (West Bengal),83.871,6,0.24,0.0,155.1,158.7,3.5,4345.0,2916.0,1429.0,0.977,0.987,5916.0,4505.0,Carting,1412.0,50-150km,thin(<1.5/d)
IND848210AAA -> IND842001AAA,Rusera_Wardno4_D (Bihar),Muzaffrpur_Bbganj_I (Bihar),83.918,3,0.12,0.001,154.4,184.3,30.0,4346.0,2918.0,1429.0,0.976,0.985,5918.0,4523.0,Carting,1395.0,50-150km,thin(<1.5/d)
IND505001AAB -> IND504208AAB,Karimnagar_KamnHbRD_I (Telangana),Mancherial_Hitech_D (Telangana),84.436,11,0.44,0.012,118.2,129.8,11.6,4358.0,2933.0,1425.0,0.962,0.972,5929.0,4528.0,Carting,1401.0,50-150km,thin(<1.5/d)
IND821115AAB -> IND802101AAA,Sasaram_Central_I_2 (Bihar),Buxar_Sarswati_D (Bihar),84.541,6,0.24,0.019,157.0,175.4,18.3,4360.0,2936.0,1424.0,0.994,0.994,6040.0,4629.0,Carting,1411.0,50-150km,thin(<1.5/d)
IND303702AAB -> IND332001AAB,Chomu_ShsmlDPP_D (Rajasthan),Sikar_FatehpRd_I (Rajasthan),84.541,4,0.16,0.0,117.7,128.5,10.8,4360.0,2936.0,1424.0,0.969,0.99,5892.0,4507.0,Carting,1385.0,50-150km,thin(<1.5/d)
IND842001AAA -> IND845401AAA,Muzaffrpur_Bbganj_I (Bihar),Motihari_RajaBzr_D (Bihar),84.669,4,0.16,0.025,128.0,133.1,5.1,4363.0,2940.0,1423.0,0.977,0.968,6021.0,4587.0,Carting,1434.0,50-150km,thin(<1.5/d)
IND577401AAA -> IND577201AAA,Sagara_Vardhard_D (Karnataka),Shimoga_DC (Karnataka),84.865,7,0.28,0.0,206.0,221.7,15.7,4367.0,2946.0,1421.0,0.66,0.922,5494.0,4477.0,Carting,1017.0,50-150km,thin(<1.5/d)
IND212601AAA -> IND210001AAA,Fatehpur_Kotwali_D (Uttar Pradesh),Banda_GayatriN_D (Uttar Pradesh),84.968,16,0.64,0.001,120.7,138.0,17.3,4369.0,2949.0,1420.0,0.949,0.973,5877.0,4504.0,Carting,1373.0,50-150km,thin(<1.5/d)
IND786181AAC -> IND786001AAB,Margherita_CivilHPL_D (Assam),Dibrugarh_Bokule_H (Assam),84.971,14,0.56,0.002,153.4,173.7,20.3,4369.0,2949.0,1420.0,0.97,0.98,5935.0,4544.0,Carting,1391.0,50-150km,thin(<1.5/d)
IND410401AAA -> IND421302AAG,Lonavala_NngrgnRd_D (Maharashtra),Bhiwandi_Mankoli_HB (Maharashtra),84.986,9,0.36,0.0,179.4,169.8,-9.6,4370.0,2950.0,1420.0,0.918,0.967,5867.0,4513.0,Carting,1354.0,50-150km,thin(<1.5/d)
IND144001AAB -> IND143001AAA,Jalandhar_DPC (Punjab),Amritsar_DPC (Punjab),85.199,17,0.68,0.004,132.7,135.8,3.1,4374.0,2956.0,1418.0,0.988,0.992,5961.0,4551.0,Carting,1411.0,50-150km,thin(<1.5/d)
IND802301AAA -> IND804401AAA,Arrah_Katira_D (Bihar),Arwal_Rozapar_D (Bihar),85.235,10,0.4,0.0,143.5,148.3,4.9,4375.0,2957.0,1418.0,0.897,0.981,5816.0,4527.0,Carting,1289.0,50-150km,thin(<1.5/d)
IND502313AAA -> IND503111AAC,Narsapur_Xroad_D (Telangana),Kamareddy_Devenply_I (Telangana),85.244,6,0.24,0.002,111.5,100.6,-11.0,4375.0,2957.0,1418.0,0.979,0.983,5925.0,4505.0,Carting,1419.0,50-150km,thin(<1.5/d)
IND277201AAA -> IND221706AAA,Bariya_BgnprDPP_D (Uttar Pradesh),Ratanpura_MubarDPP_D (Uttar Pradesh),85.253,7,0.28,0.001,150.6,153.3,2.7,4376.0,2958.0,1418.0,0.958,0.97,5916.0,4518.0,Carting,1398.0,50-150km,thin(<1.5/d)
IND829121AAA -> IND834002AAB,Peterbar_GagiDPP_D (Jharkhand),Ranchi_Hub (Jharkhand),85.346,11,0.44,0.001,249.3,290.6,41.4,4378.0,2960.0,1417.0,0.977,0.986,6013.0,4636.0,Carting,1376.0,50-150km,thin(<1.5/d)
IND000000ACA -> IND144514AAA,Ludhiana_MilrGanj_HB (Punjab),Nawanshahr_DC (Punjab),85.459,12,0.48,0.013,120.9,127.2,6.3,4380.0,2964.0,1416.0,0.956,0.955,5951.0,4536.0,Carting,1414.0,50-150km,thin(<1.5/d)
IND562117AAA -> IND562132AAA,Kanakapura_VaniThtr_D (Karnataka),Bangalore_Nelmngla_H (Karnataka),85.487,10,0.4,0.0,198.4,210.6,12.2,4381.0,2965.0,1416.0,0.78,0.926,5684.0,4495.0,Carting,1189.0,50-150km,thin(<1.5/d)
IND722122AAA -> IND713205AAB,Bishnupur_StnRdDPP_D (West Bengal),Durgapur_Central_I_1 (West Bengal),85.624,8,0.32,0.0,144.3,144.8,0.4,4384.0,2969.0,1415.0,0.918,0.951,5859.0,4494.0,Carting,1366.0,50-150km,thin(<1.5/d)
IND312403AAA -> IND312001AAA,BariSadri_BhmprDPP_D (Rajasthan),Chittaurgarh_DC (Rajasthan),85.631,9,0.36,0.001,215.9,268.0,52.1,4384.0,2969.0,1415.0,0.976,0.987,5996.0,4631.0,Carting,1364.0,50-150km,thin(<1.5/d)
IND504208AAB -> IND505001AAB,Mancherial_Hitech_D (Telangana),Karimnagar_KamnHbRD_I (Telangana),85.642,6,0.24,0.002,114.9,120.8,5.9,4384.0,2969.0,1415.0,0.97,0.978,5926.0,4527.0,Carting,1399.0,50-150km,thin(<1.5/d)
IND847223AAA -> IND842001AAA,Benipatti_WardNo1_D (Bihar),Muzaffrpur_Bbganj_I (Bihar),85.871,15,0.6,0.001,455.2,418.8,-36.3,4389.0,2976.0,1413.0,0.993,0.994,6187.0,4752.0,Carting,1435.0,50-150km,thin(<1.5/d)
IND143001AAA -> IND144001AAB,Amritsar_DPC (Punjab),Jalandhar_DPC (Punjab),85.884,19,0.76,0.0,150.9,157.5,6.6,4389.0,2977.0,1413.0,0.939,0.981,5899.0,4552.0,Carting,1347.0,50-150km,thin(<1.5/d)
IND461111AAA -> IND460001AAA,Itarsi_DivrsnRd_D (Madhya Pradesh),Betul_PatelWrd_D (Madhya Pradesh),86.032,20,0.8,0.001,96.9,98.2,1.4,4393.0,2981.0,1412.0,0.947,0.961,5883.0,4493.0,Carting,1390.0,50-150km,thin(<1.5/d)
IND403726AAA -> IND581303AAA,Goa_Hub (Goa),Karwar_Central_D_1 (Karnataka),86.255,13,0.52,0.012,168.9,191.9,23.0,4398.0,2988.0,1410.0,0.992,0.995,6051.0,4661.0,Carting,1390.0,50-150km,thin(<1.5/d)
IND802158AAB -> IND821115AAB,Jagdishpur_Wardno13_D (Bihar),Sasaram_Central_I_2 (Bihar),86.578,11,0.44,0.001,200.9,258.1,57.2,4405.0,2997.0,1407.0,0.976,0.986,6006.0,4652.0,Carting,1353.0,50-150km,thin(<1.5/d)
IND571426AAA -> IND571104AAA,Krishnarajpet_MuruPost_D (Karnataka),Koppa_BMRd_D (Karnataka),86.662,15,0.6,0.001,136.8,164.8,28.0,4407.0,3000.0,1407.0,0.955,0.974,5935.0,4576.0,Carting,1358.0,50-150km,thin(<1.5/d)
IND403726AAA -> IND416510AAA,Goa_Hub (Goa),Sawantwadi_LaxmiNgr_D (Maharashtra),87.151,4,0.16,0.012,172.0,195.4,23.4,4417.0,3015.0,1403.0,0.99,0.994,6071.0,4689.0,Carting,1382.0,50-150km,thin(<1.5/d)
IND486889AAA -> IND231205AAA,Singrauli_Ward8DPP_D (Madhya Pradesh),Chopan_PreetDPP_D (Uttar Pradesh),87.158,4,0.16,0.0,172.3,148.6,-23.6,4417.0,3015.0,1403.0,0.966,0.964,5981.0,4559.0,Carting,1422.0,50-150km,thin(<1.5/d)
IND460001AAA -> IND480334AAA,Betul_PatelWrd_D (Madhya Pradesh),Pandhurna_Mataward_D (Madhya Pradesh),87.274,21,0.84,0.001,125.0,136.8,11.8,4420.0,3018.0,1402.0,0.951,0.965,5934.0,4560.0,Carting,1374.0,50-150km,thin(<1.5/d)
IND454001AAA -> IND457001AAA,Dhar_Trimurti_D (Madhya Pradesh),Ratlam_Khjurwli_DC (Madhya Pradesh),87.475,17,0.68,0.0,186.1,192.6,6.5,4424.0,3024.0,1400.0,0.614,0.86,5470.0,4443.0,Carting,1027.0,50-150km,thin(<1.5/d)
IND303603AAB -> IND302014AAB,Renwal_ChomuRD_D (Rajasthan),Jaipur_Central_I_7 (Rajasthan),87.632,6,0.24,0.0,169.0,150.8,-18.2,4428.0,3029.0,1399.0,0.915,0.948,5914.0,4552.0,Carting,1362.0,50-150km,thin(<1.5/d)
IND000000ACB -> IND201001AAC,Gurgaon_Bilaspur_HB (Haryana),Ghaziabad_Central_L_8 (Uttar Pradesh),87.99,4,0.16,0.191,190.6,183.3,-7.3,4436.0,3040.0,1396.0,0.991,0.981,6899.0,5474.0,Carting,1425.0,50-150km,thin(<1.5/d)
IND273304AAA -> IND273014AAB,Nichlaul_Wardno13_D (Uttar Pradesh),Gorakhpur_Matriprm_IP (Uttar Pradesh),88.257,14,0.56,0.0,219.5,220.8,1.3,4442.0,3048.0,1394.0,0.961,0.981,6031.0,4668.0,Carting,1364.0,50-150km,thin(<1.5/d)
IND785682AAA -> IND786001AAB,Sivasagar_Babupaty_D (Assam),Dibrugarh_Bokule_H (Assam),88.278,10,0.4,0.008,123.7,131.3,7.5,4442.0,3048.0,1394.0,0.981,0.98,6029.0,4640.0,Carting,1389.0,50-150km,thin(<1.5/d)
IND305624AAA -> IND305404AAA,Bijainagar_Central_DPP_1 (Rajasthan),Kekri_LxmntDPP_D (Rajasthan),88.448,8,0.32,0.003,133.3,136.8,3.4,4446.0,3053.0,1392.0,0.973,0.985,6007.0,4635.0,Carting,1372.0,50-150km,thin(<1.5/d)
IND327001AAB -> IND312605AAB,Banswara_KhandDPP_D (Rajasthan),Pratapgarh_Nimachrd_D (Rajasthan),88.513,4,0.16,0.001,114.1,117.9,3.8,4447.0,3055.0,1392.0,0.946,0.976,5947.0,4604.0,Carting,1343.0,50-150km,thin(<1.5/d)
IND000000ACA -> IND160002AAC,Ludhiana_MilrGanj_HB (Punjab),Chandigarh_Mehmdpur_H (Punjab),88.797,71,2.84,0.013,123.8,126.8,3.1,4454.0,3064.0,1390.0,0.95,0.952,6016.0,4631.0,Carting,1385.0,50-150km,medium(1.5-4/d)
IND421302AAG -> IND410401AAA,Bhiwandi_Mankoli_HB (Maharashtra),Lonavala_NngrgnRd_D (Maharashtra),88.8,11,0.44,0.061,163.9,168.4,4.5,4454.0,3064.0,1390.0,0.996,0.995,6330.0,4942.0,Carting,1388.0,50-150km,thin(<1.5/d)
IND508207AAB -> IND507002AAA,Miryalguda_Ragvendr_D (Telangana),Khammam_NSTRoad_I (Telangana),88.868,5,0.2,0.006,138.3,144.6,6.3,4455.0,3066.0,1389.0,0.962,0.978,6014.0,4654.0,Carting,1360.0,50-150km,thin(<1.5/d)
IND814101AAB -> IND816107AAA,Dumka_Dudhani_D (Jharkhand),Pakur_Hatpada_D (Jharkhand),88.89,11,0.44,0.001,190.8,188.5,-2.3,4456.0,3067.0,1389.0,0.942,0.966,5999.0,4645.0,Carting,1354.0,50-150km,thin(<1.5/d)
IND415124AAA -> IND415605AAA,Karad_Mundhe_D (Maharashtra),Chiplun_LxmiNiws_D (Maharashtra),89.232,16,0.64,0.002,192.1,211.7,19.6,4463.0,3077.0,1386.0,0.314,0.417,5064.0,3847.0,Carting,1217.0,50-150km,thin(<1.5/d)
IND722151AAA -> IND723130AAA,Simlapal_Central_D_1 (West Bengal),Hura_Central_D_1 (West Bengal),89.352,8,0.32,0.0,518.6,493.9,-24.7,4466.0,3081.0,1385.0,0.937,0.984,6217.0,4886.0,Carting,1330.0,50-150km,thin(<1.5/d)
IND242221AAA -> IND207247AAB,Jalalabad_farukngr_D (Uttar Pradesh),Aliganj_KaimgnjRD_D (Uttar Pradesh),89.504,5,0.2,0.002,185.7,193.5,7.7,4469.0,3085.0,1384.0,0.93,0.964,5997.0,4670.0,Carting,1327.0,50-150km,thin(<1.5/d)
IND126112AAA -> IND131028AAB,Safidon_HatRDDPP_D (Haryana),Sonipat_Kundli_H (Haryana),89.514,16,0.64,0.0,189.2,191.6,2.4,4469.0,3085.0,1384.0,0.732,0.917,5694.0,4589.0,Carting,1105.0,50-150km,thin(<1.5/d)
IND160002AAC -> IND000000ACA,Chandigarh_Mehmdpur_H (Punjab),Ludhiana_MilrGanj_HB (Punjab),89.611,28,1.12,0.053,143.0,123.1,-19.9,4471.0,3088.0,1383.0,0.983,0.95,6275.0,4820.0,Carting,1455.0,50-150km,thin(<1.5/d)
IND244901AAB -> IND244221AAA,Rampur_RoshnBgh_I (Uttar Pradesh),Amroha_SamitiRd_D (Uttar Pradesh),89.691,20,0.8,0.014,168.0,217.7,49.7,4473.0,3091.0,1382.0,0.438,0.694,5270.0,4320.0,Carting,950.0,50-150km,thin(<1.5/d)
IND311001AAA -> IND313324AAA,Bhilwara_DC (Rajasthan),Rajsamand_kankroli_D (Rajasthan),89.739,5,0.2,0.002,115.0,108.6,-6.4,4474.0,3092.0,1382.0,0.891,0.945,5895.0,4591.0,Carting,1304.0,50-150km,thin(<1.5/d)
IND524201AAA -> IND523002AAA,Kavali_Kacheri_D (Andhra Pradesh),Ongole_SubhVRTL_I (Andhra Pradesh),89.895,18,0.72,0.001,173.4,179.3,5.9,4478.0,3097.0,1381.0,0.647,0.753,5567.0,4349.0,Carting,1218.0,50-150km,thin(<1.5/d)
IND814133AAB -> IND816109AAA,Godda_Central_D_2 (Jharkhand),Sahebganj_BaraLoha_D (Jharkhand),90.015,13,0.52,0.001,136.3,139.5,3.2,4480.0,3100.0,1380.0,0.886,0.928,5903.0,4589.0,Carting,1314.0,50-150km,thin(<1.5/d)
IND516115AAA -> IND517501AAB,Rajampet_RSRoad_D (Andhra Pradesh),Tirupati_Balajicly_I (Andhra Pradesh),90.146,17,0.68,0.0,162.3,140.9,-21.4,4483.0,3104.0,1379.0,0.964,0.984,6038.0,4675.0,Carting,1363.0,50-150km,thin(<1.5/d)
IND712311AAA -> IND713145AAB,Kolkata_Dankuni_HB (West Bengal),Manteswar_MemariRD_D (West Bengal),90.912,3,0.12,0.09,165.6,189.1,23.5,4500.0,3127.0,1373.0,0.993,0.99,6504.0,5141.0,Carting,1363.0,50-150km,thin(<1.5/d)
IND680587AAA -> IND683511AAA,Pazhayannur_AlathurRD_D (Kerala),Aluva_Peedika_H (Kerala),91.677,4,0.16,0.001,191.2,207.2,16.0,4517.0,3150.0,1367.0,0.889,0.944,5983.0,4709.0,Carting,1274.0,50-150km,thin(<1.5/d)
IND247554AAA -> IND248001AAA,Deoband_Ramvlg_D (Uttar Pradesh),Dehradun (Uttarakhand),91.685,12,0.48,0.0,213.4,213.2,-0.1,4517.0,3151.0,1367.0,0.495,0.622,5403.0,4227.0,Carting,1177.0,50-150km,thin(<1.5/d)
IND383315AAC -> IND383255AAB,Modasa_Central_D_1 (Gujarat),Khedbrahma_Patelfli_D (Gujarat),92.041,12,0.48,0.001,147.8,180.3,32.5,4525.0,3161.0,1364.0,0.751,0.849,5752.0,4558.0,Carting,1195.0,50-150km,thin(<1.5/d)
IND000000ACB -> IND201301AAM,Gurgaon_Bilaspur_HB (Haryana),Noida_Sector63_L (Uttar Pradesh),92.044,39,1.56,0.191,173.1,173.3,0.2,4525.0,3161.0,1364.0,0.983,0.966,6959.0,5554.0,Carting,1405.0,50-150km,medium(1.5-4/d)
IND202001AAB -> IND282002AAD,Aligarh_KhirByps_I (Uttar Pradesh),,92.15,10,0.4,0.004,142.2,155.4,13.2,4527.0,3164.0,1363.0,0.986,0.992,6117.0,4772.0,Carting,1346.0,50-150km,thin(<1.5/d)
IND385535AAA -> IND384205AAA,Deesa_HawaiPlr_DC (Gujarat),Mehsana_Panchot_IP (Gujarat),92.186,17,0.68,0.0,130.0,125.0,-5.0,4528.0,3166.0,1363.0,0.787,0.871,5796.0,4557.0,Carting,1239.0,50-150km,thin(<1.5/d)
IND262802AAA -> IND262723AAB,Gola_BkgnRoad_D (Uttar Pradesh),Dhaurahara_TahsilRD_D (Uttar Pradesh),92.452,21,0.84,0.0,151.7,145.6,-6.0,4534.0,3174.0,1360.0,0.945,0.935,6053.0,4673.0,Carting,1380.0,50-150km,thin(<1.5/d)
IND585104AAA -> IND586128AAA,Gulbarga_Nehrugnj_I (Karnataka),Sindagi_KalyanNg_D (Karnataka),92.522,15,0.6,0.006,127.3,139.8,12.5,4535.0,3176.0,1360.0,0.988,0.993,6130.0,4787.0,Carting,1344.0,50-150km,thin(<1.5/d)
IND244001AAA -> IND263153AAB,Moradabad_DC (Uttar Pradesh),Rudrapur_UdhamNgr_H (Uttarakhand),92.531,16,0.64,0.004,143.8,159.4,15.6,4536.0,3176.0,1360.0,0.976,0.987,6111.0,4779.0,Carting,1332.0,50-150km,thin(<1.5/d)
IND124141AAA -> IND000000ACB,ChrkhiDdri_PuranDPP_D (Haryana),Gurgaon_Bilaspur_HB (Haryana),92.627,10,0.4,0.001,177.9,187.3,9.4,4538.0,3179.0,1359.0,0.921,0.951,6043.0,4736.0,Carting,1307.0,50-150km,thin(<1.5/d)
IND533401AAA -> IND533106AAA,Tuni_Eaglvari_D (Andhra Pradesh),Rajamundry_AtoNgrRd_I (Andhra Pradesh),92.659,17,0.68,0.0,161.1,171.2,10.1,4538.0,3180.0,1359.0,0.924,0.98,6032.0,4764.0,Carting,1268.0,50-150km,thin(<1.5/d)
IND281401AAA -> IND121004AAB,Chhata_GvrdnDPP_D (Uttar Pradesh),FBD_Balabhgarh_DPC (Haryana),92.892,3,0.12,0.0,159.6,168.9,9.3,4544.0,3187.0,1357.0,0.808,0.936,5862.0,4704.0,Carting,1158.0,50-150km,thin(<1.5/d)
IND741165AAB -> IND742121AAB,Nazirpur_Central_D_1 (West Bengal),Nowda_ArhamDPP_D (West Bengal),92.948,15,0.6,0.0,211.0,196.6,-14.4,4545.0,3188.0,1356.0,0.847,0.886,5958.0,4649.0,Carting,1309.0,50-150km,thin(<1.5/d)
IND246424AAA -> IND246174AAA,Chamoli_CGRoad_D (Uttarakhand),SrinagarUK_Srikot_D (Uttarakhand),92.95,16,0.64,0.0,352.0,321.1,-30.9,4545.0,3188.0,1356.0,0.906,0.963,6139.0,4846.0,Carting,1292.0,50-150km,thin(<1.5/d)
IND580028AAA -> IND581402AAA,Hubli_Adargchi_IP (Karnataka),Sirsi_Vidygiri_D (Karnataka),93.058,15,0.6,0.014,169.8,161.8,-8.0,4547.0,3192.0,1356.0,0.989,0.987,6208.0,4844.0,Carting,1364.0,50-150km,thin(<1.5/d)
IND586128AAA -> IND585104AAA,Sindagi_KalyanNg_D (Karnataka),Gulbarga_Nehrugnj_I (Karnataka),93.148,4,0.16,0.001,169.8,157.4,-12.5,4549.0,3194.0,1355.0,0.971,0.98,6123.0,4773.0,Carting,1350.0,50-150km,thin(<1.5/d)
IND174101AAB -> IND160002AAC,Nalagarh_Central_DPP_2 (Himachal Pradesh),Chandigarh_Mehmdpur_H (Punjab),93.295,11,0.44,0.0,187.3,190.6,3.3,4552.0,3199.0,1354.0,0.91,0.971,6042.0,4782.0,Carting,1260.0,50-150km,thin(<1.5/d)
IND670643AAA -> IND673632AAA,Kuthuparamba_IdstrlAr_D (Kerala),Kozhikode_Central_H_4 (Kerala),93.509,5,0.2,0.002,149.3,153.9,4.6,4557.0,3205.0,1352.0,0.957,0.966,6099.0,4764.0,Carting,1336.0,50-150km,thin(<1.5/d)
IND842003AAB -> IND480886AAA,Jabalpur_Adhartal_IP (Madhya Pradesh),Lakhnadon_Central_DPP_1 (Madhya Pradesh),93.535,8,0.32,0.012,137.7,143.2,5.5,4558.0,3206.0,1352.0,0.991,0.992,6190.0,4843.0,Carting,1347.0,50-150km,thin(<1.5/d)
IND243503AAB -> IND244901AAB,Faridpur_ShjnprRD_D (Uttar Pradesh),Rampur_RoshnBgh_I (Uttar Pradesh),93.749,11,0.44,0.0,179.9,161.2,-18.7,4562.0,3212.0,1350.0,0.923,0.934,6068.0,4723.0,Carting,1345.0,50-150km,thin(<1.5/d)
IND842003AAB -> IND487001AAB,Jabalpur_Adhartal_IP (Madhya Pradesh),Narsinghpur_KndliDPP_D (Madhya Pradesh),93.791,5,0.2,0.012,163.6,170.1,6.5,4563.0,3214.0,1350.0,0.991,0.992,6213.0,4869.0,Carting,1344.0,50-150km,thin(<1.5/d)
IND203135AAA -> IND203390AAA,Jewar_SJRoad_D (Uttar Pradesh),Anupshahar_DcntCLY_D (Uttar Pradesh),94.051,4,0.16,0.0,236.2,220.5,-15.8,4569.0,3222.0,1348.0,0.986,0.992,6206.0,4856.0,Carting,1350.0,50-150km,thin(<1.5/d)
IND521333AAA -> IND521225AAB,Kaikaluru_Atapaka_D (Andhra Pradesh),Vijayawada_Rynapadu_H (Andhra Pradesh),94.275,14,0.56,0.0,193.5,197.1,3.7,4574.0,3228.0,1346.0,0.987,0.995,6183.0,4852.0,Carting,1331.0,50-150km,thin(<1.5/d)
IND533106AAA -> IND533242AAA,Rajamundry_AtoNgrRd_I (Andhra Pradesh),Razole_Shanthi_D (Andhra Pradesh),94.486,4,0.16,0.026,188.8,200.0,11.2,4579.0,3235.0,1344.0,0.993,0.992,6312.0,4974.0,Carting,1338.0,50-150km,thin(<1.5/d)
IND382430AAB -> IND384205AAA,Ahmedabad_East_H_1 (Gujarat),Mehsana_Panchot_IP (Gujarat),95.137,20,0.8,0.039,163.2,156.7,-6.6,4593.0,3254.0,1339.0,0.975,0.967,6337.0,4980.0,Carting,1357.0,50-150km,thin(<1.5/d)
IND263153AAB -> IND263002AAA,Rudrapur_UdhamNgr_H (Uttarakhand),Nainital_Sookhtal_D (Uttarakhand),95.388,13,0.52,0.007,193.3,201.3,8.0,4599.0,3262.0,1337.0,0.971,0.981,6216.0,4899.0,Carting,1317.0,50-150km,thin(<1.5/d)
IND402301AAA -> IND402107AAA,Mahad_Govndsgr_D (Maharashtra),Pen_BljiMrkt_D (Maharashtra),95.87,13,0.52,0.0,210.9,187.0,-23.9,4609.0,3276.0,1333.0,0.98,0.994,6220.0,4891.0,Carting,1329.0,50-150km,thin(<1.5/d)
IND742101AAC -> IND713130AAA,Baharampur_Chuanpur_I (West Bengal),Katwa_BSarani_D (West Bengal),96.012,3,0.12,0.009,189.3,201.2,11.8,4612.0,3280.0,1332.0,0.976,0.981,6242.0,4925.0,Carting,1316.0,50-150km,thin(<1.5/d)
IND201301AAM -> IND000000ACB,Noida_Sector63_L (Uttar Pradesh),Gurgaon_Bilaspur_HB (Haryana),96.131,27,1.08,0.0,208.4,203.8,-4.6,4615.0,3284.0,1331.0,0.985,0.995,6231.0,4913.0,Carting,1318.0,50-150km,thin(<1.5/d)
IND344022AAB -> IND344001AAA,Balotra_BsnoiHPL_D (Rajasthan),Barmer_Nehru3PL_D (Rajasthan),96.231,9,0.36,0.002,102.8,94.5,-8.3,4617.0,3287.0,1330.0,0.837,0.91,5947.0,4722.0,Carting,1226.0,50-150km,thin(<1.5/d)
IND742102AAB -> IND713130AAA,Berhampore_Central_I_2 (West Bengal),Katwa_BSarani_D (West Bengal),96.541,13,0.52,0.006,191.8,205.3,13.5,4624.0,3296.0,1328.0,0.974,0.986,6239.0,4938.0,Carting,1301.0,50-150km,thin(<1.5/d)
IND209304AAA -> IND212601AAA,Kanpur_Central_H_6 (Uttar Pradesh),Fatehpur_Kotwali_D (Uttar Pradesh),96.668,16,0.64,0.039,129.2,122.9,-6.3,4627.0,3300.0,1327.0,0.795,0.286,6045.0,3861.0,Carting,2184.0,50-150km,thin(<1.5/d)
IND444602AAA -> IND444005AAB,Amravati_DC (Maharashtra),Akola_Gaurkshn_I (Maharashtra),96.842,21,0.84,0.0,181.4,184.6,3.2,4631.0,3305.0,1325.0,0.927,0.977,6143.0,4894.0,Carting,1249.0,50-150km,thin(<1.5/d)
IND450331AAA -> IND452001AAC,Burhanpur_StRoad_D (Madhya Pradesh),Jalgaon_DC (Maharashtra),96.877,13,0.52,0.0,170.2,144.7,-25.5,4631.0,3306.0,1325.0,0.973,0.973,6204.0,4862.0,Carting,1343.0,50-150km,thin(<1.5/d)
IND303303AAA -> IND322230AAA,Dausa_IndraCln_D (Rajasthan),Hindaun_MndwrRod_D (Rajasthan),96.971,16,0.64,0.0,143.2,123.6,-19.6,4633.0,3309.0,1324.0,0.835,0.896,5981.0,4735.0,Carting,1246.0,50-150km,thin(<1.5/d)
IND462022AAA -> IND465669AAB,Bhopal_Trnsport_H (Madhya Pradesh),Narsinghgarh_Central_D_1 (Madhya Pradesh),97.116,10,0.4,0.033,137.7,136.8,-0.9,4637.0,3313.0,1323.0,0.968,0.933,6323.0,4942.0,Carting,1381.0,50-150km,thin(<1.5/d)
IND471001AAA -> IND472001AAA,Chhatarpur_Busstand_D (Madhya Pradesh),Tikamgarh_MndiRoad_D (Madhya Pradesh),97.165,9,0.36,0.001,147.7,133.0,-14.7,4638.0,3315.0,1323.0,0.987,0.989,6222.0,4892.0,Carting,1330.0,50-150km,thin(<1.5/d)
IND244412AAA -> IND243301AAB,Chandausi_Ganesh_D (Uttar Pradesh),Aonla_KdidmCLY_D (Uttar Pradesh),97.262,10,0.4,0.001,115.9,136.0,20.1,4640.0,3318.0,1322.0,0.492,0.634,5458.0,4363.0,Carting,1095.0,50-150km,thin(<1.5/d)
IND841424AAA -> IND841428AAA,Chhapra_Prbhunth_D (Bihar),Gopalganj_GopalDPP_D (Bihar),97.312,6,0.24,0.0,173.6,175.6,2.0,4641.0,3319.0,1322.0,0.931,0.98,6154.0,4906.0,Carting,1248.0,50-150km,thin(<1.5/d)
IND341001AAC -> IND341303AAA,Nagaur_KisanCo_D (Rajasthan),Didwana_KatlaDPP_D (Rajasthan),97.939,7,0.28,0.005,190.5,179.3,-11.1,4655.0,3338.0,1316.0,0.986,0.987,6284.0,4962.0,Carting,1322.0,50-150km,thin(<1.5/d)
IND842001AAA -> IND847212AAA,Muzaffrpur_Bbganj_I (Bihar),Madhubani_Bardivan_D (Bihar),98.315,22,0.88,0.025,154.9,158.2,3.3,4663.0,3349.0,1313.0,0.965,0.938,6321.0,4965.0,Carting,1356.0,50-150km,thin(<1.5/d)
IND743270AAA -> IND712311AAA,Helencha_ColnyDPP_D (West Bengal),Kolkata_Dankuni_HB (West Bengal),98.56,5,0.2,0.0,498.9,491.1,-7.8,4668.0,3357.0,1312.0,0.903,0.922,6357.0,5070.0,Carting,1287.0,50-150km,thin(<1.5/d)
IND524101AAB -> IND517501AAB,Gudur_Bngisheb_D (Andhra Pradesh),Tirupati_Balajicly_I (Andhra Pradesh),98.977,16,0.64,0.0,189.4,160.8,-28.6,4677.0,3369.0,1308.0,0.986,0.992,6283.0,4964.0,Carting,1319.0,50-150km,thin(<1.5/d)
IND390022AAA -> IND382430AAB,Vadodara_Karelibaug_DPC (Gujarat),Ahmedabad_East_H_1 (Gujarat),99.406,8,0.32,0.006,121.8,128.3,6.5,4687.0,3382.0,1305.0,0.978,0.986,6264.0,4975.0,Carting,1289.0,50-150km,thin(<1.5/d)
IND516390AAA -> IND515004AAA,Pulivendula_RTCStand_D (Andhra Pradesh),Anantapur_KamaStrt_I (Andhra Pradesh),99.591,15,0.6,0.003,116.4,121.2,4.7,4691.0,3388.0,1303.0,0.974,0.982,6242.0,4954.0,Carting,1289.0,50-150km,thin(<1.5/d)
IND160002AAC -> IND173212AAA,Chandigarh_Mehmdpur_H (Punjab),Solan_MohanPrk_D (Himachal Pradesh),99.599,18,0.72,0.053,171.2,144.0,-27.2,4691.0,3388.0,1303.0,0.992,0.965,6529.0,5159.0,Carting,1370.0,50-150km,thin(<1.5/d)
IND591302AAB -> IND580028AAA,Khanapur_StatinRD_D (Karnataka),Hubli_Adargchi_IP (Karnataka),100.195,8,0.32,0.0,211.0,186.6,-24.4,4704.0,3406.0,1298.0,0.981,0.986,6318.0,5011.0,Carting,1307.0,50-150km,thin(<1.5/d)
IND721212AAA -> IND712310AAE,Ghatal_KrshDPP_D (West Bengal),Kolkata_North_I_4 (West Bengal),100.271,10,0.4,0.0,180.2,183.3,3.0,4706.0,3408.0,1298.0,0.92,0.976,6206.0,4995.0,Carting,1212.0,50-150km,thin(<1.5/d)
IND518002AAA -> IND584101AAA,Kurnool_AbbasNgr_I (Andhra Pradesh),Raichur_LSRoad_DC (Karnataka),100.684,14,0.56,0.015,173.2,175.6,2.4,4715.0,3421.0,1295.0,0.985,0.985,6375.0,5082.0,Carting,1293.0,50-150km,thin(<1.5/d)
IND721501AAC -> IND721253AAC,AmaDubi_Bulabeda_D (West Bengal),ChandroknaRD_Central_DPP_3 (West Bengal),100.691,6,0.24,0.0,207.5,245.3,37.8,4715.0,3421.0,1294.0,0.956,0.989,6288.0,5067.0,Carting,1221.0,50-150km,thin(<1.5/d)
IND244901AAB -> IND244301AAA,Rampur_RoshnBgh_I (Uttar Pradesh),Sambhal_Khwssrai_D (Uttar Pradesh),100.74,10,0.4,0.014,166.3,222.6,56.3,4716.0,3422.0,1294.0,0.381,0.581,5422.0,4478.0,Carting,943.0,50-150km,thin(<1.5/d)
IND783348AAA -> IND783129AAA,Bilasipara_Wardno5_D (Assam),Lakhipur_WrdN4DPP_D (Assam),101.538,10,0.4,0.004,176.2,167.7,-8.6,4734.0,3446.0,1288.0,0.997,0.997,6363.0,5070.0,Carting,1293.0,50-150km,thin(<1.5/d)
IND842001AAA -> IND845418AAB,Muzaffrpur_Bbganj_I (Bihar),Dhaka_PchpkrRD_D (Bihar),101.556,12,0.48,0.025,167.8,170.0,2.1,4734.0,3447.0,1288.0,0.979,0.96,6424.0,5106.0,Carting,1318.0,50-150km,thin(<1.5/d)
IND160002AAC -> IND147105AAA,Chandigarh_Mehmdpur_H (Punjab),Patran_MheshNGR_D (Punjab),102.25,3,0.12,0.053,165.3,139.0,-26.3,4750.0,3468.0,1282.0,0.997,0.983,6591.0,5268.0,Carting,1323.0,50-150km,thin(<1.5/d)
IND606201AAC -> IND605601AAA,Chinnasalem_VkotRoad_D (Tamil Nadu),Villupuram_Thirumtr_IP (Tamil Nadu),102.441,15,0.6,0.002,158.9,151.0,-7.9,4754.0,3473.0,1280.0,0.992,0.992,6354.0,5069.0,Carting,1285.0,50-150km,thin(<1.5/d)
IND383255AAB -> IND384205AAA,Khedbrahma_Patelfli_D (Gujarat),Mehsana_Panchot_IP (Gujarat),102.694,9,0.36,0.0,172.8,183.9,11.1,4759.0,3481.0,1278.0,0.856,0.948,6159.0,5026.0,Carting,1133.0,50-150km,thin(<1.5/d)
IND342005AAD -> IND342902AAA,Jodhpur_Basni_I (Rajasthan),Gotan_DKLogDPP_D (Rajasthan),102.704,5,0.2,0.005,116.9,113.7,-3.2,4759.0,3481.0,1278.0,0.982,0.986,6334.0,5060.0,Carting,1275.0,50-150km,thin(<1.5/d)
IND284001AAA -> IND284403AAA,Jhansi_LVMColge_D (Uttar Pradesh),Lalitpur_RjghatRd_D (Uttar Pradesh),102.753,6,0.24,0.0,177.9,180.9,3.0,4761.0,3483.0,1278.0,0.974,0.991,6340.0,5090.0,Carting,1250.0,50-150km,thin(<1.5/d)
IND580028AAA -> IND590016AAA,Hubli_Adargchi_IP (Karnataka),Belgaum_Dc (Karnataka),102.788,13,0.52,0.014,170.9,157.7,-13.2,4761.0,3484.0,1278.0,0.992,0.991,6427.0,5139.0,Carting,1288.0,50-150km,thin(<1.5/d)
IND203390AAA -> IND201301AAF,Anupshahar_DcntCLY_D (Uttar Pradesh),Noida_Sec 02_DPC (Uttar Pradesh),103.098,20,0.8,0.0,218.5,177.5,-40.9,4768.0,3493.0,1275.0,0.988,0.989,6395.0,5095.0,Carting,1300.0,50-150km,thin(<1.5/d)
IND466116AAA -> IND462022AAA,Ashta_ShantiNg_D (Madhya Pradesh),Bhopal_Trnsport_H (Madhya Pradesh),103.422,13,0.52,0.0,200.6,178.5,-22.0,4775.0,3503.0,1273.0,0.987,0.991,6392.0,5109.0,Carting,1282.0,50-150km,thin(<1.5/d)
IND441912AAA -> IND441107AAB,Bhandara_KaremDPP_D (Maharashtra),Savner_Wagodha_D (Maharashtra),103.676,11,0.44,0.0,168.7,166.7,-2.0,4781.0,3510.0,1271.0,0.985,0.997,6371.0,5116.0,Carting,1254.0,50-150km,thin(<1.5/d)
IND362001AAA -> IND360575AAA,Junagadh_DPC (Gujarat),Porbandar_DC (Gujarat),103.722,11,0.44,0.0,183.2,157.8,-25.4,4782.0,3512.0,1270.0,0.997,0.997,6400.0,5113.0,Carting,1287.0,50-150km,thin(<1.5/d)
IND515801AAA -> IND515865AAB,Guntakal_Verpatem_D (Andhra Pradesh),Rayadurgam_RailGate_D (Andhra Pradesh),103.733,18,0.72,0.001,144.6,148.8,4.2,4782.0,3512.0,1270.0,0.986,0.988,6363.0,5098.0,Carting,1265.0,50-150km,thin(<1.5/d)
IND395023AAA -> IND396191AAC,Surat_HUB (Gujarat),Vapi_IndEstat_I (Gujarat),104.176,10,0.4,0.021,162.0,171.7,9.6,4792.0,3525.0,1267.0,0.995,0.994,6488.0,5227.0,Carting,1261.0,50-150km,thin(<1.5/d)
IND586211AAA -> IND585314AAA,Indi_SindgiRD_D (Karnataka),Aland_RazaviRd_D (Karnataka),104.22,16,0.64,0.0,227.8,203.6,-24.2,4793.0,3527.0,1266.0,0.993,0.998,6434.0,5159.0,Carting,1275.0,50-150km,thin(<1.5/d)
IND481661AAA -> IND842003AAB,Mandla_Mharajpr_D (Madhya Pradesh),Jabalpur_Adhartal_IP (Madhya Pradesh),104.296,9,0.36,0.001,182.6,189.0,6.3,4795.0,3529.0,1266.0,0.986,0.985,6401.0,5137.0,Carting,1264.0,50-150km,thin(<1.5/d)
IND342005AAD -> IND344022AAB,Jodhpur_Basni_I (Rajasthan),Balotra_BsnoiHPL_D (Rajasthan),104.385,4,0.16,0.005,99.2,95.0,-4.2,4796.0,3532.0,1265.0,0.983,0.987,6360.0,5098.0,Carting,1262.0,50-150km,thin(<1.5/d)
IND826004AAA -> IND815353AAA,Dhanbad_Kalynpur_I (Jharkhand),Madhupur_Sitarmrd_D (Jharkhand),104.405,4,0.16,0.01,170.4,164.4,-6.0,4797.0,3532.0,1265.0,0.953,0.961,6383.0,5127.0,Carting,1257.0,50-150km,thin(<1.5/d)
IND000000ACB -> IND131028AAB,Gurgaon_Bilaspur_HB (Haryana),Sonipat_Kundli_H (Haryana),104.688,92,3.68,0.191,199.4,188.7,-10.7,4803.0,3541.0,1262.0,0.997,0.991,7287.0,6003.0,Carting,1284.0,50-150km,medium(1.5-4/d)
IND306116AAA -> IND306001AAA,Falna_SbhRDDPP_D (Rajasthan),MarwarJn_SndbrDPP_D (Rajasthan),104.691,3,0.12,0.0,217.1,214.9,-2.3,4803.0,3541.0,1262.0,0.985,0.986,6428.0,5165.0,Carting,1263.0,50-150km,thin(<1.5/d)
IND424006AAA -> IND425412AAA,Dhule_MIDCAvdn_I (Maharashtra),Nandurbar_DhuleRd_D (Maharashtra),104.851,3,0.12,0.003,159.6,159.7,0.1,4807.0,3546.0,1261.0,0.993,0.995,6418.0,5159.0,Carting,1258.0,50-150km,thin(<1.5/d)
IND585314AAA -> IND586211AAA,Aland_RazaviRd_D (Karnataka),Indi_SindgiRD_D (Karnataka),104.968,3,0.12,0.0,286.6,252.3,-34.3,4809.0,3549.0,1260.0,0.989,0.996,6484.0,5212.0,Carting,1272.0,50-150km,thin(<1.5/d)
IND614620AAA -> IND630561AAA,Manamelkudi_TmpleSrt_D (Tamil Nadu),Sivaganga_Wardno3_D (Tamil Nadu),105.144,16,0.64,0.0,148.2,116.9,-31.2,4813.0,3554.0,1259.0,0.947,0.968,6333.0,5084.0,Carting,1249.0,50-150km,thin(<1.5/d)
IND792130AAB -> IND786001AAB,Khonsa_Central_D_1 (Arunachal Pradesh),Dibrugarh_Bokule_H (Assam),105.395,10,0.4,0.0,206.6,205.3,-1.3,4819.0,3562.0,1257.0,0.972,0.99,6414.0,5184.0,Carting,1230.0,50-150km,thin(<1.5/d)
IND147105AAA -> IND160002AAC,Patran_MheshNGR_D (Punjab),Chandigarh_Mehmdpur_H (Punjab),105.649,7,0.28,0.0,345.1,325.5,-19.5,4824.0,3569.0,1255.0,0.985,0.995,6531.0,5279.0,Carting,1252.0,50-150km,thin(<1.5/d)
IND244235AAA -> IND244901AAB,Gajraula_JawaharN_D (Uttar Pradesh),Rampur_RoshnBgh_I (Uttar Pradesh),105.675,20,0.8,0.007,102.9,129.7,26.8,4825.0,3570.0,1255.0,0.75,0.884,6043.0,5011.0,Carting,1031.0,50-150km,thin(<1.5/d)
IND484001AAA -> IND484446AAA,Shahdol_Sohagpur_D (Madhya Pradesh),Dola_ChainDPP_D (Madhya Pradesh),105.732,4,0.16,0.002,108.0,106.2,-1.7,4826.0,3572.0,1254.0,0.957,0.958,6340.0,5087.0,Carting,1253.0,50-150km,thin(<1.5/d)
IND798601AAA -> IND785001AAA,Mokokchung_Central_D_1 (Nagaland),Jorhat_RicMilRd_D (Assam),105.944,5,0.2,0.0,227.4,277.4,50.0,4831.0,3578.0,1252.0,0.983,0.995,6457.0,5255.0,Carting,1201.0,50-150km,thin(<1.5/d)
IND632006AAA -> IND600056AAB,Vellore_GndhiNgr_IP (Tamil Nadu),MAA_Poonamallee_HB (Tamil Nadu),105.996,17,0.68,0.004,204.0,198.2,-5.8,4832.0,3580.0,1252.0,0.987,0.99,6467.0,5215.0,Carting,1252.0,50-150km,thin(<1.5/d)
IND173025AAA -> IND160002AAC,PaontSahib_Gurudwar_D (Himachal Pradesh),Chandigarh_Mehmdpur_H (Punjab),106.439,11,0.44,0.001,252.9,276.9,24.0,4842.0,3593.0,1248.0,0.996,0.997,6508.0,5277.0,Carting,1231.0,50-150km,thin(<1.5/d)
IND321001AAA -> IND301001AAB,Bharatpur_DC (Rajasthan),Alwar_Central_I_1 (Rajasthan),106.631,3,0.12,0.0,318.6,284.8,-33.8,4846.0,3599.0,1247.0,0.99,0.994,6545.0,5281.0,Carting,1264.0,50-150km,thin(<1.5/d)
IND852139AAB -> IND854326AAB,Triveninganj_Central_D_1 (Bihar),Purnia_Central_H_2 (Bihar),106.636,21,0.84,0.0,202.0,160.6,-41.4,4846.0,3599.0,1247.0,0.994,0.995,6474.0,5201.0,Carting,1273.0,50-150km,thin(<1.5/d)
IND321022AAA -> IND121004AAB,Kaman_BsstdDPP_D (Rajasthan),FBD_Balabhgarh_DPC (Haryana),106.935,9,0.36,0.0,203.8,227.1,23.3,4853.0,3608.0,1245.0,0.987,0.995,6468.0,5253.0,Carting,1216.0,50-150km,thin(<1.5/d)
IND600056AAB -> IND632006AAA,MAA_Poonamallee_HB (Tamil Nadu),Vellore_GndhiNgr_IP (Tamil Nadu),107.382,13,0.52,0.039,161.1,157.5,-3.5,4862.0,3621.0,1241.0,0.992,0.987,6632.0,5381.0,Carting,1251.0,50-150km,thin(<1.5/d)
IND342602AAC -> IND311302AAA,Bilara_Central_DPP_2 (Rajasthan),Badnaur_BhmrdDPP_D (Rajasthan),107.459,3,0.12,0.001,139.9,144.1,4.2,4864.0,3624.0,1240.0,0.836,0.899,6214.0,5071.0,Carting,1143.0,50-150km,thin(<1.5/d)
IND385340AAB -> IND384205AAA,Radhanpur_Santalpr_D (Gujarat),Mehsana_Panchot_IP (Gujarat),107.712,4,0.16,0.001,197.4,207.5,10.0,4870.0,3631.0,1238.0,0.974,0.982,6468.0,5248.0,Carting,1220.0,50-150km,thin(<1.5/d)
IND847404AAB -> IND842001AAA,Jhanjharpur_Nagar_D (Bihar),Muzaffrpur_Bbganj_I (Bihar),107.894,18,0.72,0.001,479.1,447.0,-32.2,4874.0,3637.0,1237.0,0.996,0.996,6691.0,5433.0,Carting,1258.0,50-150km,thin(<1.5/d)
IND140118AAA -> IND160002AAC,AnandprShb_PnjPiara_D (Punjab),Chandigarh_Mehmdpur_H (Punjab),108.287,17,0.68,0.0,231.5,206.3,-25.3,4882.0,3649.0,1234.0,0.974,0.981,6499.0,5260.0,Carting,1240.0,50-150km,thin(<1.5/d)
IND313001AAB -> IND312001AAA,Udaipur_Mangri_I (Rajasthan),Chittaurgarh_DC (Rajasthan),108.423,13,0.52,0.019,175.6,194.5,18.9,4885.0,3653.0,1233.0,0.987,0.986,6569.0,5347.0,Carting,1222.0,50-150km,thin(<1.5/d)
IND131028AAB -> IND000000ACB,Sonipat_Kundli_H (Haryana),Gurgaon_Bilaspur_HB (Haryana),108.474,86,3.44,0.053,191.4,186.6,-4.8,4886.0,3654.0,1232.0,0.996,0.989,6747.0,5499.0,Carting,1248.0,50-150km,medium(1.5-4/d)
IND518422AAB -> IND518102AAA,Atmakur_IndraNgr_D (Andhra Pradesh),Srisailam_Sishumdr_D (Andhra Pradesh),108.501,14,0.56,0.001,156.4,160.2,3.8,4887.0,3655.0,1232.0,0.986,0.989,6474.0,5249.0,Carting,1225.0,50-150km,thin(<1.5/d)
IND246001AAA -> IND249201AAA,Pauri_Khndyusn_D (Uttarakhand),Rishikesh_DC (Uttarakhand),108.942,4,0.16,0.0,374.5,378.4,4.0,4897.0,3668.0,1228.0,0.972,0.99,6604.0,5406.0,Carting,1199.0,50-150km,thin(<1.5/d)
IND506167AAB -> IND501359AAE,Jangaon_Hanmkond_D (Telangana),Hyderabad_Shamshbd_H (Telangana),109.036,16,0.64,0.004,153.8,135.6,-18.1,4899.0,3671.0,1228.0,0.996,0.996,6511.0,5272.0,Carting,1239.0,50-150km,thin(<1.5/d)
IND272001AAA -> IND273014AAB,Basti_GndhiNgr_D (Uttar Pradesh),Gorakhpur_Matriprm_IP (Uttar Pradesh),109.103,5,0.2,0.0,138.9,141.8,3.0,4900.0,3673.0,1227.0,0.981,0.989,6466.0,5253.0,Carting,1213.0,50-150km,thin(<1.5/d)
IND501359AAE -> IND501141AAA,Hyderabad_Shamshbd_H (Telangana),Tandur_SnthiNGR_D (Telangana),109.351,8,0.32,0.111,176.3,186.6,10.3,4906.0,3681.0,1225.0,0.998,0.996,7017.0,5794.0,Carting,1224.0,50-150km,thin(<1.5/d)
IND508252AAB -> IND508207AAB,Choutuppal_Nagaram_D (Telangana),Miryalguda_Ragvendr_D (Telangana),109.427,6,0.24,0.005,140.1,177.6,37.5,4907.0,3683.0,1225.0,0.989,0.993,6508.0,5315.0,Carting,1193.0,50-150km,thin(<1.5/d)
IND335001AAA -> IND125104AAA,Ganga Nagar_DC (Rajasthan),Sirsa_AnprnDPP_D (Haryana),109.451,10,0.4,0.003,118.2,128.1,9.9,4908.0,3684.0,1224.0,0.984,0.987,6476.0,5262.0,Carting,1213.0,50-150km,thin(<1.5/d)
IND364004AAB -> IND365560AAA,Bhavnagar_ChtrGIDC_IP (Gujarat),Amreli_MrktYrd_DC (Gujarat),109.518,7,0.28,0.001,156.1,149.2,-6.8,4909.0,3686.0,1224.0,0.965,0.982,6466.0,5263.0,Carting,1202.0,50-150km,thin(<1.5/d)
IND345001AAA -> IND345021AAA,Jaisalmer_Gopa3PL_D (Rajasthan),Pokhran_SttinDPP_D (Rajasthan),109.549,4,0.16,0.0,160.1,165.9,5.8,4910.0,3686.0,1224.0,0.978,0.995,6485.0,5290.0,Carting,1195.0,50-150km,thin(<1.5/d)
IND629179AAA -> IND627005AAA,Marthandam_Nallur_D (Tamil Nadu),Tirunelveli_VdkkuSrt_I (Tamil Nadu),109.605,11,0.44,0.0,200.6,202.9,2.3,4911.0,3688.0,1223.0,0.953,0.984,6474.0,5300.0,Carting,1175.0,50-150km,thin(<1.5/d)
IND791125AAB -> IND791102AAA,Likabali_ZoomCDPP_D (Arunachal Pradesh),Pasighat_MissonRd_D (Arunachal Pradesh),109.685,4,0.16,0.0,170.0,171.9,2.0,4913.0,3691.0,1223.0,0.953,0.984,6456.0,5282.0,Carting,1174.0,50-150km,thin(<1.5/d)
IND282002AAD -> IND205001AAB,,Mainpuri_Agraroad_I (Uttar Pradesh),110.17,8,0.32,0.005,184.1,184.3,0.3,4924.0,3705.0,1219.0,0.961,0.975,6508.0,5311.0,Carting,1197.0,50-150km,thin(<1.5/d)
IND444005AAB -> IND443301AAA,Akola_Gaurkshn_I (Maharashtra),Mehkar_SagarDPP_D (Maharashtra),110.207,5,0.2,0.004,180.9,174.4,-6.5,4925.0,3706.0,1218.0,0.976,0.985,6529.0,5320.0,Carting,1209.0,50-150km,thin(<1.5/d)
IND335051AAA -> IND335513AAA,RaisingNgr_BisnolDPP_D (Rajasthan),Hanumangarh_DC (Rajasthan),110.3,10,0.4,0.002,222.2,230.5,8.3,4927.0,3709.0,1218.0,0.982,0.984,6555.0,5345.0,Carting,1210.0,50-150km,thin(<1.5/d)
IND486889AAA -> IND231216AAA,Singrauli_Ward8DPP_D (Madhya Pradesh),Robertsganj_ArtoDPP_D (Uttar Pradesh),110.387,3,0.12,0.0,226.0,187.7,-38.4,4929.0,3712.0,1217.0,0.987,0.983,6560.0,5311.0,Carting,1249.0,50-150km,thin(<1.5/d)
IND249201AAA -> IND246174AAA,Rishikesh_DC (Uttarakhand),SrinagarUK_Srikot_D (Uttarakhand),110.668,4,0.16,0.002,344.9,325.8,-19.1,4935.0,3720.0,1215.0,0.976,0.974,6636.0,5406.0,Carting,1230.0,50-150km,thin(<1.5/d)
IND451666AAA -> IND424006AAA,Sendhwa_VishnuVhr_D (Madhya Pradesh),Dhule_MIDCAvdn_I (Maharashtra),111.655,8,0.32,0.0,159.2,161.1,1.9,4956.0,3750.0,1207.0,0.952,0.984,6490.0,5333.0,Carting,1157.0,50-150km,thin(<1.5/d)
IND530012AAA -> IND532001AAB,Visakhapatnam_Gajuwaka_IP (Andhra Pradesh),Srikakulam_Kuslpram_I (Andhra Pradesh),111.871,24,0.96,0.033,165.6,165.0,-0.6,4961.0,3756.0,1205.0,0.99,0.989,6706.0,5498.0,Carting,1208.0,50-150km,thin(<1.5/d)
IND580028AAA -> IND591123AAC,Hubli_Adargchi_IP (Karnataka),Ramdurg_GndhiNGR_D (Karnataka),111.957,18,0.72,0.014,199.3,182.0,-17.3,4963.0,3759.0,1204.0,0.989,0.988,6643.0,5426.0,Carting,1217.0,50-150km,thin(<1.5/d)
IND263601AAA -> IND262501AAA,Almora_SuzkiSrv_D (Uttarakhand),Pithorgarh_Kumud_D (Uttarakhand),112.363,10,0.4,0.001,323.4,256.5,-66.9,4972.0,3771.0,1201.0,0.992,0.993,6679.0,5434.0,Carting,1245.0,50-150km,thin(<1.5/d)
IND000000ACB -> IND124112AAA,Gurgaon_Bilaspur_HB (Haryana),Meham_GModDPP_D (Haryana),112.582,7,0.28,0.191,179.1,169.0,-10.2,4977.0,3777.0,1199.0,0.996,0.988,7444.0,6220.0,Carting,1224.0,50-150km,thin(<1.5/d)
IND623526AAA -> IND623704AAA,Rameswram_Kdthdstrt_D (Tamil Nadu),Muthukulathur_VaiklSRT_D (Tamil Nadu),113.122,8,0.32,0.0,207.7,183.5,-24.2,4989.0,3794.0,1195.0,0.451,0.579,5804.0,4784.0,Carting,1019.0,50-150km,thin(<1.5/d)
IND845455AAB -> IND845418AAB,Narktiganj_Central_DPP_2 (Bihar),Dhaka_PchpkrRD_D (Bihar),113.344,3,0.12,0.0,199.5,178.7,-20.8,4994.0,3800.0,1193.0,0.952,0.971,6557.0,5378.0,Carting,1179.0,50-150km,thin(<1.5/d)
IND423701AAB -> IND422011AAD,Vaijiapur_YeolaRD_D (Maharashtra),Nashik_TgrniaRD_I (Maharashtra),113.552,18,0.72,0.002,181.9,153.5,-28.4,4998.0,3807.0,1192.0,0.98,0.982,6598.0,5391.0,Carting,1207.0,50-150km,thin(<1.5/d)
IND635001AAA -> IND562132AAA,Krishnagiri_BnglorRd_D (Tamil Nadu),Bangalore_Nelmngla_H (Karnataka),113.725,4,0.16,0.0,240.2,231.2,-9.0,5002.0,3812.0,1190.0,0.991,0.994,6650.0,5459.0,Carting,1191.0,50-150km,thin(<1.5/d)
IND532001AAB -> IND530012AAA,Srikakulam_Kuslpram_I (Andhra Pradesh),Visakhapatnam_Gajuwaka_IP (Andhra Pradesh),114.746,22,0.88,0.007,172.9,176.6,3.7,5024.0,3842.0,1182.0,0.989,0.992,6656.0,5480.0,Carting,1176.0,50-150km,thin(<1.5/d)
IND210501AAB -> IND209304AAA,Bewar_BndhuTRH_D (Uttar Pradesh),Kanpur_Central_H_6 (Uttar Pradesh),115.458,16,0.64,0.0,187.1,189.4,2.2,5040.0,3864.0,1176.0,0.958,0.986,6602.0,5469.0,Carting,1133.0,50-150km,thin(<1.5/d)
IND000000ACB -> IND301001AAB,Gurgaon_Bilaspur_HB (Haryana),Alwar_Central_I_1 (Rajasthan),115.681,6,0.24,0.191,183.3,172.9,-10.4,5045.0,3870.0,1175.0,0.996,0.99,7516.0,6319.0,Carting,1197.0,50-150km,thin(<1.5/d)
IND854326AAB -> IND852201AAA,Purnia_Central_H_2 (Bihar),Saharsa_Gangjala_D (Bihar),116.161,6,0.24,0.019,211.7,212.7,0.9,5056.0,3885.0,1171.0,0.992,0.992,6769.0,5598.0,Carting,1171.0,50-150km,thin(<1.5/d)
IND815353AAA -> IND814133AAB,Madhupur_Sitarmrd_D (Jharkhand),Godda_Central_D_2 (Jharkhand),116.318,8,0.32,0.0,188.4,173.4,-15.0,5059.0,3890.0,1169.0,0.973,0.982,6645.0,5480.0,Carting,1166.0,50-150km,thin(<1.5/d)
IND508001AAA -> IND501359AAE,Nalgonda_HydRoad_DC (Telangana),Hyderabad_Shamshbd_H (Telangana),116.509,14,0.56,0.003,172.5,180.1,7.6,5063.0,3895.0,1168.0,0.993,0.995,6682.0,5523.0,Carting,1159.0,50-150km,thin(<1.5/d)
IND131028AAB -> IND251001AAA,Sonipat_Kundli_H (Haryana),Muzaffrngr_MhmodNgr_D (Uttar Pradesh),117.031,10,0.4,0.053,190.1,185.4,-4.7,5075.0,3911.0,1164.0,0.996,0.988,6933.0,5753.0,Carting,1180.0,50-150km,thin(<1.5/d)
IND221706AAA -> IND273014AAB,Ratanpura_MubarDPP_D (Uttar Pradesh),Gorakhpur_Matriprm_IP (Uttar Pradesh),117.092,11,0.44,0.001,276.6,267.4,-9.2,5076.0,3913.0,1163.0,0.983,0.987,6741.0,5577.0,Carting,1164.0,50-150km,thin(<1.5/d)
IND415612AAA -> IND415408AAC,Ratnagiri_MjgaonRd_D (Maharashtra),Shirala_Central_DPP_3 (Maharashtra),117.199,8,0.32,0.0,238.5,223.3,-15.2,5078.0,3916.0,1162.0,0.981,0.985,6710.0,5544.0,Carting,1166.0,50-150km,thin(<1.5/d)
IND244901AAB -> IND246725AAB,Rampur_RoshnBgh_I (Uttar Pradesh),Chandpur_NorprRD_D (Uttar Pradesh),117.822,14,0.56,0.014,198.0,257.6,59.6,5092.0,3935.0,1157.0,0.272,0.453,5649.0,4814.0,Carting,835.0,50-150km,thin(<1.5/d)
IND852111AAA -> IND854326AAB,Simrahi_Bazar_D (Bihar),Purnia_Central_H_2 (Bihar),118.238,17,0.68,0.0,291.6,257.9,-33.7,5101.0,3947.0,1154.0,0.977,0.968,6762.0,5572.0,Carting,1190.0,50-150km,thin(<1.5/d)
IND306401AAB -> IND343001AAA,Pali_Nayagaon_I (Rajasthan),Jalore_RoopNgr_D (Rajasthan),118.682,5,0.2,0.017,179.2,187.1,7.8,5111.0,3960.0,1151.0,0.983,0.984,6781.0,5637.0,Carting,1144.0,50-150km,thin(<1.5/d)
IND847226AAA -> IND842001AAA,Jaynagar_Wardno6_D (Bihar),Muzaffrpur_Bbganj_I (Bihar),118.731,21,0.84,0.0,559.5,468.3,-91.3,5112.0,3962.0,1150.0,0.99,0.992,6972.0,5764.0,Carting,1208.0,50-150km,thin(<1.5/d)
IND834002AAB -> IND832109AAB,Ranchi_Hub (Jharkhand),Jamshedpur_Central_I_3 (Jharkhand),119.87,14,0.56,0.01,206.0,222.7,16.7,5137.0,3996.0,1141.0,0.985,0.989,6796.0,5671.0,Carting,1125.0,50-150km,thin(<1.5/d)
IND832109AAB -> IND834002AAB,Jamshedpur_Central_I_3 (Jharkhand),Ranchi_Hub (Jharkhand),120.091,22,0.88,0.0,201.4,205.0,3.7,5142.0,4003.0,1139.0,0.94,0.979,6686.0,5608.0,Carting,1077.0,50-150km,thin(<1.5/d)
IND581314AAA -> IND403726AAA,Ankola_Kakrmath_D (Karnataka),Goa_Hub (Goa),120.132,9,0.36,0.008,197.5,187.6,-9.9,5143.0,4004.0,1139.0,0.972,0.973,6769.0,5626.0,Carting,1144.0,50-150km,thin(<1.5/d)
IND581400AAB -> IND581325AAA,Mallapur_ShtDRDPP_D (Karnataka),Dandeli_RKComplx_D (Karnataka),120.856,12,0.48,0.0,258.1,297.5,39.4,5159.0,4026.0,1133.0,0.639,0.893,6289.0,5564.0,Carting,725.0,50-150km,thin(<1.5/d)
IND834002AAB -> IND825102AAA,Ranchi_Hub (Jharkhand),Phusro_RhmgjDPP_D (Jharkhand),121.283,3,0.12,0.01,221.6,239.0,17.5,5168.0,4038.0,1130.0,0.988,0.991,6842.0,5728.0,Carting,1114.0,50-150km,thin(<1.5/d)
IND605601AAA -> IND636102AAA,Villupuram_Thirumtr_IP (Tamil Nadu),Attur_KaaduRd_D (Tamil Nadu),121.382,6,0.24,0.005,199.7,204.2,4.5,5170.0,4041.0,1129.0,0.987,0.992,6806.0,5687.0,Carting,1119.0,50-150km,thin(<1.5/d)
IND416012AAA -> IND415003AAA,Kolhapur_Shivaji_I (Maharashtra),Satara_DC (Maharashtra),121.396,8,0.32,0.011,218.4,221.7,3.3,5171.0,4042.0,1129.0,0.993,0.994,6854.0,5730.0,Carting,1125.0,50-150km,thin(<1.5/d)
IND485001AAC -> IND486771AAA,Satna_Central_I_2 (Madhya Pradesh),Churhat_Central_DPP_1 (Madhya Pradesh),121.954,5,0.2,0.003,296.2,297.0,0.8,5183.0,4059.0,1124.0,0.988,0.992,6876.0,5757.0,Carting,1119.0,50-150km,thin(<1.5/d)
IND282002AAD -> IND474003AAA,,Gwalior_HrihrNgr_I (Madhya Pradesh),122.062,9,0.36,0.005,307.3,304.7,-2.5,5185.0,4062.0,1124.0,0.951,0.969,6837.0,5738.0,Carting,1099.0,50-150km,thin(<1.5/d)
IND175015AAA -> IND174001AAA,JognderNgr_Dhelu_D (Himachal Pradesh),BilaspurHP_Indsarea_D (Himachal Pradesh),122.076,13,0.52,0.001,657.8,652.9,-5.0,5186.0,4062.0,1123.0,0.995,0.997,7120.0,5996.0,Carting,1124.0,50-150km,thin(<1.5/d)
IND508223AAA -> IND500039AAC,Thirumalagiri_Xroad_D (Telangana),Hyderabad_Uppal_I (Telangana),122.585,14,0.56,0.001,254.9,278.3,23.4,5197.0,4078.0,1119.0,0.983,0.984,6845.0,5743.0,Carting,1103.0,50-150km,thin(<1.5/d)
IND470117AAA -> IND470227AAB,Khurai_Talaiya_D (Madhya Pradesh),Rehli_Ward7DPP_D (Madhya Pradesh),122.678,6,0.24,0.0,247.5,237.3,-10.3,5199.0,4080.0,1119.0,0.984,0.966,6839.0,5687.0,Carting,1153.0,50-150km,thin(<1.5/d)
IND751002AAB -> IND756100AAC,Bhubaneshwar_Hub (Orissa),Bhadrak_Central_I_2 (Orissa),123.187,12,0.48,0.057,212.1,212.9,0.8,5210.0,4096.0,1115.0,0.995,0.994,7099.0,5984.0,Carting,1116.0,50-150km,thin(<1.5/d)
IND834002AAB -> IND827013AAA,Ranchi_Hub (Jharkhand),Bokaro_KSClny_DC (Jharkhand),123.302,17,0.68,0.01,228.4,243.8,15.5,5213.0,4099.0,1114.0,0.993,0.992,6899.0,5794.0,Carting,1105.0,50-150km,thin(<1.5/d)
IND507117AAB -> IND507303AAA,Manuguru_AskNagar_D (Telangana),Sathupally_VidyaNGR_D (Telangana),123.408,18,0.72,0.0,199.6,180.9,-18.7,5215.0,4102.0,1113.0,0.996,0.996,6844.0,5719.0,Carting,1125.0,50-150km,thin(<1.5/d)
IND480661AAA -> IND481661AAA,Seoni_Kidwai_D (Madhya Pradesh),Mandla_Mharajpr_D (Madhya Pradesh),123.729,6,0.24,0.002,251.9,232.9,-19.0,5222.0,4112.0,1110.0,0.983,0.977,6872.0,5740.0,Carting,1132.0,50-150km,thin(<1.5/d)
IND176310AAA -> IND145001AAA,Chamba_Bangotu_D (Himachal Pradesh),Pathankot_DC (Punjab),124.227,13,0.52,0.0,842.4,721.1,-121.3,5233.0,4127.0,1106.0,0.982,0.968,7267.0,6059.0,Carting,1208.0,50-150km,thin(<1.5/d)
IND591307AAC -> IND580028AAA,Gokak_Bsavangr_D (Karnataka),Hubli_Adargchi_IP (Karnataka),125.175,4,0.16,0.001,410.9,415.8,4.9,5254.0,4155.0,1099.0,0.997,0.997,7027.0,5931.0,Carting,1096.0,50-150km,thin(<1.5/d)
IND721102AAA -> IND712311AAA,Midnapore_Talkui_D (West Bengal),Kolkata_Dankuni_HB (West Bengal),125.327,13,0.52,0.002,478.5,459.9,-18.5,5257.0,4160.0,1097.0,0.988,0.981,7069.0,5948.0,Carting,1121.0,50-150km,thin(<1.5/d)
IND210431AAA -> IND209304AAA,Rath_Mughlpra_D (Uttar Pradesh),Kanpur_Central_H_6 (Uttar Pradesh),125.92,5,0.2,0.002,351.6,310.2,-41.5,5270.0,4178.0,1093.0,0.99,0.982,6996.0,5864.0,Carting,1132.0,50-150km,thin(<1.5/d)
IND781018AAB -> IND793001AAA,Guwahati_Hub (Assam),Shillong (Meghalaya),126.494,10,0.4,0.044,195.4,179.5,-15.9,5283.0,4195.0,1088.0,0.993,0.944,7096.0,5916.0,Carting,1181.0,50-150km,thin(<1.5/d)
IND125001AAA -> IND335523AAB,Hisar_ModelTwn_P (Haryana),Nohar_Central_DPP_2 (Rajasthan),127.023,4,0.16,0.009,296.7,295.8,-0.9,5294.0,4211.0,1084.0,0.996,0.994,7029.0,5942.0,Carting,1088.0,50-150km,thin(<1.5/d)
IND363310AAB -> IND382430AAB,Dhrangadhra_NvygRDPP_D (Gujarat),Ahmedabad_East_H_1 (Gujarat),128.325,9,0.36,0.002,193.2,216.5,23.3,5323.0,4250.0,1073.0,0.963,0.902,6906.0,5755.0,Carting,1151.0,50-150km,thin(<1.5/d)
IND131028AAB -> IND136118AAA,Sonipat_Kundli_H (Haryana),Kurukshetra_DC (Haryana),128.696,17,0.68,0.053,190.3,186.2,-4.1,5331.0,4261.0,1070.0,0.999,0.991,7195.0,6108.0,Carting,1087.0,50-150km,thin(<1.5/d)
IND273014AAB -> IND277303AAC,Gorakhpur_Matriprm_IP (Uttar Pradesh),Sikandarpur_Central_D_3 (Uttar Pradesh),129.462,18,0.72,0.006,226.9,231.0,4.1,5348.0,4284.0,1064.0,0.996,0.989,7021.0,5948.0,Carting,1073.0,50-150km,thin(<1.5/d)
IND411033AAA -> IND421302AAG,Pune_Tathawde_H (Maharashtra),Bhiwandi_Mankoli_HB (Maharashtra),129.649,107,4.28,0.054,203.3,207.6,4.3,5352.0,4289.0,1063.0,0.999,0.991,7229.0,6155.0,Carting,1073.0,50-150km,dense(>4/d)
IND842001AAA -> IND845438AAA,Muzaffrpur_Bbganj_I (Bihar),Bettiah_BypassRd_D (Bihar),130.184,5,0.2,0.025,201.2,203.9,2.7,5364.0,4306.0,1059.0,0.99,0.941,7093.0,5957.0,Carting,1136.0,50-150km,thin(<1.5/d)
IND826004AAA -> IND814112AAA,Dhanbad_Kalynpur_I (Jharkhand),Deoghar_Barmasia_D (Jharkhand),130.342,4,0.16,0.01,245.2,236.1,-9.1,5368.0,4310.0,1057.0,0.979,0.93,7045.0,5905.0,Carting,1139.0,50-150km,thin(<1.5/d)
IND636102AAA -> IND605601AAA,Attur_KaaduRd_D (Tamil Nadu),Villupuram_Thirumtr_IP (Tamil Nadu),130.55,5,0.2,0.0,207.2,254.9,47.7,5372.0,4317.0,1056.0,0.978,0.97,6976.0,5941.0,Carting,1036.0,50-150km,thin(<1.5/d)
IND507123AAA -> IND506314AAA,Yellandu_Sudimala_D (Telangana),Rayaparthi_Perkadrd_D (Telangana),130.594,12,0.48,0.001,152.9,158.5,5.6,5373.0,4318.0,1055.0,0.972,0.885,6939.0,5756.0,Carting,1182.0,50-150km,thin(<1.5/d)
IND712311AAA -> IND721306AAA,Kolkata_Dankuni_HB (West Bengal),Kharagpur_DC (West Bengal),130.643,14,0.56,0.09,239.8,259.2,19.4,5374.0,4319.0,1055.0,1.0,0.998,7440.0,6395.0,Carting,1045.0,50-150km,thin(<1.5/d)
IND851127AAA -> IND842001AAA,Manjhaul_Purbari_D (Bihar),Muzaffrpur_Bbganj_I (Bihar),130.743,16,0.64,0.0,348.0,361.0,13.0,5376.0,4322.0,1054.0,0.985,0.958,7088.0,6001.0,Carting,1087.0,50-150km,thin(<1.5/d)
IND421302AAG -> IND411033AAA,Bhiwandi_Mankoli_HB (Maharashtra),Pune_Tathawde_H (Maharashtra),130.802,72,2.88,0.061,200.9,209.2,8.3,5378.0,4324.0,1054.0,0.999,0.998,7285.0,6234.0,Carting,1051.0,50-150km,medium(1.5-4/d)
IND792103AAB -> IND792001AAA,Namsai_HelipadRD_D (Arunachal Pradesh),Tezu_Farmnala_D (Arunachal Pradesh),130.865,11,0.44,0.001,133.2,107.2,-26.0,5379.0,4326.0,1053.0,0.334,0.118,5970.0,4575.0,Carting,1395.0,50-150km,thin(<1.5/d)
IND411033AAA -> IND400072AAB,Pune_Tathawde_H (Maharashtra),Mumbai Hub (Maharashtra),130.884,8,0.32,0.054,207.3,211.8,4.4,5379.0,4327.0,1053.0,0.999,0.991,7259.0,6195.0,Carting,1063.0,50-150km,thin(<1.5/d)
IND221313AAA -> IND211002AAB,Varanasi_Central_H_4 (Uttar Pradesh),Allahabad_Central_H_1 (Uttar Pradesh),130.922,6,0.24,0.004,539.4,473.8,-65.6,5380.0,4328.0,1053.0,0.991,0.983,7246.0,6138.0,Carting,1108.0,50-150km,thin(<1.5/d)
IND495677AAA -> IND496001AAA,Korba_Tilknagr_DC (Chhattisgarh),Raigarh_MithmdRd_D (Chhattisgarh),132.061,7,0.28,0.0,254.9,330.5,75.5,5405.0,4362.0,1044.0,0.976,0.966,7039.0,6032.0,Carting,1007.0,50-150km,thin(<1.5/d)
IND400072AAB -> IND411033AAA,Mumbai Hub (Maharashtra),Pune_Tathawde_H (Maharashtra),132.79,8,0.32,0.006,211.2,225.7,14.5,5421.0,4384.0,1038.0,0.976,0.937,7053.0,5965.0,Carting,1088.0,50-150km,thin(<1.5/d)
IND431603AAA -> IND413531AAA,Nanded_Aswningr_I (Maharashtra),Latur_Srnwsngr_D (Maharashtra),134.177,4,0.16,0.005,242.6,244.0,1.4,5452.0,4425.0,1027.0,0.997,0.997,7131.0,6105.0,Carting,1025.0,50-150km,thin(<1.5/d)
IND416012AAA -> IND415612AAA,Kolhapur_Shivaji_I (Maharashtra),Ratnagiri_MjgaonRd_D (Maharashtra),134.236,10,0.4,0.011,225.4,230.6,5.2,5453.0,4427.0,1026.0,0.998,0.998,7150.0,6127.0,Carting,1023.0,50-150km,thin(<1.5/d)
IND331304AAA -> IND332001AAB,Taranagar_RajRdDPP_D (Rajasthan),Sikar_FatehpRd_I (Rajasthan),134.285,4,0.16,0.001,416.1,366.1,-50.0,5454.0,4429.0,1026.0,0.971,0.967,7193.0,6128.0,Carting,1065.0,50-150km,thin(<1.5/d)
IND854326AAB -> IND852131AAA,Purnia_Central_H_2 (Bihar),Supaul_SadrHsptl_D (Bihar),134.694,10,0.4,0.019,230.5,232.5,1.9,5463.0,4441.0,1022.0,0.998,0.997,7199.0,6176.0,Carting,1023.0,50-150km,thin(<1.5/d)
IND854105AAB -> IND851204AAA,Katihar_Central_D_2 (Bihar),Khagaria_GodamDPP_D (Bihar),135.068,4,0.16,0.0,194.8,258.5,63.7,5471.0,4452.0,1019.0,0.98,0.99,7071.0,6109.0,Carting,963.0,50-150km,thin(<1.5/d)
IND845305AAA -> IND842001AAA,Raxaul_KairiyaT_D (Bihar),Muzaffrpur_Bbganj_I (Bihar),136.04,20,0.8,0.001,406.4,411.9,5.5,5493.0,4481.0,1012.0,0.991,0.992,7254.0,6248.0,Carting,1007.0,50-150km,thin(<1.5/d)
IND422011AAD -> IND421302AAG,Nashik_TgrniaRD_I (Maharashtra),Bhiwandi_Mankoli_HB (Maharashtra),136.222,21,0.84,0.005,279.7,328.2,48.4,5497.0,4487.0,1010.0,0.997,0.997,7201.0,6223.0,Carting,978.0,50-150km,thin(<1.5/d)
IND382430AAB -> IND389001AAA,Ahmedabad_East_H_1 (Gujarat),Godhra_DC (Gujarat),136.641,21,0.84,0.039,184.6,177.2,-7.4,5506.0,4499.0,1007.0,0.997,0.996,7301.0,6287.0,Carting,1014.0,50-150km,thin(<1.5/d)
IND202001AAB -> IND205001AAB,Aligarh_KhirByps_I (Uttar Pradesh),Mainpuri_Agraroad_I (Uttar Pradesh),136.722,8,0.32,0.004,242.9,247.4,4.5,5508.0,4502.0,1006.0,0.998,0.998,7183.0,6179.0,Carting,1003.0,50-150km,thin(<1.5/d)
IND421302AAG -> IND422011AAD,Bhiwandi_Mankoli_HB (Maharashtra),Nashik_TgrniaRD_I (Maharashtra),136.903,21,0.84,0.061,199.8,208.3,8.4,5512.0,4507.0,1005.0,1.0,0.999,7419.0,6419.0,Carting,1000.0,50-150km,thin(<1.5/d)
IND431136AAC -> IND431122AAA,Aurangabad_Central_H_1 (Maharashtra),Beed_JalnaRd_D (Maharashtra),137.818,9,0.36,0.006,196.8,205.0,8.1,5532.0,4535.0,997.0,0.995,0.994,7180.0,6188.0,Carting,993.0,50-150km,thin(<1.5/d)
IND503111AAC -> IND501359AAE,Kamareddy_Devenply_I (Telangana),Hyderabad_Shamshbd_H (Telangana),137.878,13,0.52,0.004,216.1,216.8,0.8,5533.0,4536.0,997.0,0.987,0.987,7176.0,6180.0,Carting,997.0,50-150km,thin(<1.5/d)
IND480886AAA -> IND480001AAA,Lakhnadon_Central_DPP_1 (Madhya Pradesh),Chhindwara_NagpurRd_D (Madhya Pradesh),137.925,6,0.24,0.0,180.9,176.9,-4.0,5534.0,4538.0,997.0,0.977,0.991,7121.0,6143.0,Carting,978.0,50-150km,thin(<1.5/d)
IND416404AAA -> IND416012AAA,Jath_Shivprsad_D (Maharashtra),Kolhapur_Shivaji_I (Maharashtra),138.359,6,0.24,0.002,260.1,288.3,28.1,5544.0,4551.0,993.0,0.98,0.983,7197.0,6226.0,Carting,970.0,50-150km,thin(<1.5/d)
IND643212AAA -> IND641062AAD,Gudalur_kalmpuza_D (Tamil Nadu),Coimbatore_Karayam_H (Tamil Nadu),138.551,3,0.12,0.0,316.4,286.6,-29.7,5548.0,4557.0,992.0,0.989,0.99,7243.0,6233.0,Carting,1011.0,50-150km,thin(<1.5/d)
IND242307AAB -> IND207247AAB,Tilhar_SingCLNY_D (Uttar Pradesh),Aliganj_KaimgnjRD_D (Uttar Pradesh),139.65,5,0.2,0.002,313.8,307.7,-6.1,5572.0,4589.0,983.0,0.982,0.978,7265.0,6272.0,Carting,993.0,50-150km,thin(<1.5/d)
IND521225AAB -> IND523002AAA,Vijayawada_Rynapadu_H (Andhra Pradesh),Ongole_SubhVRTL_I (Andhra Pradesh),140.606,3,0.12,0.009,228.3,233.5,5.2,5593.0,4618.0,975.0,0.998,0.997,7281.0,6309.0,Carting,972.0,50-150km,thin(<1.5/d)
IND577002AAA -> IND580028AAA,Davangere_Central_I_1 (Karnataka),Hubli_Adargchi_IP (Karnataka),140.72,11,0.44,0.003,219.4,227.0,7.6,5596.0,4622.0,974.0,0.997,0.997,7252.0,6282.0,Carting,969.0,50-150km,thin(<1.5/d)
IND370201AAA -> IND363330AAB,Gandhidham_Sector1A_IP (Gujarat),Halvad_CrossRD_D (Gujarat),140.932,8,0.32,0.002,249.9,272.1,22.2,5601.0,4628.0,973.0,0.96,0.956,7216.0,6252.0,Carting,965.0,50-150km,thin(<1.5/d)
IND411033AAA -> IND414001AAA,Pune_Tathawde_H (Maharashtra),AhmedNagar_DC (Maharashtra),141.549,3,0.12,0.054,214.2,218.9,4.7,5614.0,4646.0,968.0,0.999,0.997,7498.0,6530.0,Carting,969.0,50-150km,thin(<1.5/d)
IND262122AAB -> IND244901AAB,Puranpur_MdothdRD_D (Uttar Pradesh),Rampur_RoshnBgh_I (Uttar Pradesh),143.949,4,0.16,0.0,188.7,203.8,15.1,5667.0,4718.0,948.0,0.938,0.977,7200.0,6320.0,Carting,880.0,50-150km,thin(<1.5/d)
IND485001AAC -> IND471001AAA,Satna_Central_I_2 (Madhya Pradesh),Chhatarpur_Busstand_D (Madhya Pradesh),144.101,8,0.32,0.003,272.1,278.2,6.1,5670.0,4723.0,947.0,0.992,0.993,7353.0,6412.0,Carting,941.0,50-150km,thin(<1.5/d)
IND302014AAA -> IND301001AAB,Jaipur_Hub (Rajasthan),Alwar_Central_I_1 (Rajasthan),144.592,21,0.84,0.045,237.4,235.5,-1.9,5681.0,4738.0,943.0,0.997,0.994,7537.0,6586.0,Carting,950.0,50-150km,thin(<1.5/d)
IND302014AAA -> IND305001AAC,Jaipur_Hub (Rajasthan),Ajmer_FoySGRRD_I (Rajasthan),144.812,14,0.56,0.045,218.1,216.4,-1.7,5686.0,4744.0,942.0,0.997,0.994,7529.0,6580.0,Carting,948.0,50-150km,thin(<1.5/d)
IND815301AAA -> IND814133AAB,Giridih_Shivalya_D (Jharkhand),Godda_Central_D_2 (Jharkhand),144.845,4,0.16,0.002,198.3,265.6,67.4,5687.0,4745.0,941.0,0.971,0.971,7283.0,6386.0,Carting,897.0,50-150km,thin(<1.5/d)
IND562132AAA -> IND577598AAC,Bangalore_Nelmngla_H (Karnataka),Hiriyur_TahurDPP_D (Karnataka),145.956,10,0.4,0.089,200.0,201.9,1.9,5711.0,4779.0,932.0,0.999,0.996,7741.0,6805.0,Carting,936.0,50-150km,thin(<1.5/d)
IND465333AAA -> IND462022AAA,Shujalpur_AstrdDPP_D (Madhya Pradesh),Bhopal_Trnsport_H (Madhya Pradesh),146.42,3,0.12,0.001,153.5,204.8,51.4,5721.0,4793.0,929.0,0.942,0.938,7242.0,6341.0,Carting,901.0,50-150km,thin(<1.5/d)
IND502220AAC -> IND501359AAE,Zahirabad_Mohim_D (Telangana),Hyderabad_Shamshbd_H (Telangana),147.025,22,0.88,0.004,234.4,237.0,2.7,5735.0,4811.0,924.0,0.882,0.903,7230.0,6339.0,Carting,892.0,50-150km,thin(<1.5/d)
IND504293AAA -> IND505001AAB,Asifabad_PaikjNGR_D (Telangana),Karimnagar_KamnHbRD_I (Telangana),147.707,7,0.28,0.0,215.6,241.3,25.7,5750.0,4831.0,918.0,0.974,0.971,7356.0,6450.0,Carting,906.0,50-150km,thin(<1.5/d)
IND608301AAA -> IND639104AAB,Lalpet_PriyrNGR_D (Tamil Nadu),Kulithalai_AnnaNGR_D (Tamil Nadu),148.471,16,0.64,0.0,314.8,314.6,-0.2,5766.0,4854.0,912.0,0.992,0.993,7465.0,6554.0,Carting,911.0,50-150km,thin(<1.5/d)
IND713205AAB -> IND712311AAA,Durgapur_Central_I_1 (West Bengal),Kolkata_Dankuni_HB (West Bengal),148.609,12,0.48,0.014,429.4,424.1,-5.3,5769.0,4858.0,911.0,0.997,0.997,7616.0,6700.0,Carting,916.0,50-150km,thin(<1.5/d)
IND712311AAA -> IND713205AAB,Kolkata_Dankuni_HB (West Bengal),Durgapur_Central_I_1 (West Bengal),148.642,12,0.48,0.09,248.1,276.2,28.1,5770.0,4859.0,911.0,1.0,0.999,7842.0,6949.0,Carting,893.0,50-150km,thin(<1.5/d)
IND610001AAA -> IND605010AAB,Thiruvarur_Bypasrd_D (Tamil Nadu),Pondicherry_Vasanthm_I (Pondicherry),149.459,10,0.4,0.004,289.2,288.8,-0.4,5788.0,4884.0,904.0,0.996,0.996,7491.0,6587.0,Carting,904.0,50-150km,thin(<1.5/d)
IND685514AAA -> IND625008AAA,Kattappana_Palikval_D (Kerala),Madurai_Kappalur_H (Tamil Nadu),151.118,9,0.36,0.0,270.7,209.3,-61.4,5825.0,4934.0,891.0,0.975,0.984,7468.0,6549.0,Carting,919.0,150-400km,thin(<1.5/d)
IND636705AAB -> IND562132AAA,Dharmapuri_Central_D_2 (Tamil Nadu),Bangalore_Nelmngla_H (Karnataka),151.505,5,0.2,0.0,383.9,385.9,2.0,5833.0,4945.0,888.0,0.977,0.975,7557.0,6666.0,Carting,890.0,150-400km,thin(<1.5/d)
IND605601AAA -> IND600056AAB,Villupuram_Thirumtr_IP (Tamil Nadu),MAA_Poonamallee_HB (Tamil Nadu),151.96,6,0.24,0.005,243.7,256.2,12.5,5843.0,4959.0,884.0,0.994,0.995,7518.0,6644.0,Carting,874.0,150-400km,thin(<1.5/d)
IND605010AAB -> IND600056AAB,Pondicherry_Vasanthm_I (Pondicherry),MAA_Poonamallee_HB (Tamil Nadu),152.23,3,0.12,0.007,246.9,259.8,12.9,5849.0,4967.0,882.0,0.99,0.985,7531.0,6649.0,Carting,882.0,150-400km,thin(<1.5/d)
IND600056AAB -> IND605010AAB,MAA_Poonamallee_HB (Tamil Nadu),Pondicherry_Vasanthm_I (Pondicherry),152.584,13,0.52,0.039,267.2,272.2,5.0,5857.0,4978.0,879.0,0.998,0.998,7708.0,6831.0,Carting,877.0,150-400km,thin(<1.5/d)
IND110037AAM -> IND202001AAB,Delhi_Airport_H (Delhi),Aligarh_KhirByps_I (Uttar Pradesh),152.921,26,1.04,0.054,262.2,266.5,4.3,5864.0,4988.0,877.0,0.992,0.99,7769.0,6892.0,Carting,877.0,150-400km,thin(<1.5/d)
IND600056AAB -> IND605601AAA,MAA_Poonamallee_HB (Tamil Nadu),Villupuram_Thirumtr_IP (Tamil Nadu),152.964,6,0.24,0.039,259.5,276.9,17.4,5865.0,4989.0,876.0,0.998,0.998,7711.0,6845.0,Carting,866.0,150-400km,thin(<1.5/d)
IND281121AAB -> IND110037AAM,Vrindavan_MathuraRD_D (Uttar Pradesh),Delhi_Airport_H (Delhi),153.046,13,0.52,0.0,329.3,412.9,83.6,5867.0,4991.0,876.0,0.958,0.983,7524.0,6740.0,Carting,783.0,150-400km,thin(<1.5/d)
IND600056AAB -> IND635802AAB,MAA_Poonamallee_HB (Tamil Nadu),Ambur_Central_D_2 (Tamil Nadu),153.357,3,0.12,0.039,244.2,260.5,16.4,5874.0,5001.0,873.0,0.998,0.998,7709.0,6846.0,Carting,863.0,150-400km,thin(<1.5/d)
IND131028AAB -> IND244235AAA,Sonipat_Kundli_H (Haryana),Gajraula_JawaharN_D (Uttar Pradesh),153.999,21,0.84,0.053,243.0,258.3,15.3,5888.0,5020.0,868.0,0.999,0.996,7787.0,6925.0,Carting,862.0,150-400km,thin(<1.5/d)
IND521225AAB -> IND507002AAA,Vijayawada_Rynapadu_H (Andhra Pradesh),Khammam_NSTRoad_I (Telangana),154.21,14,0.56,0.009,242.3,270.2,27.9,5893.0,5026.0,866.0,0.997,0.997,7589.0,6740.0,Carting,848.0,150-400km,thin(<1.5/d)
IND508207AAB -> IND521225AAB,Miryalguda_Ragvendr_D (Telangana),Vijayawada_Rynapadu_H (Andhra Pradesh),154.9,10,0.4,0.006,224.9,245.1,20.2,5908.0,5047.0,861.0,0.971,0.969,7538.0,6689.0,Carting,850.0,150-400km,thin(<1.5/d)
IND508377AAB -> IND501359AAE,Haliya_PeroorRD_D (Telangana),Hyderabad_Shamshbd_H (Telangana),155.382,12,0.48,0.001,251.0,316.1,65.1,5918.0,5061.0,857.0,0.978,0.984,7557.0,6754.0,Carting,803.0,150-400km,thin(<1.5/d)
IND344001AAA -> IND345001AAA,Barmer_Nehru3PL_D (Rajasthan),Jaisalmer_Gopa3PL_D (Rajasthan),155.648,6,0.24,0.001,211.8,293.2,81.4,5924.0,5069.0,855.0,0.253,0.272,6445.0,5675.0,Carting,771.0,150-400km,thin(<1.5/d)
IND382430AAB -> IND364004AAB,Ahmedabad_East_H_1 (Gujarat),Bhavnagar_ChtrGIDC_IP (Gujarat),157.485,11,0.44,0.039,264.9,250.1,-14.7,5965.0,5125.0,840.0,0.997,0.996,7813.0,6962.0,Carting,851.0,150-400km,thin(<1.5/d)
IND160002AAC -> IND144001AAB,Chandigarh_Mehmdpur_H (Punjab),Jalandhar_DPC (Punjab),158.58,13,0.52,0.053,233.0,193.1,-39.9,5989.0,5157.0,831.0,0.999,0.996,7879.0,7016.0,Carting,863.0,150-400km,thin(<1.5/d)
IND152026AAA -> IND000000ACA,Muktsar_DPC (Punjab),Ludhiana_MilrGanj_HB (Punjab),159.736,19,0.76,0.004,414.5,405.8,-8.7,6014.0,5192.0,822.0,0.956,0.969,7741.0,6934.0,Carting,807.0,150-400km,thin(<1.5/d)
IND144001AAC -> IND160002AAC,Jalandhar_Sodal Road (Punjab),Chandigarh_Mehmdpur_H (Punjab),159.832,15,0.6,0.0,234.8,228.6,-6.2,6016.0,5195.0,821.0,0.954,0.981,7604.0,6819.0,Carting,786.0,150-400km,thin(<1.5/d)
IND322001AAC -> IND302014AAB,SawaiMadhopur_Central_DPP_1 (Rajasthan),Jaipur_Central_I_7 (Rajasthan),160.938,3,0.12,0.0,287.4,266.2,-21.3,6041.0,5228.0,812.0,0.96,0.967,7673.0,6855.0,Carting,817.0,150-400km,thin(<1.5/d)
IND131028AAB -> IND247667AAA,Sonipat_Kundli_H (Haryana),Roorkee_Dc (Uttarakhand),163.085,5,0.2,0.053,272.7,287.3,14.6,6088.0,5293.0,795.0,0.999,0.998,8007.0,7219.0,Carting,788.0,150-400km,thin(<1.5/d)
IND396191AAC -> IND421302AAG,Vapi_IndEstat_I (Gujarat),Bhiwandi_Mankoli_HB (Maharashtra),163.114,8,0.32,0.002,220.0,224.7,4.7,6089.0,5293.0,795.0,0.987,0.986,7724.0,6931.0,Carting,793.0,150-400km,thin(<1.5/d)
IND342301AAA -> IND342005AAD,Phalodi_PalikDPP_D (Rajasthan),Jodhpur_Basni_I (Rajasthan),163.35,14,0.56,0.002,361.7,403.9,42.2,6094.0,5300.0,793.0,0.991,0.993,7829.0,7067.0,Carting,762.0,150-400km,thin(<1.5/d)
IND244221AAA -> IND131028AAB,Amroha_SamitiRd_D (Uttar Pradesh),Sonipat_Kundli_H (Haryana),163.492,21,0.84,0.007,232.4,243.0,10.7,6097.0,5305.0,792.0,0.997,0.997,7781.0,6996.0,Carting,785.0,150-400km,thin(<1.5/d)
IND131028AAB -> IND247667AAB,Sonipat_Kundli_H (Haryana),Roorkee_IOTCEncl_L (Uttarakhand),163.766,15,0.6,0.053,274.7,289.4,14.7,6103.0,5313.0,790.0,0.999,0.998,8024.0,7241.0,Carting,783.0,150-400km,thin(<1.5/d)
IND210427AAA -> IND209304AAA,Mahoba_Mlkpura_D (Uttar Pradesh),Kanpur_Central_H_6 (Uttar Pradesh),164.19,9,0.36,0.001,363.3,389.8,26.5,6112.0,5326.0,786.0,0.994,0.995,7849.0,7081.0,Carting,768.0,150-400km,thin(<1.5/d)
IND160002AAC -> IND142001AAB,Chandigarh_Mehmdpur_H (Punjab),Moga_DPC (Punjab),164.471,18,0.72,0.053,221.1,200.4,-20.7,6118.0,5334.0,784.0,0.999,0.997,8002.0,7200.0,Carting,802.0,150-400km,thin(<1.5/d)
IND673632AAA -> IND683511AAA,Kozhikode_Central_H_4 (Kerala),Aluva_Peedika_H (Kerala),164.836,6,0.24,0.002,299.6,278.1,-21.5,6126.0,5345.0,781.0,0.944,0.919,7752.0,6919.0,Carting,833.0,150-400km,thin(<1.5/d)
IND562132AAA -> IND573201AAB,Bangalore_Nelmngla_H (Karnataka),Hassan_Pandrnga_I (Karnataka),165.35,16,0.64,0.089,223.5,235.3,11.8,6138.0,5360.0,777.0,0.999,0.997,8184.0,7411.0,Carting,773.0,150-400km,thin(<1.5/d)
IND305001AAC -> IND306401AAB,Ajmer_FoySGRRD_I (Rajasthan),Pali_Nayagaon_I (Rajasthan),166.607,15,0.6,0.01,268.7,289.3,20.6,6165.0,5398.0,767.0,0.998,0.998,7887.0,7133.0,Carting,754.0,150-400km,thin(<1.5/d)
IND306401AAB -> IND305001AAC,Pali_Nayagaon_I (Rajasthan),Ajmer_FoySGRRD_I (Rajasthan),166.742,20,0.8,0.017,254.3,276.0,21.7,6168.0,5402.0,766.0,0.999,0.999,7915.0,7163.0,Carting,752.0,150-400km,thin(<1.5/d)
IND390022AAA -> IND395023AAA,Vadodara_Karelibaug_DPC (Gujarat),Surat_HUB (Gujarat),167.028,21,0.84,0.006,217.0,225.8,8.8,6175.0,5411.0,764.0,0.999,0.999,7846.0,7088.0,Carting,758.0,150-400km,thin(<1.5/d)
IND757037AAA -> IND756100AAC,Karanjia_Sarubali_D (Orissa),Bhadrak_Central_I_2 (Orissa),167.105,12,0.48,0.001,311.8,301.1,-10.7,6176.0,5413.0,763.0,0.999,0.999,7886.0,7116.0,Carting,771.0,150-400km,thin(<1.5/d)
IND125001AAA -> IND335524AAA,Hisar_ModelTwn_P (Haryana),Rawatsar_ShivmDPP_D (Rajasthan),167.693,5,0.2,0.009,378.7,399.4,20.7,6189.0,5431.0,758.0,1.0,1.0,7984.0,7239.0,Carting,745.0,150-400km,thin(<1.5/d)
IND784001AAA -> IND791111AAC,Tezpur_Mhbhirab_D (Assam),Itanagar_WageDPP_D (Arunachal Pradesh),167.874,3,0.12,0.001,260.0,248.5,-11.5,6193.0,5436.0,757.0,0.998,0.998,7869.0,7105.0,Carting,764.0,150-400km,thin(<1.5/d)
IND834002AAB -> IND826004AAA,Ranchi_Hub (Jharkhand),Dhanbad_Kalynpur_I (Jharkhand),168.671,21,0.84,0.01,277.9,303.6,25.7,6211.0,5460.0,751.0,0.999,0.999,7940.0,7206.0,Carting,734.0,150-400km,thin(<1.5/d)
IND395023AAA -> IND390022AAA,Surat_HUB (Gujarat),Vadodara_Karelibaug_DPC (Gujarat),169.31,8,0.32,0.021,262.6,282.1,19.5,6225.0,5479.0,746.0,1.0,1.0,7996.0,7263.0,Carting,733.0,150-400km,thin(<1.5/d)
IND845455AAB -> IND842001AAA,Narktiganj_Central_DPP_2 (Bihar),Muzaffrpur_Bbganj_I (Bihar),169.849,17,0.68,0.0,247.4,228.1,-19.4,6237.0,5495.0,741.0,0.997,0.998,7899.0,7146.0,Carting,754.0,150-400km,thin(<1.5/d)
IND000000ACB -> IND125001AAA,Gurgaon_Bilaspur_HB (Haryana),Hisar_ModelTwn_P (Haryana),170.243,15,0.6,0.191,262.8,265.8,3.0,6245.0,5507.0,738.0,1.0,0.999,8777.0,8040.0,Carting,737.0,150-400km,thin(<1.5/d)
IND125001AAA -> IND000000ACB,Hisar_ModelTwn_P (Haryana),Gurgaon_Bilaspur_HB (Haryana),170.451,10,0.4,0.009,311.7,328.7,17.0,6250.0,5514.0,736.0,1.0,1.0,8000.0,7275.0,Carting,725.0,150-400km,thin(<1.5/d)
IND000000ACB -> IND125005AAA,Gurgaon_Bilaspur_HB (Haryana),Hisar_IndstlAr_I (Haryana),170.565,4,0.16,0.191,263.8,266.8,3.0,6252.0,5517.0,735.0,1.0,0.999,8785.0,8051.0,Carting,734.0,150-400km,thin(<1.5/d)
IND501359AAE -> IND506002AAA,Hyderabad_Shamshbd_H (Telangana),Warangal_HunterRd_I (Telangana),171.076,16,0.64,0.111,233.0,262.9,29.9,6264.0,5532.0,731.0,1.0,1.0,8416.0,7704.0,Carting,712.0,150-400km,thin(<1.5/d)
IND125005AAA -> IND000000ACB,Hisar_IndstlAr_I (Haryana),Gurgaon_Bilaspur_HB (Haryana),171.936,5,0.2,0.005,283.5,311.8,28.4,6283.0,5558.0,725.0,0.999,0.998,7991.0,7285.0,Carting,706.0,150-400km,thin(<1.5/d)
IND125001AAA -> IND110037AAM,Hisar_ModelTwn_P (Haryana),Delhi_Airport_H (Delhi),172.491,11,0.44,0.009,304.8,321.4,16.6,6295.0,5575.0,720.0,1.0,1.0,8040.0,7331.0,Carting,709.0,150-400km,thin(<1.5/d)
IND312605AAB -> IND313001AAB,Pratapgarh_Nimachrd_D (Rajasthan),Udaipur_Mangri_I (Rajasthan),173.202,7,0.28,0.002,261.7,264.7,3.0,6310.0,5596.0,714.0,0.997,0.996,7990.0,7276.0,Carting,714.0,150-400km,thin(<1.5/d)
IND494334AAB -> IND493445AAB,Kanker_KrisnKunj_D (Chhattisgarh),Mahasamund_RajpurRD_D (Chhattisgarh),173.82,11,0.44,0.0,250.2,218.5,-31.7,6324.0,5615.0,709.0,0.998,0.999,7988.0,7258.0,Carting,730.0,150-400km,thin(<1.5/d)
IND246763AAA -> IND244901AAB,Najibabad_KotdwrRD_D (Uttar Pradesh),Rampur_RoshnBgh_I (Uttar Pradesh),174.135,3,0.12,0.002,312.5,310.3,-2.2,6331.0,5624.0,707.0,0.998,0.997,8045.0,7335.0,Carting,710.0,150-400km,thin(<1.5/d)
IND518102AAA -> IND518002AAA,Srisailam_Sishumdr_D (Andhra Pradesh),Kurnool_AbbasNgr_I (Andhra Pradesh),175.912,14,0.56,0.001,272.5,313.0,40.6,6370.0,5677.0,693.0,0.998,0.998,8053.0,7387.0,Carting,666.0,150-400km,thin(<1.5/d)
IND691001AAB -> IND683511AAA,Kollam_Central_H_1 (Kerala),Aluva_Peedika_H (Kerala),175.966,9,0.36,0.006,296.4,317.8,21.4,6371.0,5679.0,692.0,0.995,0.996,8088.0,7412.0,Carting,676.0,150-400km,thin(<1.5/d)
IND573201AAB -> IND575004AAB,Hassan_Pandrnga_I (Karnataka),Mangalore_Kuntikna_H (Karnataka),176.579,14,0.56,0.013,275.4,306.1,30.7,6385.0,5697.0,687.0,1.0,1.0,8124.0,7457.0,Carting,667.0,150-400km,thin(<1.5/d)
IND344001AAA -> IND345021AAA,Barmer_Nehru3PL_D (Rajasthan),Pokhran_SttinDPP_D (Rajasthan),177.221,3,0.12,0.001,191.9,242.0,50.1,6399.0,5717.0,682.0,0.968,0.963,7983.0,7326.0,Carting,657.0,150-400km,thin(<1.5/d)
IND781018AAB -> IND784001AAA,Guwahati_Hub (Assam),Tezpur_Mhbhirab_D (Assam),177.586,4,0.16,0.044,269.0,278.3,9.3,6407.0,5728.0,679.0,0.999,0.997,8281.0,7604.0,Carting,677.0,150-400km,thin(<1.5/d)
IND756100AAC -> IND758001AAA,Bhadrak_Central_I_2 (Orissa),Kendujhar_Sirjudin_D (Orissa),178.949,4,0.16,0.032,300.9,335.8,34.9,6437.0,5768.0,668.0,1.0,0.999,8279.0,7633.0,Carting,645.0,150-400km,thin(<1.5/d)
IND125005AAA -> IND335513AAA,Hisar_IndstlAr_I (Haryana),Hanumangarh_DC (Rajasthan),179.057,3,0.12,0.005,308.0,347.5,39.5,6439.0,5772.0,668.0,0.999,0.998,8164.0,7522.0,Carting,642.0,150-400km,thin(<1.5/d)
IND125001AAA -> IND335513AAA,Hisar_ModelTwn_P (Haryana),Hanumangarh_DC (Rajasthan),179.803,7,0.28,0.009,346.3,373.8,27.6,6456.0,5794.0,662.0,1.0,1.0,8229.0,7585.0,Carting,643.0,150-400km,thin(<1.5/d)
IND160002AAC -> IND174001AAA,Chandigarh_Mehmdpur_H (Punjab),BilaspurHP_Indsarea_D (Himachal Pradesh),180.081,16,0.64,0.053,261.0,242.5,-18.5,6462.0,5802.0,659.0,1.0,0.999,8372.0,7700.0,Carting,673.0,150-400km,thin(<1.5/d)
IND751002AAB -> IND760003AAB,Bhubaneshwar_Hub (Orissa),Berhampur_Khajuria_I (Orissa),181.195,12,0.48,0.057,316.1,348.1,32.0,6486.0,5836.0,650.0,1.0,0.999,8453.0,7824.0,Carting,629.0,150-400km,thin(<1.5/d)
IND562132AAA -> IND570020AAA,Bangalore_Nelmngla_H (Karnataka),Mysore_Yadvgiri_IP (Karnataka),181.523,9,0.36,0.089,258.3,278.2,19.9,6494.0,5846.0,648.0,1.0,0.999,8565.0,7929.0,Carting,636.0,150-400km,thin(<1.5/d)
IND530012AAC -> IND533106AAA,Vizag_Gajuwaka_L (Andhra Pradesh),Rajamundry_AtoNgrRd_I (Andhra Pradesh),181.894,4,0.16,0.0,281.0,295.3,14.3,6502.0,5857.0,645.0,0.997,0.998,8184.0,7551.0,Carting,633.0,150-400km,thin(<1.5/d)
IND131028AAB -> IND160002AAC,Sonipat_Kundli_H (Haryana),Chandigarh_Mehmdpur_H (Punjab),181.917,30,1.2,0.053,256.2,278.6,22.4,6502.0,5858.0,645.0,1.0,0.999,8412.0,7781.0,Carting,631.0,150-400km,thin(<1.5/d)
IND160002AAC -> IND131028AAB,Chandigarh_Mehmdpur_H (Punjab),Sonipat_Kundli_H (Haryana),182.034,12,0.48,0.053,242.7,228.8,-13.9,6505.0,5861.0,644.0,1.0,0.999,8403.0,7749.0,Carting,654.0,150-400km,thin(<1.5/d)
IND533106AAA -> IND530012AAA,Rajamundry_AtoNgrRd_I (Andhra Pradesh),Visakhapatnam_Gajuwaka_IP (Andhra Pradesh),183.151,11,0.44,0.026,333.0,372.3,39.3,6529.0,5895.0,635.0,1.0,1.0,8369.0,7760.0,Carting,609.0,150-400km,thin(<1.5/d)
IND000000ACB -> IND282002AAD,Gurgaon_Bilaspur_HB (Haryana),,183.208,9,0.36,0.191,263.0,270.3,7.3,6531.0,5896.0,634.0,1.0,0.999,9063.0,8432.0,Carting,630.0,150-400km,thin(<1.5/d)
IND580028AAA -> IND403726AAA,Hubli_Adargchi_IP (Karnataka),Goa_Hub (Goa),183.294,13,0.52,0.014,309.3,318.8,9.5,6532.0,5899.0,634.0,0.999,0.999,8302.0,7674.0,Carting,628.0,150-400km,thin(<1.5/d)
IND577522AAA -> IND562132AAA,Challakere_Shivangr_D (Karnataka),Bangalore_Nelmngla_H (Karnataka),183.659,10,0.4,0.002,228.8,252.7,23.9,6540.0,5910.0,631.0,0.998,0.997,8200.0,7584.0,Carting,616.0,150-400km,thin(<1.5/d)
IND211002AAB -> IND485001AAC,Allahabad_Central_H_1 (Uttar Pradesh),Satna_Central_I_2 (Madhya Pradesh),185.396,13,0.52,0.008,292.7,345.6,52.9,6579.0,5962.0,617.0,0.999,0.999,8307.0,7726.0,Carting,582.0,150-400km,thin(<1.5/d)
IND796321AAB -> IND796009AAA,Champhai_AwmpiVng_D (Mizoram),Aizawl_HunthrVg_I (Mizoram),185.792,3,0.12,0.0,531.2,539.5,8.3,6587.0,5974.0,614.0,0.997,0.998,8437.0,7831.0,Carting,606.0,150-400km,thin(<1.5/d)
IND796009AAA -> IND796321AAB,Aizawl_HunthrVg_I (Mizoram),Champhai_AwmpiVng_D (Mizoram),186.15,4,0.16,0.0,531.2,539.5,8.3,6595.0,5984.0,611.0,0.997,0.998,8445.0,7842.0,Carting,603.0,150-400km,thin(<1.5/d)
IND600056AAB -> IND524003AAA,MAA_Poonamallee_HB (Tamil Nadu),Nellore_DC (Andhra Pradesh),186.654,14,0.56,0.039,286.0,312.5,26.5,6606.0,6000.0,607.0,1.0,1.0,8472.0,7883.0,Carting,589.0,150-400km,thin(<1.5/d)
IND756032AAA -> IND712311AAA,Jaleswar_NaturDPP_D (Orissa),Kolkata_Dankuni_HB (West Bengal),189.095,9,0.36,0.0,286.3,332.3,46.0,6660.0,6073.0,587.0,0.998,0.999,8348.0,7793.0,Carting,555.0,150-400km,thin(<1.5/d)
IND313001AAB -> IND306401AAB,Udaipur_Mangri_I (Rajasthan),Pali_Nayagaon_I (Rajasthan),189.127,17,0.68,0.019,312.5,362.9,50.4,6661.0,6074.0,587.0,0.999,0.999,8455.0,7901.0,Carting,554.0,150-400km,thin(<1.5/d)
IND501359AAE -> IND518002AAA,Hyderabad_Shamshbd_H (Telangana),Kurnool_AbbasNgr_I (Andhra Pradesh),194.036,16,0.64,0.111,260.6,298.7,38.1,6769.0,6221.0,548.0,1.0,1.0,8940.0,8417.0,Carting,523.0,150-400km,thin(<1.5/d)
IND160002AAC -> IND174307AAA,Chandigarh_Mehmdpur_H (Punjab),Bangana_Bhaleti_D (Himachal Pradesh),194.456,14,0.56,0.053,337.7,318.3,-19.4,6778.0,6234.0,544.0,1.0,0.999,8740.0,8181.0,Carting,558.0,150-400km,thin(<1.5/d)
IND249407AAA -> IND131028AAB,Haridwar (Uttarakhand),Sonipat_Kundli_H (Haryana),194.811,18,0.72,0.004,490.3,501.6,11.3,6786.0,6244.0,542.0,0.998,0.998,8627.0,8093.0,Carting,533.0,150-400km,thin(<1.5/d)
IND723202AAA -> IND713205AAB,Jhalda_GMukrDPP_D (West Bengal),Durgapur_Central_I_1 (West Bengal),195.461,14,0.56,0.003,313.6,326.0,12.5,6800.0,6264.0,536.0,0.999,0.998,8520.0,7991.0,Carting,529.0,150-400km,thin(<1.5/d)
IND635802AAB -> IND562132AAA,Ambur_Central_D_2 (Tamil Nadu),Bangalore_Nelmngla_H (Karnataka),195.68,6,0.24,0.002,361.4,421.6,60.3,6805.0,6270.0,535.0,0.999,0.998,8551.0,8056.0,Carting,495.0,150-400km,thin(<1.5/d)
IND486661AAA -> IND211002AAB,Sidhi_Padra_D (Madhya Pradesh),Allahabad_Central_H_1 (Uttar Pradesh),195.694,5,0.2,0.001,518.8,555.5,36.7,6805.0,6271.0,534.0,0.998,0.997,8654.0,8143.0,Carting,511.0,150-400km,thin(<1.5/d)
IND211002AAB -> IND209304AAA,Allahabad_Central_H_1 (Uttar Pradesh),Kanpur_Central_H_6 (Uttar Pradesh),196.009,16,0.64,0.008,303.7,358.6,54.8,6812.0,6280.0,532.0,0.999,0.999,8548.0,8053.0,Carting,495.0,150-400km,thin(<1.5/d)
IND209304AAA -> IND211002AAB,Kanpur_Central_H_6 (Uttar Pradesh),Allahabad_Central_H_1 (Uttar Pradesh),196.457,21,0.84,0.039,258.9,275.8,16.9,6822.0,6294.0,528.0,0.993,0.965,8658.0,8093.0,Carting,565.0,150-400km,thin(<1.5/d)
IND415709AAA -> IND416012AAA,Khed_Mahad_D (Maharashtra),Kolhapur_Shivaji_I (Maharashtra),198.082,5,0.2,0.002,339.9,478.0,138.1,6858.0,6342.0,515.0,0.999,0.999,8590.0,8166.0,Carting,424.0,150-400km,thin(<1.5/d)
IND560099AAB -> IND632006AAA,Bengaluru_Bomsndra_HB (Karnataka),Vellore_GndhiNgr_IP (Tamil Nadu),198.339,8,0.32,0.005,244.6,284.4,39.8,6863.0,6350.0,513.0,0.99,0.986,8535.0,8042.0,Carting,493.0,150-400km,thin(<1.5/d)
IND518002AAA -> IND501359AAE,Kurnool_AbbasNgr_I (Andhra Pradesh),Hyderabad_Shamshbd_H (Telangana),199.606,12,0.48,0.015,273.2,306.0,32.8,6891.0,6388.0,503.0,1.0,0.999,8641.0,8159.0,Carting,482.0,150-400km,thin(<1.5/d)
IND131028AAB -> IND244001AAA,Sonipat_Kundli_H (Haryana),Moradabad_DC (Uttar Pradesh),201.237,19,0.76,0.053,313.3,340.7,27.4,6927.0,6437.0,490.0,1.0,0.999,8875.0,8402.0,Carting,473.0,150-400km,thin(<1.5/d)
IND110037AAM -> IND282001AAA,Delhi_Airport_H (Delhi),Agra_Idgah_P (Uttar Pradesh),202.207,4,0.16,0.054,299.7,311.6,11.9,6949.0,6466.0,482.0,0.998,0.998,8889.0,8414.0,Carting,475.0,150-400km,thin(<1.5/d)
IND151001AAA -> IND160002AAC,Bhatinda_DPC (Punjab),Chandigarh_Mehmdpur_H (Punjab),203.286,21,0.84,0.005,273.1,320.7,47.6,6972.0,6499.0,474.0,0.994,0.995,8669.0,8228.0,Carting,441.0,150-400km,thin(<1.5/d)
IND562132AAA -> IND515004AAA,Bangalore_Nelmngla_H (Karnataka),Anantapur_KamaStrt_I (Andhra Pradesh),203.426,12,0.48,0.089,308.8,337.5,28.6,6975.0,6503.0,473.0,1.0,0.999,9080.0,8626.0,Carting,455.0,150-400km,thin(<1.5/d)
IND160002AAC -> IND151001AAA,Chandigarh_Mehmdpur_H (Punjab),Bhatinda_DPC (Punjab),203.919,15,0.6,0.053,294.8,277.9,-17.0,6986.0,6518.0,469.0,1.0,0.999,8919.0,8438.0,Carting,481.0,150-400km,thin(<1.5/d)
IND515004AAA -> IND562132AAA,Anantapur_KamaStrt_I (Andhra Pradesh),Bangalore_Nelmngla_H (Karnataka),205.109,8,0.32,0.013,380.7,443.1,62.4,7012.0,6553.0,459.0,0.999,0.999,8824.0,8406.0,Carting,418.0,150-400km,thin(<1.5/d)
IND794101AAA -> IND781018AAB,Tura_Sracmplx_D (Meghalaya),Guwahati_Hub (Assam),207.362,9,0.36,0.004,351.7,350.8,-0.9,7062.0,6621.0,441.0,0.999,0.998,8811.0,8369.0,Carting,443.0,150-400km,thin(<1.5/d)
IND713364AAB -> IND712311AAA,Rupnarayanpur_Salanpur_D (West Bengal),Kolkata_Dankuni_HB (West Bengal),207.479,12,0.48,0.0,345.0,330.7,-14.3,7065.0,6624.0,440.0,0.996,0.995,8790.0,8339.0,Carting,451.0,150-400km,thin(<1.5/d)
IND282001AAA -> IND000000ACB,Agra_Idgah_P (Uttar Pradesh),Gurgaon_Bilaspur_HB (Haryana),211.337,5,0.2,0.0,381.7,408.8,27.0,7149.0,6740.0,409.0,0.996,0.998,8897.0,8510.0,Carting,387.0,150-400km,thin(<1.5/d)
IND313001AAB -> IND327001AAB,Udaipur_Mangri_I (Rajasthan),Banswara_KhandDPP_D (Rajasthan),212.602,8,0.32,0.019,334.6,388.6,54.0,7177.0,6778.0,399.0,0.999,0.999,8986.0,8622.0,Carting,364.0,150-400km,thin(<1.5/d)
IND332001AAB -> IND334001AAB,Sikar_FatehpRd_I (Rajasthan),Bikaner_DC (Rajasthan),213.51,10,0.4,0.01,277.0,305.9,28.9,7197.0,6805.0,392.0,0.998,0.998,8922.0,8549.0,Carting,373.0,150-400km,thin(<1.5/d)
IND332001AAB -> IND334001AAC,Sikar_FatehpRd_I (Rajasthan),Bikaner_ITICollg_L (Rajasthan),213.635,3,0.12,0.01,277.9,306.9,29.0,7200.0,6809.0,391.0,0.998,0.998,8925.0,8553.0,Carting,372.0,150-400km,thin(<1.5/d)
IND465001AAA -> IND462022AAA,Shajapur_MhpraRD_D (Madhya Pradesh),Bhopal_Trnsport_H (Madhya Pradesh),213.955,4,0.16,0.002,248.6,327.4,78.8,7207.0,6819.0,388.0,0.996,0.996,8875.0,8538.0,Carting,336.0,150-400km,thin(<1.5/d)
IND177033AAA -> IND160002AAC,Nadaun_Ward6_D (Himachal Pradesh),Chandigarh_Mehmdpur_H (Punjab),214.307,18,0.72,0.001,538.4,560.8,22.3,7215.0,6829.0,386.0,1.0,1.0,9077.0,8706.0,Carting,371.0,150-400km,thin(<1.5/d)
IND712311AAA -> IND742102AAB,Kolkata_Dankuni_HB (West Bengal),Berhampore_Central_I_2 (West Bengal),215.474,3,0.12,0.09,378.1,435.0,56.9,7240.0,6864.0,376.0,1.0,1.0,9399.0,9061.0,Carting,338.0,150-400km,thin(<1.5/d)
IND712311AAA -> IND742101AAC,Kolkata_Dankuni_HB (West Bengal),Baharampur_Chuanpur_I (West Bengal),215.519,8,0.32,0.09,378.1,435.0,56.9,7241.0,6866.0,376.0,1.0,1.0,9400.0,9062.0,Carting,338.0,150-400km,thin(<1.5/d)
IND331507AAA -> IND302014AAA,Sujangarh_JngidDPP_D (Rajasthan),Jaipur_Hub (Rajasthan),215.951,3,0.12,0.0,307.6,333.2,25.6,7251.0,6879.0,372.0,0.997,0.998,8951.0,8598.0,Carting,353.0,150-400km,thin(<1.5/d)
IND501359AAE -> IND585104AAA,Hyderabad_Shamshbd_H (Telangana),Gulbarga_Nehrugnj_I (Karnataka),216.129,21,0.84,0.111,317.9,365.5,47.6,7255.0,6884.0,371.0,1.0,1.0,9464.0,9124.0,Carting,340.0,150-400km,thin(<1.5/d)
IND341306AAA -> IND302014AAA,Sujangarh_LdnunDPP_D (Rajasthan),Jaipur_Hub (Rajasthan),216.506,4,0.16,0.005,353.6,400.2,46.6,7263.0,6895.0,368.0,0.999,0.998,9020.0,8682.0,Carting,338.0,150-400km,thin(<1.5/d)
IND742101AAC -> IND712311AAA,Baharampur_Chuanpur_I (West Bengal),Kolkata_Dankuni_HB (West Bengal),218.237,7,0.28,0.009,334.2,368.1,34.0,7301.0,6947.0,354.0,0.999,0.999,9062.0,8731.0,Carting,332.0,150-400km,thin(<1.5/d)
IND742102AAB -> IND712311AAA,Berhampore_Central_I_2 (West Bengal),Kolkata_Dankuni_HB (West Bengal),218.873,4,0.16,0.006,334.6,372.2,37.6,7315.0,6966.0,349.0,0.998,0.999,9062.0,8739.0,Carting,323.0,150-400km,thin(<1.5/d)
IND000000ACB -> IND302014AAA,Gurgaon_Bilaspur_HB (Haryana),Jaipur_Hub (Rajasthan),221.269,30,1.2,0.191,326.0,336.3,10.3,7368.0,7038.0,330.0,1.0,0.999,9942.0,9618.0,Carting,324.0,150-400km,thin(<1.5/d)
IND000000ACB -> IND302022AAD,Gurgaon_Bilaspur_HB (Haryana),Jaipur_RIICO_L (Rajasthan),221.442,20,0.8,0.191,325.0,335.3,10.3,7372.0,7043.0,328.0,1.0,0.999,9945.0,9623.0,Carting,323.0,150-400km,thin(<1.5/d)
IND302014AAA -> IND000000ACB,Jaipur_Hub (Rajasthan),Gurgaon_Bilaspur_HB (Haryana),221.452,23,0.92,0.045,323.5,345.8,22.3,7372.0,7044.0,328.0,0.999,0.996,9287.0,8969.0,Carting,317.0,150-400km,thin(<1.5/d)
IND302022AAD -> IND000000ACB,Jaipur_RIICO_L (Rajasthan),Gurgaon_Bilaspur_HB (Haryana),222.382,7,0.28,0.0,309.2,338.1,28.9,7392.0,7071.0,321.0,0.996,0.998,9093.0,8794.0,Carting,299.0,150-400km,thin(<1.5/d)
IND472001AAA -> IND474003AAA,Tikamgarh_MndiRoad_D (Madhya Pradesh),Gwalior_HrihrNgr_I (Madhya Pradesh),225.719,3,0.12,0.001,519.0,604.5,85.5,7466.0,7172.0,294.0,0.995,0.994,9310.0,9072.0,Carting,239.0,150-400km,thin(<1.5/d)
IND000000ACT -> IND160002AAC,Delhi_Gateway_HB (Delhi),Chandigarh_Mehmdpur_H (Punjab),226.199,21,0.84,0.0,343.4,373.3,29.8,7476.0,7186.0,290.0,0.993,0.996,9195.0,8929.0,Carting,266.0,150-400km,thin(<1.5/d)
IND160002AAC -> IND110037AAM,Chandigarh_Mehmdpur_H (Punjab),Delhi_Airport_H (Delhi),229.158,9,0.36,0.053,345.9,327.4,-18.5,7541.0,7275.0,267.0,0.999,0.998,9508.0,9226.0,Carting,282.0,150-400km,thin(<1.5/d)
IND530012AAA -> IND764001AAC,Visakhapatnam_Gajuwaka_IP (Andhra Pradesh),Jeypore_Kelasahi_D (Orissa),231.337,3,0.12,0.033,327.2,365.0,37.9,7589.0,7340.0,249.0,0.999,0.998,9456.0,9230.0,Carting,225.0,150-400km,thin(<1.5/d)
IND262501AAA -> IND263153AAB,Pithorgarh_Kumud_D (Uttarakhand),Rudrapur_UdhamNgr_H (Uttarakhand),233.075,8,0.32,0.0,330.3,327.0,-3.4,7628.0,7392.0,235.0,0.992,0.997,9336.0,9105.0,Carting,231.0,150-400km,thin(<1.5/d)
IND282001AAA -> IND110037AAM,Agra_Idgah_P (Uttar Pradesh),Delhi_Airport_H (Delhi),233.202,7,0.28,0.0,359.0,397.4,38.4,7630.0,7396.0,234.0,0.993,0.997,9359.0,9156.0,Carting,202.0,150-400km,thin(<1.5/d)
IND411033AAA -> IND431136AAC,Pune_Tathawde_H (Maharashtra),Aurangabad_Central_H_1 (Maharashtra),235.202,12,0.48,0.054,334.6,381.1,46.5,7674.0,7456.0,218.0,1.0,0.998,9640.0,9451.0,Carting,189.0,150-400km,thin(<1.5/d)
IND431136AAC -> IND411033AAA,Aurangabad_Central_H_1 (Maharashtra),Pune_Tathawde_H (Maharashtra),235.462,13,0.52,0.006,330.2,366.1,35.9,7680.0,7464.0,216.0,0.997,0.997,9421.0,9228.0,Carting,193.0,150-400km,thin(<1.5/d)
IND784176AAA -> IND781018AAB,Bishwanath_ChrliDPP_D (Assam),Guwahati_Hub (Assam),236.68,4,0.16,0.004,402.7,395.2,-7.5,7707.0,7500.0,207.0,0.995,0.996,9486.0,9275.0,Carting,210.0,150-400km,thin(<1.5/d)
IND344001AAA -> IND342301AAA,Barmer_Nehru3PL_D (Rajasthan),Phalodi_PalikDPP_D (Rajasthan),236.685,4,0.16,0.001,214.3,284.5,70.2,7707.0,7501.0,207.0,0.943,0.934,9268.0,9095.0,Carting,173.0,150-400km,thin(<1.5/d)
IND413401AAA -> IND411033AAA,Barshi_Kurduwdi_D (Maharashtra),Pune_Tathawde_H (Maharashtra),237.85,19,0.76,0.001,312.4,295.6,-16.8,7733.0,7536.0,197.0,0.998,0.997,9440.0,9230.0,Carting,209.0,150-400km,thin(<1.5/d)
IND472001AAA -> IND485001AAC,Tikamgarh_MndiRoad_D (Madhya Pradesh),Satna_Central_I_2 (Madhya Pradesh),242.313,16,0.64,0.001,466.0,543.9,78.0,7831.0,7669.0,161.0,0.996,0.995,9641.0,9530.0,Carting,111.0,150-400km,thin(<1.5/d)
IND756100AAC -> IND758034AAA,Bhadrak_Central_I_2 (Orissa),Joda_Central_D_1 (Orissa),243.69,13,0.52,0.032,396.2,450.3,54.1,7861.0,7711.0,150.0,0.999,0.999,9766.0,9651.0,Carting,115.0,150-400km,thin(<1.5/d)
IND342902A1B -> IND302014AAA,,Jaipur_Hub (Rajasthan),243.836,9,0.36,0.003,333.2,390.1,56.9,7864.0,7715.0,149.0,0.999,0.999,9597.0,9485.0,Carting,112.0,150-400km,thin(<1.5/d)
IND342902AAA -> IND302014AAA,Gotan_DKLogDPP_D (Rajasthan),Jaipur_Hub (Rajasthan),244.434,5,0.2,0.0,354.0,428.4,74.4,7878.0,7733.0,145.0,0.997,0.998,9609.0,9516.0,Carting,93.0,150-400km,thin(<1.5/d)
IND000000ACB -> IND328001AAA,Gurgaon_Bilaspur_HB (Haryana),Dholpur_GtRoad_D (Rajasthan),244.709,5,0.2,0.191,381.9,425.8,43.9,7884.0,7741.0,142.0,1.0,0.999,10495.0,10379.0,Carting,115.0,150-400km,thin(<1.5/d)
IND248001AAD -> IND131028AAB,Dehradun_Nirjanpur_L (Uttarakhand),Sonipat_Kundli_H (Haryana),245.496,9,0.36,0.001,356.8,430.9,74.1,7901.0,7765.0,136.0,0.999,0.999,9641.0,9554.0,Carting,87.0,150-400km,thin(<1.5/d)
IND248001AAA -> IND131028AAB,Dehradun (Uttarakhand),Sonipat_Kundli_H (Haryana),246.83,12,0.48,0.001,601.8,545.0,-56.8,7930.0,7805.0,125.0,0.998,0.998,9832.0,9668.0,Carting,164.0,150-400km,thin(<1.5/d)
IND160002AAC -> IND143001AAA,Chandigarh_Mehmdpur_H (Punjab),Amritsar_DPC (Punjab),247.073,11,0.44,0.053,330.9,341.7,10.7,7936.0,7812.0,123.0,1.0,0.998,9892.0,9774.0,Carting,119.0,150-400km,thin(<1.5/d)
IND473226AAA -> IND474003AAA,Guna_Raghogrh_D (Madhya Pradesh),Gwalior_HrihrNgr_I (Madhya Pradesh),248.769,10,0.4,0.001,499.2,568.3,69.1,7973.0,7863.0,110.0,0.998,0.997,9806.0,9742.0,Carting,65.0,150-400km,thin(<1.5/d)
IND411033AAA -> IND416012AAA,Pune_Tathawde_H (Maharashtra),Kolhapur_Shivaji_I (Maharashtra),249.272,13,0.52,0.054,428.0,522.8,94.9,7984.0,7878.0,106.0,1.0,0.998,10012.0,9967.0,Carting,44.0,150-400km,thin(<1.5/d)
IND712311AAA -> IND826004AAA,Kolkata_Dankuni_HB (West Bengal),Dhanbad_Kalynpur_I (Jharkhand),249.749,7,0.28,0.09,415.9,508.4,92.5,7994.0,7892.0,102.0,1.0,1.0,10178.0,10137.0,Carting,41.0,150-400km,thin(<1.5/d)
IND421302AAG -> IND395023AAA,Bhiwandi_Mankoli_HB (Maharashtra),Surat_HUB (Gujarat),253.549,11,0.44,0.061,378.6,468.1,89.6,8078.0,8006.0,72.0,1.0,1.0,10105.0,10092.0,Carting,12.0,150-400km,thin(<1.5/d)
IND283203AAA -> IND110037AAM,Firozabad_Sudmpuri_D (Uttar Pradesh),Delhi_Airport_H (Delhi),257.583,13,0.52,0.0,376.4,369.7,-6.7,8167.0,8127.0,39.0,0.995,0.993,9913.0,9865.0,Carting,48.0,150-400km,thin(<1.5/d)
IND209304AAA -> IND282001AAA,Kanpur_Central_H_6 (Uttar Pradesh),Agra_Idgah_P (Uttar Pradesh),259.684,9,0.36,0.039,340.2,551.8,211.7,8213.0,8191.0,23.0,0.989,0.943,10096.0,10139.0,FTL,42.0,150-400km,thin(<1.5/d)
IND395023AAA -> IND382430AAB,Surat_HUB (Gujarat),Ahmedabad_East_H_1 (Gujarat),260.01,21,0.84,0.021,378.1,640.7,262.7,8220.0,8200.0,20.0,0.999,0.999,10068.0,10222.0,FTL,155.0,150-400km,thin(<1.5/d)
IND302014AAA -> IND110037AAM,Jaipur_Hub (Rajasthan),Delhi_Airport_H (Delhi),264.937,14,0.56,0.045,389.3,649.4,260.1,8329.0,8348.0,-19.0,0.999,0.997,10288.0,10478.0,FTL,190.0,150-400km,thin(<1.5/d)
IND395023AAA -> IND421302AAG,Surat_HUB (Gujarat),Bhiwandi_Mankoli_HB (Maharashtra),266.278,3,0.12,0.021,404.4,685.3,280.9,8358.0,8388.0,-30.0,0.999,0.999,10223.0,10440.0,FTL,217.0,150-400km,thin(<1.5/d)
IND313001AAB -> IND382430AAB,Udaipur_Mangri_I (Rajasthan),Ahmedabad_East_H_1 (Gujarat),268.871,14,0.56,0.019,404.9,693.9,289.0,8415.0,8466.0,-51.0,0.998,0.998,10269.0,10512.0,FTL,242.0,150-400km,thin(<1.5/d)
IND382430AAB -> IND395023AAA,Ahmedabad_East_H_1 (Gujarat),Surat_HUB (Gujarat),272.697,30,1.2,0.039,375.7,639.6,263.9,8499.0,8581.0,-82.0,0.999,0.999,10425.0,10682.0,FTL,257.0,150-400km,thin(<1.5/d)
IND382430AAB -> IND313001AAB,Ahmedabad_East_H_1 (Gujarat),Udaipur_Mangri_I (Rajasthan),273.434,14,0.56,0.039,368.9,662.2,293.3,8516.0,8603.0,-87.0,0.999,0.999,10436.0,10719.0,FTL,282.0,150-400km,thin(<1.5/d)
IND263153AAB -> IND131028AAB,Rudrapur_UdhamNgr_H (Uttarakhand),Sonipat_Kundli_H (Haryana),273.453,17,0.68,0.007,435.6,801.1,365.6,8516.0,8604.0,-88.0,0.997,0.997,10334.0,10666.0,FTL,332.0,150-400km,thin(<1.5/d)
IND816107AAA -> IND826004AAA,Pakur_Hatpada_D (Jharkhand),Dhanbad_Kalynpur_I (Jharkhand),278.273,8,0.32,0.001,420.0,737.8,317.8,8622.0,8748.0,-126.0,0.997,0.996,10401.0,10738.0,FTL,337.0,150-400km,thin(<1.5/d)
IND160002AAC -> IND000000ACB,Chandigarh_Mehmdpur_H (Punjab),Gurgaon_Bilaspur_HB (Haryana),280.268,66,2.64,0.053,413.2,651.0,237.8,8666.0,8808.0,-142.0,1.0,0.998,10678.0,10976.0,FTL,298.0,150-400km,medium(1.5-4/d)
IND000000ACB -> IND160002AAC,Gurgaon_Bilaspur_HB (Haryana),Chandigarh_Mehmdpur_H (Punjab),280.284,58,2.32,0.191,426.6,698.4,271.7,8666.0,8809.0,-142.0,1.0,0.999,11307.0,11628.0,FTL,321.0,150-400km,medium(1.5-4/d)
IND574221AAA -> IND562132AAA,Kadaba_AnugrDPP_D (Karnataka),Bangalore_Nelmngla_H (Karnataka),280.83,6,0.24,0.001,489.3,846.9,357.6,8678.0,8825.0,-147.0,0.998,0.998,10505.0,10890.0,FTL,384.0,150-400km,thin(<1.5/d)
IND411033AAA -> IND413002AAA,Pune_Tathawde_H (Maharashtra),Solapur_Central_I_2 (Maharashtra),281.159,27,1.08,0.054,418.3,735.8,317.5,8685.0,8835.0,-149.0,1.0,0.998,10707.0,11066.0,FTL,359.0,150-400km,thin(<1.5/d)
IND424006AAA -> IND421302AAG,Dhule_MIDCAvdn_I (Maharashtra),Bhiwandi_Mankoli_HB (Maharashtra),284.775,8,0.32,0.003,434.6,729.4,294.7,8765.0,8943.0,-178.0,0.998,0.998,10566.0,10941.0,FTL,375.0,150-400km,thin(<1.5/d)
IND175101AAA -> IND160002AAC,Kullu_AkhraBzr_D (Himachal Pradesh),Chandigarh_Mehmdpur_H (Punjab),284.941,4,0.16,0.002,560.7,937.4,376.8,8769.0,8948.0,-180.0,0.997,0.994,10649.0,11076.0,FTL,427.0,150-400km,thin(<1.5/d)
IND673592AAA -> IND562132AAA,SultnBthry_Kollgpra_D (Kerala),Bangalore_Nelmngla_H (Karnataka),285.063,12,0.48,0.001,344.0,697.8,353.8,8771.0,8952.0,-181.0,0.992,0.993,10495.0,10912.0,FTL,417.0,150-400km,thin(<1.5/d)
IND842001AAA -> IND854326AAB,Muzaffrpur_Bbganj_I (Bihar),Purnia_Central_H_2 (Bihar),288.693,19,0.76,0.025,430.5,759.5,329.0,8851.0,9061.0,-210.0,0.998,0.996,10745.0,11171.0,FTL,426.0,150-400km,thin(<1.5/d)
IND577201AAA -> IND562132AAA,Shimoga_DC (Karnataka),Bangalore_Nelmngla_H (Karnataka),288.775,10,0.4,0.002,422.0,773.6,351.7,8853.0,9063.0,-210.0,0.996,0.995,10637.0,11081.0,FTL,443.0,150-400km,thin(<1.5/d)
IND462022AAA -> IND842003AAB,Bhopal_Trnsport_H (Madhya Pradesh),Jabalpur_Adhartal_IP (Madhya Pradesh),289.274,8,0.32,0.033,441.2,781.4,340.3,8864.0,9078.0,-214.0,0.998,0.996,10801.0,11238.0,FTL,438.0,150-400km,thin(<1.5/d)
IND562132AAA -> IND583101AAA,Bangalore_Nelmngla_H (Karnataka),Bellary_Dc (Karnataka),292.5,10,0.4,0.089,386.9,692.2,305.3,8935.0,9175.0,-240.0,0.999,0.998,11091.0,11532.0,FTL,441.0,150-400km,thin(<1.5/d)
IND184104AAA -> IND160002AAC,Kathua_BOB_D (Jammu & Kashmir),Chandigarh_Mehmdpur_H (Punjab),300.794,4,0.16,0.001,385.0,747.1,362.1,9117.0,9424.0,-306.0,0.997,0.997,10875.0,11423.0,FTL,547.0,150-400km,thin(<1.5/d)
IND816109AAA -> IND826004AAA,Sahebganj_BaraLoha_D (Jharkhand),Dhanbad_Kalynpur_I (Jharkhand),300.816,10,0.4,0.001,485.9,848.4,362.5,9118.0,9424.0,-307.0,0.991,0.991,10934.0,11482.0,FTL,547.0,150-400km,thin(<1.5/d)
IND306401AAB -> IND302014AAA,Pali_Nayagaon_I (Rajasthan),Jaipur_Hub (Rajasthan),301.481,17,0.68,0.017,417.0,766.0,349.0,9133.0,9444.0,-312.0,0.999,0.998,10986.0,11530.0,FTL,544.0,150-400km,thin(<1.5/d)
IND403702AAA -> IND575004AAB,Canacona_CharRsta_D (Goa),Mangalore_Kuntikna_H (Karnataka),301.882,8,0.32,0.004,566.5,1004.9,438.4,9141.0,9456.0,-315.0,0.992,0.991,11025.0,11630.0,FTL,606.0,150-400km,thin(<1.5/d)
IND712311AAA -> IND732103AAB,Kolkata_Dankuni_HB (West Bengal),Malda_Central_I_3 (West Bengal),304.368,3,0.12,0.09,518.2,631.3,113.1,9196.0,9531.0,-335.0,1.0,1.0,11448.0,11858.0,FTL,410.0,150-400km,thin(<1.5/d)
IND206001AAA -> IND000000ACB,Etawah_MhraChng_D (Uttar Pradesh),Gurgaon_Bilaspur_HB (Haryana),310.436,20,0.8,0.0,370.1,380.7,10.6,9330.0,9713.0,-383.0,0.998,0.998,11075.0,11466.0,FTL,391.0,150-400km,thin(<1.5/d)
IND382430AAB -> IND370201AAA,Ahmedabad_East_H_1 (Gujarat),Gandhidham_Sector1A_IP (Gujarat),312.836,12,0.48,0.039,601.8,742.3,140.5,9382.0,9785.0,-403.0,1.0,0.999,11460.0,11956.0,FTL,496.0,150-400km,thin(<1.5/d)
IND600056AAB -> IND560099AAB,MAA_Poonamallee_HB (Tamil Nadu),Bengaluru_Bomsndra_HB (Karnataka),313.467,13,0.52,0.039,453.0,565.3,112.3,9396.0,9804.0,-408.0,1.0,1.0,11373.0,11856.0,FTL,482.0,150-400km,thin(<1.5/d)
IND160002AAC -> IND184104AAA,Chandigarh_Mehmdpur_H (Punjab),Kathua_BOB_D (Jammu & Kashmir),314.006,6,0.24,0.053,490.3,505.6,15.3,9408.0,9820.0,-412.0,1.0,0.999,11472.0,11893.0,FTL,421.0,150-400km,thin(<1.5/d)
IND474003AAA -> IND000000ACB,Gwalior_HrihrNgr_I (Madhya Pradesh),Gurgaon_Bilaspur_HB (Haryana),316.019,26,1.04,0.008,464.6,643.5,178.9,9452.0,9881.0,-428.0,0.999,0.999,11295.0,11842.0,FTL,547.0,150-400km,thin(<1.5/d)
IND521225AAB -> IND501359AAE,Vijayawada_Rynapadu_H (Andhra Pradesh),Hyderabad_Shamshbd_H (Telangana),316.079,11,0.44,0.009,493.1,632.0,138.9,9454.0,9882.0,-429.0,1.0,0.999,11321.0,11842.0,FTL,521.0,150-400km,thin(<1.5/d)
IND431517AAB -> IND411033AAA,Ambajogai_BnsllNgr_D (Maharashtra),Pune_Tathawde_H (Maharashtra),318.564,12,0.48,0.003,592.8,641.6,48.7,9508.0,9957.0,-449.0,0.998,0.997,11416.0,11895.0,FTL,479.0,150-400km,thin(<1.5/d)
IND562132AAA -> IND600056AAB,Bangalore_Nelmngla_H (Karnataka),MAA_Poonamallee_HB (Tamil Nadu),319.415,14,0.56,0.089,422.0,500.7,78.7,9527.0,9982.0,-455.0,1.0,0.999,11708.0,12214.0,FTL,507.0,150-400km,thin(<1.5/d)
IND600056AAB -> IND562132AAA,MAA_Poonamallee_HB (Tamil Nadu),Bangalore_Nelmngla_H (Karnataka),321.848,16,0.64,0.039,480.0,599.0,119.0,9581.0,10055.0,-475.0,1.0,1.0,11576.0,12129.0,FTL,554.0,150-400km,thin(<1.5/d)
IND484446AAA -> IND842003AAB,Dola_ChainDPP_D (Madhya Pradesh),Jabalpur_Adhartal_IP (Madhya Pradesh),322.828,3,0.12,0.002,463.1,611.6,148.5,9602.0,10085.0,-483.0,0.998,0.998,11416.0,11997.0,FTL,582.0,150-400km,thin(<1.5/d)
IND209304AAA -> IND221313AAA,Kanpur_Central_H_6 (Uttar Pradesh),Varanasi_Central_H_4 (Uttar Pradesh),326.265,6,0.24,0.039,436.6,504.7,68.1,9678.0,10188.0,-510.0,0.996,0.977,11636.0,12161.0,FTL,524.0,150-400km,thin(<1.5/d)
IND501359AAE -> IND413002AAA,Hyderabad_Shamshbd_H (Telangana),Solapur_Central_I_2 (Maharashtra),327.377,11,0.44,0.111,486.2,597.4,111.2,9702.0,10221.0,-519.0,1.0,1.0,12024.0,12616.0,FTL,593.0,150-400km,thin(<1.5/d)
IND523002AAA -> IND600056AAB,Ongole_SubhVRTL_I (Andhra Pradesh),MAA_Poonamallee_HB (Tamil Nadu),331.128,11,0.44,0.011,446.7,601.9,155.3,9785.0,10334.0,-549.0,1.0,1.0,11631.0,12284.0,FTL,652.0,150-400km,thin(<1.5/d)
IND575004AAB -> IND562132AAA,Mangalore_Kuntikna_H (Karnataka),Bangalore_Nelmngla_H (Karnataka),334.1,4,0.16,0.013,516.7,695.9,179.1,9850.0,10423.0,-573.0,0.999,0.999,11753.0,12445.0,FTL,692.0,150-400km,thin(<1.5/d)
IND788026AAC -> IND781018AAB,Silchar_Sirikona_H (Assam),Guwahati_Hub (Assam),337.554,18,0.72,0.005,603.3,746.9,143.6,9926.0,10527.0,-600.0,0.999,0.999,11848.0,12544.0,FTL,696.0,150-400km,thin(<1.5/d)
IND501359AAE -> IND515004AAA,Hyderabad_Shamshbd_H (Telangana),Anantapur_KamaStrt_I (Andhra Pradesh),337.884,9,0.36,0.111,472.5,580.7,108.1,9933.0,10537.0,-603.0,1.0,1.0,12246.0,12921.0,FTL,675.0,150-400km,thin(<1.5/d)
IND515004AAA -> IND501359AAE,Anantapur_KamaStrt_I (Andhra Pradesh),Hyderabad_Shamshbd_H (Telangana),338.818,17,0.68,0.013,462.6,621.4,158.8,9954.0,10565.0,-611.0,0.999,0.999,11820.0,12536.0,FTL,716.0,150-400km,thin(<1.5/d)
IND184121AAA -> IND160002AAC,Samba_Wardno13_D (Jammu & Kashmir),Chandigarh_Mehmdpur_H (Punjab),340.604,5,0.2,0.001,602.3,603.9,1.6,9993.0,10618.0,-625.0,0.998,0.998,11897.0,12523.0,FTL,626.0,150-400km,thin(<1.5/d)
IND781018AAB -> IND788026AAC,Guwahati_Hub (Assam),Silchar_Sirikona_H (Assam),341.154,12,0.48,0.044,528.3,626.6,98.3,10005.0,10635.0,-629.0,0.999,0.998,12053.0,12744.0,FTL,692.0,150-400km,thin(<1.5/d)
IND826004AAA -> IND821115AAB,Dhanbad_Kalynpur_I (Jharkhand),Sasaram_Central_I_2 (Bihar),343.722,4,0.16,0.01,479.2,593.2,114.0,10062.0,10712.0,-650.0,0.998,0.998,11924.0,12649.0,FTL,725.0,150-400km,thin(<1.5/d)
IND562132AAA -> IND518002AAA,Bangalore_Nelmngla_H (Karnataka),Kurnool_AbbasNgr_I (Andhra Pradesh),346.258,12,0.48,0.089,498.8,591.8,93.0,10118.0,10788.0,-670.0,1.0,0.999,12349.0,13080.0,FTL,731.0,150-400km,thin(<1.5/d)
IND518002AAA -> IND562132AAA,Kurnool_AbbasNgr_I (Andhra Pradesh),Bangalore_Nelmngla_H (Karnataka),346.644,11,0.44,0.015,512.8,667.5,154.7,10126.0,10799.0,-673.0,1.0,0.999,12036.0,12812.0,FTL,776.0,150-400km,thin(<1.5/d)
IND413002AAA -> IND501359AAE,Solapur_Central_I_2 (Maharashtra),Hyderabad_Shamshbd_H (Telangana),350.207,17,0.68,0.011,530.7,699.4,168.7,10205.0,10906.0,-702.0,1.0,0.999,12106.0,12920.0,FTL,814.0,150-400km,thin(<1.5/d)
IND416602AAC -> IND411033AAA,Kankavali_NrdawDPP_D (Maharashtra),Pune_Tathawde_H (Maharashtra),357.505,7,0.28,0.001,600.1,765.8,165.7,10365.0,11125.0,-760.0,1.0,1.0,12268.0,13139.0,FTL,871.0,150-400km,thin(<1.5/d)
IND501359AAE -> IND523002AAA,Hyderabad_Shamshbd_H (Telangana),Ongole_SubhVRTL_I (Andhra Pradesh),363.466,12,0.48,0.111,530.9,652.4,121.5,10496.0,11304.0,-808.0,1.0,1.0,12847.0,13736.0,FTL,888.0,150-400km,thin(<1.5/d)
IND457001AAA -> IND382430AAB,Ratlam_Khjurwli_DC (Madhya Pradesh),Ahmedabad_East_H_1 (Gujarat),371.642,3,0.12,0.0,506.8,685.6,178.8,10676.0,11549.0,-873.0,0.998,0.999,12513.0,13506.0,FTL,993.0,150-400km,thin(<1.5/d)
IND580028AAA -> IND562132AAA,Hubli_Adargchi_IP (Karnataka),Bangalore_Nelmngla_H (Karnataka),383.148,4,0.16,0.014,588.8,697.8,109.0,10929.0,11894.0,-965.0,1.0,0.999,12885.0,13923.0,FTL,1037.0,150-400km,thin(<1.5/d)
IND562132AAA -> IND580028AAA,Bangalore_Nelmngla_H (Karnataka),Hubli_Adargchi_IP (Karnataka),388.566,3,0.12,0.089,502.2,595.9,93.7,11048.0,12057.0,-1009.0,1.0,0.999,13283.0,14352.0,FTL,1070.0,150-400km,thin(<1.5/d)
IND273014AAB -> IND209304AAA,Gorakhpur_Matriprm_IP (Uttar Pradesh),Kanpur_Central_H_6 (Uttar Pradesh),391.515,3,0.12,0.006,671.5,825.7,154.3,11113.0,12145.0,-1032.0,1.0,1.0,13088.0,14223.0,FTL,1135.0,150-400km,thin(<1.5/d)
IND457226AAA -> IND382430AAB,Jaora_RtlamNka_D (Madhya Pradesh),Ahmedabad_East_H_1 (Gujarat),391.92,16,0.64,0.0,413.6,528.8,115.3,11122.0,12158.0,-1035.0,0.998,0.999,12895.0,14009.0,FTL,1114.0,150-400km,thin(<1.5/d)
IND712311AAA -> IND834002AAB,Kolkata_Dankuni_HB (West Bengal),Ranchi_Hub (Jharkhand),393.78,13,0.52,0.09,679.8,829.7,149.9,11163.0,12213.0,-1050.0,1.0,1.0,13523.0,14673.0,FTL,1150.0,150-400km,thin(<1.5/d)
IND395023AAA -> IND411033AAA,Surat_HUB (Gujarat),Pune_Tathawde_H (Maharashtra),394.827,11,0.44,0.021,591.1,750.6,159.5,11186.0,12245.0,-1059.0,1.0,1.0,13176.0,14341.0,FTL,1165.0,150-400km,thin(<1.5/d)
IND413002AAA -> IND421302AAG,Solapur_Central_I_2 (Maharashtra),Bhiwandi_Mankoli_HB (Maharashtra),397.475,9,0.36,0.011,589.6,775.9,186.3,11244.0,12324.0,-1080.0,1.0,0.999,13185.0,14389.0,FTL,1204.0,150-400km,thin(<1.5/d)
IND302014AAA -> IND313001AAB,Jaipur_Hub (Rajasthan),Udaipur_Mangri_I (Rajasthan),404.938,12,0.48,0.045,551.3,677.1,125.8,11409.0,12548.0,-1140.0,1.0,0.999,13477.0,14699.0,FTL,1222.0,400-800km,thin(<1.5/d)
IND421302AAG -> IND413002AAA,Bhiwandi_Mankoli_HB (Maharashtra),Solapur_Central_I_2 (Maharashtra),411.728,7,0.28,0.061,627.7,774.9,147.1,11558.0,12752.0,-1194.0,1.0,1.0,13751.0,15043.0,FTL,1292.0,400-800km,thin(<1.5/d)
IND533106AAA -> IND501359AAE,Rajamundry_AtoNgrRd_I (Andhra Pradesh),Hyderabad_Shamshbd_H (Telangana),419.768,8,0.32,0.026,714.4,893.3,178.9,11735.0,12993.0,-1258.0,1.0,1.0,13829.0,15206.0,FTL,1377.0,400-800km,thin(<1.5/d)
IND501359AAE -> IND533106AAA,Hyderabad_Shamshbd_H (Telangana),Rajamundry_AtoNgrRd_I (Andhra Pradesh),421.568,12,0.48,0.111,581.4,714.5,133.0,11775.0,13047.0,-1273.0,1.0,1.0,14159.0,15520.0,FTL,1361.0,400-800km,thin(<1.5/d)
IND811399AAA -> IND209304AAA,Noida_Sector02_C (Uttar Pradesh),Kanpur_Central_H_6 (Uttar Pradesh),432.659,10,0.4,0.0,576.8,787.0,210.2,12018.0,13380.0,-1361.0,1.0,1.0,13905.0,15406.0,FTL,1501.0,400-800km,thin(<1.5/d)
IND751002AAB -> IND712311AAA,Bhubaneshwar_Hub (Orissa),Kolkata_Dankuni_HB (West Bengal),433.6,25,1.0,0.057,705.4,849.6,144.2,12039.0,13408.0,-1369.0,1.0,0.999,14266.0,15730.0,FTL,1465.0,400-800km,thin(<1.5/d)
IND712311AAA -> IND751002AAB,Kolkata_Dankuni_HB (West Bengal),Bhubaneshwar_Hub (Orissa),434.566,27,1.08,0.09,741.8,905.4,163.6,12060.0,13437.0,-1377.0,1.0,1.0,14462.0,15947.0,FTL,1485.0,400-800km,thin(<1.5/d)
IND000000ABD -> IND562132AAA,Pallakad_ChndrNgr_D (Kerala),Bangalore_Nelmngla_H (Karnataka),443.667,12,0.48,0.002,628.9,776.1,147.2,12261.0,13710.0,-1449.0,0.997,0.997,14186.0,15734.0,FTL,1548.0,400-800km,thin(<1.5/d)
IND000000ACB -> IND209304AAA,Gurgaon_Bilaspur_HB (Haryana),Kanpur_Central_H_6 (Uttar Pradesh),444.321,15,0.6,0.191,643.0,714.4,71.4,12275.0,13730.0,-1455.0,1.0,0.999,15061.0,16562.0,FTL,1501.0,400-800km,thin(<1.5/d)
IND530012AAA -> IND751002AAB,Visakhapatnam_Gajuwaka_IP (Andhra Pradesh),Bhubaneshwar_Hub (Orissa),445.697,3,0.12,0.033,610.3,778.6,168.3,12305.0,13771.0,-1466.0,1.0,0.999,14362.0,15939.0,FTL,1577.0,400-800km,thin(<1.5/d)
IND209304AAA -> IND000000ACB,Kanpur_Central_H_6 (Uttar Pradesh),Gurgaon_Bilaspur_HB (Haryana),445.706,35,1.4,0.039,619.9,716.6,96.8,12306.0,13771.0,-1466.0,0.996,0.977,14386.0,15885.0,FTL,1499.0,400-800km,thin(<1.5/d)
IND411033AAA -> IND431603AAA,Pune_Tathawde_H (Maharashtra),Nanded_Aswningr_I (Maharashtra),446.946,15,0.6,0.054,633.5,772.5,139.1,12333.0,13808.0,-1476.0,1.0,0.999,14498.0,16065.0,FTL,1568.0,400-800km,thin(<1.5/d)
IND751002AAB -> IND530012AAA,Bhubaneshwar_Hub (Orissa),Visakhapatnam_Gajuwaka_IP (Andhra Pradesh),454.203,10,0.4,0.057,717.4,866.0,148.7,12492.0,14026.0,-1534.0,1.0,0.999,14727.0,16359.0,FTL,1632.0,400-800km,thin(<1.5/d)
IND821115AAB -> IND209304AAA,Sasaram_Central_I_2 (Bihar),Kanpur_Central_H_6 (Uttar Pradesh),457.147,12,0.48,0.019,653.6,847.7,194.1,12557.0,14114.0,-1557.0,1.0,0.999,14577.0,16264.0,FTL,1686.0,400-800km,thin(<1.5/d)
IND110037AAM -> IND209304AAA,Delhi_Airport_H (Delhi),Kanpur_Central_H_6 (Uttar Pradesh),464.835,25,1.0,0.054,673.4,801.4,128.0,12726.0,14345.0,-1619.0,0.999,0.998,14917.0,16621.0,FTL,1703.0,400-800km,thin(<1.5/d)
IND209304AAA -> IND110037AAM,Kanpur_Central_H_6 (Uttar Pradesh),Delhi_Airport_H (Delhi),468.206,6,0.24,0.039,645.4,746.1,100.7,12801.0,14446.0,-1646.0,0.996,0.977,14898.0,16580.0,FTL,1682.0,400-800km,thin(<1.5/d)
IND560099AAB -> IND683511AAA,Bengaluru_Bomsndra_HB (Karnataka),Aluva_Peedika_H (Kerala),472.08,14,0.56,0.005,629.6,806.8,177.2,12886.0,14562.0,-1677.0,0.993,0.99,14820.0,16610.0,FTL,1790.0,400-800km,thin(<1.5/d)
IND683511AAA -> IND562132AAA,Aluva_Peedika_H (Kerala),Bangalore_Nelmngla_H (Karnataka),483.475,10,0.4,0.021,752.7,899.2,146.5,13136.0,14904.0,-1768.0,0.997,0.995,15227.0,17089.0,FTL,1862.0,400-800km,thin(<1.5/d)
IND411033AAA -> IND580028AAA,Pune_Tathawde_H (Maharashtra),Hubli_Adargchi_IP (Karnataka),487.672,5,0.2,0.054,694.9,847.8,152.9,13229.0,15030.0,-1801.0,1.0,0.999,15435.0,17337.0,FTL,1903.0,400-800km,thin(<1.5/d)
IND421302AAG -> IND382430AAB,Bhiwandi_Mankoli_HB (Maharashtra),Ahmedabad_East_H_1 (Gujarat),492.767,18,0.72,0.061,723.4,893.3,169.9,13341.0,15183.0,-1842.0,1.0,1.0,15597.0,17553.0,FTL,1955.0,400-800km,thin(<1.5/d)
IND524003AAA -> IND501359AAE,Nellore_DC (Andhra Pradesh),Hyderabad_Shamshbd_H (Telangana),495.985,14,0.56,0.0,504.0,758.7,254.7,13412.0,15280.0,-1868.0,0.997,0.998,15243.0,17283.0,FTL,2040.0,400-800km,thin(<1.5/d)
IND403726AAA -> IND411033AAA,Goa_Hub (Goa),Pune_Tathawde_H (Maharashtra),510.203,14,0.56,0.012,747.5,1002.6,255.1,13724.0,15706.0,-1982.0,1.0,0.999,15776.0,17927.0,FTL,2152.0,400-800km,thin(<1.5/d)
IND411033AAA -> IND403726AAA,Pune_Tathawde_H (Maharashtra),Goa_Hub (Goa),511.485,20,0.8,0.054,763.6,931.6,168.0,13753.0,15745.0,-1992.0,1.0,0.999,16004.0,18108.0,FTL,2103.0,400-800km,thin(<1.5/d)
IND501359AAE -> IND562132AAA,Hyderabad_Shamshbd_H (Telangana),Bangalore_Nelmngla_H (Karnataka),542.262,5,0.2,0.111,824.6,1013.7,189.1,14430.0,16668.0,-2238.0,1.0,1.0,16977.0,19341.0,FTL,2364.0,400-800km,thin(<1.5/d)
IND562132AAA -> IND501359AAE,Bangalore_Nelmngla_H (Karnataka),Hyderabad_Shamshbd_H (Telangana),543.774,8,0.32,0.089,739.3,877.5,138.2,14463.0,16713.0,-2250.0,1.0,0.999,16855.0,19196.0,FTL,2341.0,400-800km,thin(<1.5/d)
IND462022AAA -> IND209304AAA,Bhopal_Trnsport_H (Madhya Pradesh),Kanpur_Central_H_6 (Uttar Pradesh),545.681,25,1.0,0.033,802.1,1000.7,198.5,14505.0,16770.0,-2265.0,0.999,0.998,16685.0,19081.0,FTL,2396.0,400-800km,thin(<1.5/d)
IND444005AAB -> IND421302AAG,Akola_Gaurkshn_I (Maharashtra),Bhiwandi_Mankoli_HB (Maharashtra),549.665,20,0.8,0.004,887.1,1017.5,130.4,14593.0,16890.0,-2297.0,0.996,0.997,16698.0,19083.0,FTL,2385.0,400-800km,thin(<1.5/d)
IND421302AAG -> IND444005AAB,Bhiwandi_Mankoli_HB (Maharashtra),Akola_Gaurkshn_I (Maharashtra),549.995,20,0.8,0.061,790.0,975.6,185.6,14600.0,16900.0,-2300.0,1.0,1.0,16901.0,19324.0,FTL,2424.0,400-800km,thin(<1.5/d)
IND501359AAE -> IND411033AAA,Hyderabad_Shamshbd_H (Telangana),Pune_Tathawde_H (Maharashtra),596.183,20,0.8,0.111,867.3,1066.2,198.9,15616.0,18285.0,-2669.0,1.0,1.0,18191.0,20993.0,FTL,2802.0,400-800km,thin(<1.5/d)
IND562132AAA -> IND416012AAA,Bangalore_Nelmngla_H (Karnataka),Kolhapur_Shivaji_I (Maharashtra),598.388,12,0.48,0.089,761.0,903.3,142.3,15665.0,18352.0,-2687.0,1.0,0.999,18071.0,20852.0,FTL,2781.0,400-800km,thin(<1.5/d)
IND530012AAA -> IND501359AAE,Visakhapatnam_Gajuwaka_IP (Andhra Pradesh),Hyderabad_Shamshbd_H (Telangana),602.579,10,0.4,0.033,829.7,1058.8,229.1,15757.0,18477.0,-2721.0,1.0,0.999,17959.0,20832.0,FTL,2873.0,400-800km,thin(<1.5/d)
IND416012AAA -> IND395023AAA,Kolhapur_Shivaji_I (Maharashtra),Surat_HUB (Gujarat),623.403,15,0.6,0.011,995.1,1280.2,285.0,16215.0,19102.0,-2887.0,1.0,1.0,18427.0,21504.0,FTL,3077.0,400-800km,thin(<1.5/d)
IND411033AAA -> IND501359AAE,Pune_Tathawde_H (Maharashtra),Hyderabad_Shamshbd_H (Telangana),632.285,11,0.44,0.054,938.3,1148.0,209.7,16410.0,19369.0,-2958.0,1.0,0.999,18779.0,21876.0,FTL,3097.0,400-800km,thin(<1.5/d)
IND600056AAB -> IND501359AAE,MAA_Poonamallee_HB (Tamil Nadu),Hyderabad_Shamshbd_H (Telangana),678.099,7,0.28,0.039,930.9,1165.5,234.6,17418.0,20743.0,-3325.0,1.0,1.0,19714.0,23195.0,FTL,3481.0,400-800km,thin(<1.5/d)
IND421302AAG -> IND462022AAA,Bhiwandi_Mankoli_HB (Maharashtra),Bhopal_Trnsport_H (Madhya Pradesh),768.122,12,0.48,0.061,1109.9,1375.1,265.2,19399.0,23444.0,-4045.0,1.0,1.0,21913.0,26135.0,FTL,4222.0,400-800km,thin(<1.5/d)
IND421302AAG -> IND501359AAE,Bhiwandi_Mankoli_HB (Maharashtra),Hyderabad_Shamshbd_H (Telangana),778.519,24,0.96,0.061,1117.9,1385.1,267.1,19627.0,23756.0,-4128.0,1.0,1.0,22147.0,26453.0,FTL,4306.0,400-800km,thin(<1.5/d)
IND826004AAA -> IND209304AAA,Dhanbad_Kalynpur_I (Jharkhand),Kanpur_Central_H_6 (Uttar Pradesh),803.823,3,0.12,0.01,1087.3,1345.7,258.4,20184.0,24515.0,-4331.0,0.998,0.998,22451.0,26954.0,FTL,4502.0,>800km,thin(<1.5/d)
IND000000ACB -> IND462022AAA,Gurgaon_Bilaspur_HB (Haryana),Bhopal_Trnsport_H (Madhya Pradesh),813.957,18,0.72,0.191,1151.9,1285.5,133.6,20407.0,24819.0,-4412.0,1.0,0.999,23532.0,28032.0,FTL,4500.0,>800km,thin(<1.5/d)
IND462022AAA -> IND000000ACB,Bhopal_Trnsport_H (Madhya Pradesh),Gurgaon_Bilaspur_HB (Haryana),814.209,26,1.04,0.033,1181.3,1477.6,296.4,20413.0,24826.0,-4414.0,0.999,0.998,22845.0,27455.0,FTL,4610.0,>800km,thin(<1.5/d)
IND411033AAA -> IND562132AAA,Pune_Tathawde_H (Maharashtra),Bangalore_Nelmngla_H (Karnataka),840.751,10,0.4,0.054,1202.2,1470.9,268.7,20997.0,25623.0,-4626.0,1.0,0.999,23541.0,28345.0,FTL,4804.0,>800km,thin(<1.5/d)
IND562132AAA -> IND411033AAA,Bangalore_Nelmngla_H (Karnataka),Pune_Tathawde_H (Maharashtra),852.093,13,0.52,0.089,1089.1,1297.4,208.3,21246.0,25963.0,-4717.0,1.0,0.999,23871.0,28726.0,FTL,4855.0,>800km,thin(<1.5/d)
IND501359AAE -> IND462022AAA,Hyderabad_Shamshbd_H (Telangana),Bhopal_Trnsport_H (Madhya Pradesh),865.892,20,0.8,0.111,1180.1,1456.4,276.2,21550.0,26377.0,-4827.0,1.0,1.0,24334.0,29345.0,FTL,5011.0,>800km,thin(<1.5/d)
IND821115AAB -> IND000000ACB,Sasaram_Central_I_2 (Bihar),Gurgaon_Bilaspur_HB (Haryana),870.34,7,0.28,0.019,1299.1,1685.6,386.4,21647.0,26510.0,-4863.0,1.0,0.999,24098.0,29218.0,FTL,5120.0,>800km,thin(<1.5/d)
IND000000ACB -> IND382430AAB,Gurgaon_Bilaspur_HB (Haryana),Ahmedabad_East_H_1 (Gujarat),873.113,17,0.68,0.191,1238.0,1381.7,143.6,21708.0,26593.0,-4885.0,1.0,0.999,24891.0,29871.0,FTL,4980.0,>800km,thin(<1.5/d)
IND382430AAB -> IND000000ACB,Ahmedabad_East_H_1 (Gujarat),Gurgaon_Bilaspur_HB (Haryana),876.266,17,0.68,0.039,1177.9,1457.2,279.4,21778.0,26688.0,-4910.0,1.0,0.999,24239.0,29335.0,FTL,5096.0,>800km,thin(<1.5/d)
IND000000ACB -> IND821115AAB,Gurgaon_Bilaspur_HB (Haryana),Sasaram_Central_I_2 (Bihar),900.899,18,0.72,0.191,1265.5,1412.3,146.8,22320.0,27427.0,-5107.0,1.0,0.999,25520.0,30725.0,FTL,5204.0,>800km,thin(<1.5/d)
IND411033AAA -> IND521225AAB,Pune_Tathawde_H (Maharashtra),Vijayawada_Rynapadu_H (Andhra Pradesh),912.038,10,0.4,0.054,1337.1,1635.9,298.8,22565.0,27761.0,-5196.0,1.0,0.999,25199.0,30594.0,FTL,5395.0,>800km,thin(<1.5/d)
IND000000ACB -> IND390022AAA,Gurgaon_Bilaspur_HB (Haryana),Vadodara_Karelibaug_DPC (Gujarat),913.377,11,0.44,0.191,1361.5,1519.4,158.0,22594.0,27801.0,-5207.0,1.0,0.999,25859.0,31170.0,FTL,5311.0,>800km,thin(<1.5/d)
IND712311AAA -> IND781018AAB,Kolkata_Dankuni_HB (West Bengal),Guwahati_Hub (Assam),953.493,8,0.32,0.09,1671.1,2035.9,364.8,23477.0,29005.0,-5528.0,1.0,1.0,26498.0,32269.0,FTL,5771.0,>800km,thin(<1.5/d)
IND781018AAB -> IND712311AAA,Guwahati_Hub (Assam),Kolkata_Dankuni_HB (West Bengal),954.999,6,0.24,0.044,1505.9,1781.6,275.7,23510.0,29050.0,-5540.0,0.999,0.998,26209.0,31930.0,FTL,5721.0,>800km,thin(<1.5/d)
IND421302AAG -> IND562132AAA,Bhiwandi_Mankoli_HB (Maharashtra),Bangalore_Nelmngla_H (Karnataka),968.846,30,1.2,0.061,1423.0,1763.0,340.0,23815.0,29465.0,-5651.0,1.0,1.0,26538.0,32415.0,FTL,5877.0,>800km,thin(<1.5/d)
IND562132AAA -> IND421302AAG,Bangalore_Nelmngla_H (Karnataka),Bhiwandi_Mankoli_HB (Maharashtra),977.6,7,0.28,0.089,1254.8,1494.8,240.0,24007.0,29728.0,-5721.0,1.0,0.999,26743.0,32623.0,FTL,5880.0,>800km,thin(<1.5/d)
IND000000ACB -> IND842001AAA,Gurgaon_Bilaspur_HB (Haryana),Muzaffrpur_Bbganj_I (Bihar),995.455,19,0.76,0.191,1443.7,1611.2,167.5,24400.0,30264.0,-5864.0,1.0,0.999,27719.0,33694.0,FTL,5974.0,>800km,thin(<1.5/d)
IND501359AAE -> IND751002AAB,Hyderabad_Shamshbd_H (Telangana),Bhubaneshwar_Hub (Orissa),1037.954,8,0.32,0.111,1412.7,1743.4,330.6,25335.0,31539.0,-6204.0,1.0,1.0,28274.0,34698.0,FTL,6424.0,>800km,thin(<1.5/d)
IND825409AAA -> IND000000ACB,JhumriTlya_RadhaCpx_D (Jharkhand),Gurgaon_Bilaspur_HB (Haryana),1050.337,14,0.56,0.001,1447.1,2173.4,726.3,25607.0,31910.0,-6303.0,0.999,0.999,28075.0,34862.0,FTL,6787.0,>800km,thin(<1.5/d)
IND395023AAA -> IND110037AAM,Surat_HUB (Gujarat),Delhi_Airport_H (Delhi),1118.718,18,0.72,0.021,1689.9,2150.7,460.8,27112.0,33962.0,-6850.0,1.0,1.0,29835.0,36991.0,FTL,7157.0,>800km,thin(<1.5/d)
IND834002AAB -> IND000000ACB,Ranchi_Hub (Jharkhand),Gurgaon_Bilaspur_HB (Haryana),1162.427,10,0.4,0.01,1744.5,2250.0,505.5,28073.0,35273.0,-7199.0,0.999,0.999,30780.0,38316.0,FTL,7536.0,>800km,thin(<1.5/d)
IND000000ACB -> IND834002AAB,Gurgaon_Bilaspur_HB (Haryana),Ranchi_Hub (Jharkhand),1192.9,16,0.64,0.191,1667.1,1860.5,193.4,28744.0,36187.0,-7443.0,1.0,0.999,32212.0,39783.0,FTL,7571.0,>800km,thin(<1.5/d)
IND395023AAA -> IND562132AAA,Surat_HUB (Gujarat),Bangalore_Nelmngla_H (Karnataka),1193.111,20,0.8,0.021,1734.1,2206.9,472.9,28748.0,36193.0,-7445.0,1.0,1.0,31501.0,39261.0,FTL,7760.0,>800km,thin(<1.5/d)
IND854326AAB -> IND000000ACB,Purnia_Central_H_2 (Bihar),Gurgaon_Bilaspur_HB (Haryana),1269.708,18,0.72,0.019,2028.3,2536.4,508.1,30434.0,38491.0,-8058.0,1.0,0.999,33370.0,41766.0,FTL,8396.0,>800km,thin(<1.5/d)
IND000000ACB -> IND421302AAG,Gurgaon_Bilaspur_HB (Haryana),Bhiwandi_Mankoli_HB (Maharashtra),1322.402,33,1.32,0.191,1886.5,2105.3,218.9,31593.0,40072.0,-8479.0,1.0,0.999,35207.0,43832.0,FTL,8624.0,>800km,thin(<1.5/d)
IND421302AAG -> IND000000ACB,Bhiwandi_Mankoli_HB (Maharashtra),Gurgaon_Bilaspur_HB (Haryana),1322.628,26,1.04,0.061,1942.8,2407.1,464.3,31598.0,40079.0,-8481.0,1.0,1.0,34667.0,43458.0,FTL,8790.0,>800km,thin(<1.5/d)
IND000000ACB -> IND411033AAA,Gurgaon_Bilaspur_HB (Haryana),Pune_Tathawde_H (Maharashtra),1361.705,22,0.88,0.191,1978.5,2208.1,229.5,32458.0,41251.0,-8794.0,1.0,0.999,36133.0,45079.0,FTL,8946.0,>800km,thin(<1.5/d)
IND411033AAA -> IND000000ACB,Pune_Tathawde_H (Maharashtra),Gurgaon_Bilaspur_HB (Haryana),1361.728,18,0.72,0.054,1984.1,2427.5,443.4,32458.0,41252.0,-8794.0,1.0,0.999,35524.0,44612.0,FTL,9089.0,>800km,thin(<1.5/d)
IND421302AAG -> IND110037AAM,Bhiwandi_Mankoli_HB (Maharashtra),Delhi_Airport_H (Delhi),1366.365,19,0.76,0.061,2021.1,2504.1,483.0,32560.0,41391.0,-8831.0,1.0,1.0,35682.0,44834.0,FTL,9153.0,>800km,thin(<1.5/d)
IND110037AAM -> IND421302AAG,Delhi_Airport_H (Delhi),Bhiwandi_Mankoli_HB (Maharashtra),1367.775,18,0.72,0.054,1991.7,2377.6,385.8,32591.0,41433.0,-8842.0,0.999,0.998,35661.0,44760.0,FTL,9099.0,>800km,thin(<1.5/d)
IND562132AAA -> IND462022AAA,Bangalore_Nelmngla_H (Karnataka),Bhopal_Trnsport_H (Madhya Pradesh),1393.662,13,0.52,0.089,1794.9,2135.3,340.4,33161.0,42210.0,-9049.0,1.0,0.999,36256.0,45532.0,FTL,9275.0,>800km,thin(<1.5/d)
IND562132AAA -> IND751002AAB,Bangalore_Nelmngla_H (Karnataka),Bhubaneshwar_Hub (Orissa),1416.699,15,0.6,0.089,1822.8,2168.5,345.7,33667.0,42901.0,-9234.0,1.0,0.999,36782.0,46245.0,FTL,9463.0,>800km,thin(<1.5/d)
IND751002AAB -> IND562132AAA,Bhubaneshwar_Hub (Orissa),Bangalore_Nelmngla_H (Karnataka),1423.141,13,0.52,0.057,2269.2,2743.0,473.8,33809.0,43094.0,-9285.0,1.0,0.999,37078.0,46679.0,FTL,9601.0,>800km,thin(<1.5/d)
IND421302AAG -> IND131028AAB,Bhiwandi_Mankoli_HB (Maharashtra),Sonipat_Kundli_H (Haryana),1427.242,14,0.56,0.061,2083.3,2581.2,497.8,33899.0,43217.0,-9318.0,1.0,1.0,37062.0,46712.0,FTL,9650.0,>800km,thin(<1.5/d)
IND000000ACB -> IND712311AAA,Gurgaon_Bilaspur_HB (Haryana),Kolkata_Dankuni_HB (West Bengal),1427.93,48,1.92,0.191,1990.3,2221.2,230.9,33914.0,43238.0,-9323.0,1.0,0.999,37598.0,47075.0,FTL,9477.0,>800km,medium(1.5-4/d)
IND712311AAA -> IND000000ACB,Kolkata_Dankuni_HB (West Bengal),Gurgaon_Bilaspur_HB (Haryana),1435.191,11,0.44,0.09,2503.4,3063.1,559.7,34074.0,43456.0,-9382.0,1.0,1.0,37650.0,47404.0,FTL,9754.0,>800km,thin(<1.5/d)
IND000000ACB -> IND501359AAE,Gurgaon_Bilaspur_HB (Haryana),Hyderabad_Shamshbd_H (Telangana),1562.702,29,1.16,0.191,2282.2,2546.9,264.8,36879.0,47281.0,-10402.0,1.0,0.999,40758.0,51335.0,FTL,10577.0,>800km,thin(<1.5/d)
IND421302AAG -> IND834002AAB,Bhiwandi_Mankoli_HB (Maharashtra),Ranchi_Hub (Jharkhand),1589.835,4,0.16,0.061,2288.1,2834.8,546.7,37476.0,48095.0,-10619.0,1.0,1.0,40776.0,51759.0,FTL,10983.0,>800km,thin(<1.5/d)
IND000000ACB -> IND751002AAB,Gurgaon_Bilaspur_HB (Haryana),Bhubaneshwar_Hub (Orissa),1638.7,15,0.6,0.191,2286.1,2551.3,265.2,38551.0,49561.0,-11010.0,1.0,0.999,42432.0,53618.0,FTL,11186.0,>800km,thin(<1.5/d)
IND000000ACB -> IND521225AAB,Gurgaon_Bilaspur_HB (Haryana),Vijayawada_Rynapadu_H (Andhra Pradesh),1728.334,11,0.44,0.191,2511.4,2802.7,291.4,40523.0,52250.0,-11727.0,1.0,0.999,44555.0,56475.0,FTL,11920.0,>800km,thin(<1.5/d)
IND781018AAB -> IND110037AAM,Guwahati_Hub (Assam),Delhi_Airport_H (Delhi),1807.937,17,0.68,0.044,2854.7,3383.7,529.0,42275.0,54638.0,-12363.0,0.999,0.998,45873.0,58586.0,FTL,12713.0,>800km,thin(<1.5/d)
IND562132AAA -> IND712311AAA,Bangalore_Nelmngla_H (Karnataka),Kolkata_Dankuni_HB (West Bengal),1851.241,3,0.12,0.089,2385.1,2837.4,452.3,43227.0,55937.0,-12710.0,1.0,0.999,46717.0,59727.0,FTL,13010.0,>800km,thin(<1.5/d)
IND562132AAA -> IND302014AAA,Bangalore_Nelmngla_H (Karnataka),Jaipur_Hub (Rajasthan),1854.751,14,0.56,0.089,2378.1,2829.2,451.0,43305.0,56043.0,-12738.0,1.0,0.999,46789.0,59827.0,FTL,13038.0,>800km,thin(<1.5/d)
IND712311AAA -> IND421302AAG,Kolkata_Dankuni_HB (West Bengal),Bhiwandi_Mankoli_HB (Maharashtra),1884.216,5,0.2,0.09,3187.5,3900.1,712.6,43953.0,56926.0,-12974.0,1.0,1.0,47984.0,61433.0,FTL,13449.0,>800km,thin(<1.5/d)
IND421302AAG -> IND712311AAA,Bhiwandi_Mankoli_HB (Maharashtra),Kolkata_Dankuni_HB (West Bengal),1933.685,9,0.36,0.061,2775.8,3439.1,663.3,45041.0,58411.0,-13369.0,1.0,1.0,48666.0,62477.0,FTL,13812.0,>800km,thin(<1.5/d)
IND000000ACB -> IND562132AAA,Gurgaon_Bilaspur_HB (Haryana),Bangalore_Nelmngla_H (Karnataka),2065.063,66,2.64,0.191,3032.4,3384.3,351.8,47931.0,62352.0,-14421.0,1.0,0.999,52310.0,66964.0,FTL,14654.0,>800km,medium(1.5-4/d)
IND562132AAA -> IND000000ACB,Bangalore_Nelmngla_H (Karnataka),Gurgaon_Bilaspur_HB (Haryana),2089.217,44,1.76,0.089,2663.7,3168.8,505.2,48463.0,63077.0,-14614.0,1.0,0.999,52138.0,67087.0,FTL,14949.0,>800km,medium(1.5-4/d)
IND000000ACB -> IND600056AAB,Gurgaon_Bilaspur_HB (Haryana),MAA_Poonamallee_HB (Tamil Nadu),2190.224,14,0.56,0.191,3153.9,3519.8,365.9,50685.0,66107.0,-15422.0,1.0,0.999,55144.0,70809.0,FTL,15665.0,>800km,thin(<1.5/d)
