center,name,city,state,betweenness,pagerank,in_degree,out_degree,w_in_volume,w_out_volume,clustering,total_volume,out_delay_ratio,total_excess_min,breach_contrib_pct,bottleneck_score
IND000000ACB,Gurgaon_Bilaspur_HB (Haryana),Gurgaon,Haryana,0.1905,0.0193,45,49,927,1062,0.0372,1989.0,1.9157,695339.0,12.4532,0.8803
IND562132AAA,Bangalore_Nelmngla_H (Karnataka),Bangalore,Karnataka,0.0888,0.0132,36,35,665,768,0.0536,1433.0,1.7448,352694.0,6.3166,0.6369
IND421302AAG,Bhiwandi_Mankoli_HB (Maharashtra),Bhiwandi,Maharashtra,0.061,0.0082,29,29,583,821,0.0616,1404.0,2.25,309708.0,5.5467,0.5471
IND712311AAA,Kolkata_Dankuni_HB (West Bengal),Kolkata,West Bengal,0.0904,0.0087,24,22,216,262,0.0392,478.0,2.5875,206350.0,3.6956,0.568
IND501359AAE,Hyderabad_Shamshbd_H (Telangana),Hyderabad,Telangana,0.1105,0.0112,30,27,402,328,0.0427,730.0,1.904,157279.0,2.8168,0.6238
IND411033AAA,Pune_Tathawde_H (Maharashtra),Pune,Maharashtra,0.054,0.0074,23,20,329,403,0.0616,732.0,1.9706,147791.0,2.6469,0.4961
IND110037AAM,Delhi_Airport_H (Delhi),Delhi,Delhi,0.0542,0.0054,21,24,188,256,0.0706,444.0,2.077,134692.0,2.4123,0.4618
IND160002AAC,Chandigarh_Mehmdpur_H (Punjab),Chandigarh,Punjab,0.0526,0.0101,32,29,431,370,0.0343,801.0,1.8745,112443.0,2.0138,0.52
IND751002AAB,Bhubaneshwar_Hub (Orissa),Bhubaneshwar,Orissa,0.0571,0.0031,13,6,85,79,0.1083,164.0,2.0378,89012.0,1.5942,0.408
IND842001AAA,Muzaffrpur_Bbganj_I (Bihar),Muzaffrpur,Bihar,0.0245,0.0044,12,15,157,178,0.058,335.0,2.2149,86618.0,1.5513,0.3937
IND781018AAB,Guwahati_Hub (Assam),Guwahati,Assam,0.0435,0.0046,17,15,90,90,0.0316,180.0,2.1206,82846.0,1.4837,0.4052
IND462022AAA,Bhopal_Trnsport_H (Madhya Pradesh),Bhopal,Madhya Pradesh,0.0325,0.0042,13,9,143,123,0.0719,266.0,2.2059,81513.0,1.4599,0.3965
IND131028AAB,Sonipat_Kundli_H (Haryana),Sonipat,Haryana,0.0531,0.0064,20,20,329,245,0.0387,574.0,1.8969,79805.0,1.4293,0.4696
IND209304AAA,Kanpur_Central_H_6 (Uttar Pradesh),Kanpur,Uttar Pradesh,0.0389,0.0059,16,13,157,220,0.0346,377.0,1.8945,72800.0,1.3038,0.428
IND382430AAB,Ahmedabad_East_H_1 (Gujarat),Ahmedabad,Gujarat,0.0393,0.0039,17,13,257,280,0.0399,537.0,1.9393,66371.0,1.1887,0.4181
IND600056AAB,MAA_Poonamallee_HB (Tamil Nadu),MAA,Tamil Nadu,0.039,0.0053,17,18,240,300,0.0593,540.0,1.9403,60067.0,1.0758,0.4315
IND395023AAA,Surat_HUB (Gujarat),Surat,Gujarat,0.0215,0.0017,8,8,81,93,0.1636,174.0,1.8989,58096.0,1.0405,0.3325
IND834002AAB,Ranchi_Hub (Jharkhand),Ranchi,Jharkhand,0.0099,0.0015,5,7,66,80,0.1556,146.0,2.4356,53035.0,0.9498,0.3147
IND302014AAA,Jaipur_Hub (Rajasthan),Jaipur,Rajasthan,0.0448,0.0029,10,8,96,96,0.0667,192.0,1.9394,47090.0,0.8434,0.3827
IND560099AAB,Bengaluru_Bomsndra_HB (Karnataka),Bengaluru,Karnataka,0.0054,0.0055,11,18,354,466,0.1368,820.0,1.6283,40973.0,0.7338,0.3836
IND854326AAB,Purnia_Central_H_2 (Bihar),Purnia,Bihar,0.0188,0.0019,8,8,62,70,0.1538,132.0,2.1851,36545.0,0.6545,0.3215
IND521225AAB,Vijayawada_Rynapadu_H (Andhra Pradesh),Vijayawada,Andhra Pradesh,0.0086,0.0023,8,8,61,71,0.1026,132.0,1.7333,31399.0,0.5623,0.3004
IND560300AAA,Bengaluru_KGAirprt_HB (Karnataka),Bengaluru,Karnataka,0.0056,0.0038,4,12,278,331,0.2179,609.0,1.75,29698.0,0.5319,0.355
IND821115AAB,Sasaram_Central_I_2 (Bihar),Sasaram,Bihar,0.0189,0.0017,6,5,42,32,0.1389,74.0,2.057,24406.0,0.4371,0.2968
IND444005AAB,Akola_Gaurkshn_I (Maharashtra),Akola,Maharashtra,0.0044,0.0009,3,3,46,26,0.1,72.0,2.3105,23968.0,0.4293,0.2678
IND400072AAB,Mumbai Hub (Maharashtra),Mumbai Hub (Maharashtra),Maharashtra,0.0061,0.003,11,11,234,300,0.0769,534.0,2.7647,23924.0,0.4285,0.3576
IND530012AAA,Visakhapatnam_Gajuwaka_IP (Andhra Pradesh),Visakhapatnam,Andhra Pradesh,0.0334,0.0027,10,11,67,71,0.0549,138.0,2.0,21085.0,0.3776,0.3452
IND000000ACA,Ludhiana_MilrGanj_HB (Punjab),Ludhiana,Punjab,0.0129,0.0039,13,9,134,128,0.1167,262.0,1.9355,20858.0,0.3736,0.3424
IND403726AAA,Goa_Hub (Goa),Goa,Goa,0.012,0.0015,4,6,43,43,0.1389,86.0,1.8274,20009.0,0.3584,0.2821
IND413002AAA,Solapur_Central_I_2 (Maharashtra),Solapur,Maharashtra,0.0108,0.0013,5,5,51,58,0.2667,109.0,1.7788,19428.0,0.3479,0.2839
IND416012AAA,Kolhapur_Shivaji_I (Maharashtra),Kolhapur,Maharashtra,0.011,0.0018,5,5,45,47,0.1111,92.0,1.9167,18877.0,0.3381,0.2867
IND580028AAA,Hubli_Adargchi_IP (Karnataka),Hubli,Karnataka,0.0143,0.0028,9,8,67,76,0.0989,143.0,1.9885,18524.0,0.3318,0.3153
IND313001AAB,Udaipur_Mangri_I (Rajasthan),Udaipur,Rajasthan,0.0193,0.0014,4,5,47,53,0.1429,100.0,2.1005,17023.0,0.3049,0.2993
IND713205AAB,Durgapur_Central_I_1 (West Bengal),Durgapur,West Bengal,0.0143,0.0022,7,11,59,45,0.0549,104.0,3.8598,16812.0,0.3011,0.3288
IND683511AAA,Aluva_Peedika_H (Kerala),Aluva,Kerala,0.0206,0.0029,13,7,89,86,0.0294,175.0,1.4764,16405.0,0.2938,0.3228
IND474003AAA,Gwalior_HrihrNgr_I (Madhya Pradesh),Gwalior,Madhya Pradesh,0.0075,0.0015,8,6,43,40,0.1061,83.0,1.7055,15752.0,0.2821,0.2692
IND533106AAA,Rajamundry_AtoNgrRd_I (Andhra Pradesh),Rajamundry,Andhra Pradesh,0.0263,0.0018,8,8,50,51,0.1556,101.0,2.7011,15147.0,0.2713,0.3229
IND306401AAB,Pali_Nayagaon_I (Rajasthan),Pali,Rajasthan,0.0172,0.0012,3,4,34,60,0.2,94.0,2.0526,14638.0,0.2622,0.2895
IND847226AAA,Jaynagar_Wardno6_D (Bihar),Jaynagar,Bihar,0.0004,0.0006,1,1,21,21,1.0,42.0,8.9762,14438.0,0.2586,0.3433
IND401104AAA,Mumbai_MiraRd_IP (Maharashtra),Mumbai,Maharashtra,0.0012,0.0015,4,4,185,83,0.2,268.0,2.5556,14368.0,0.2573,0.3059
IND174001AAA,BilaspurHP_Indsarea_D (Himachal Pradesh),BilaspurHP,Himachal Pradesh,0.0024,0.0007,2,1,29,15,0.0,44.0,2.5185,14127.0,0.253,0.2469
IND110064AAA,Delhi_Mayapuri_PC (Delhi),Delhi,Delhi,0.0008,0.0009,2,3,50,42,0.1667,92.0,2.6538,13989.0,0.2505,0.269
IND121004AAB,FBD_Balabhgarh_DPC (Haryana),FBD,Haryana,0.0048,0.0036,9,7,145,169,0.0556,314.0,1.9167,13981.0,0.2504,0.3275
IND826004AAA,Dhanbad_Kalynpur_I (Jharkhand),Dhanbad,Jharkhand,0.0101,0.0029,7,9,61,37,0.0769,98.0,1.9294,13768.0,0.2466,0.2951
IND788026AAC,Silchar_Sirikona_H (Assam),Silchar,Assam,0.0048,0.0014,4,4,23,34,0.1905,57.0,2.539,13688.0,0.2451,0.2648
IND273014AAB,Gorakhpur_Matriprm_IP (Uttar Pradesh),Gorakhpur,Uttar Pradesh,0.0061,0.0022,6,6,48,45,0.0,93.0,2.3125,13570.0,0.243,0.2856
IND249407AAA,Haridwar (Uttarakhand),Haridwar (Uttarakhand),Uttarakhand,0.004,0.0017,5,3,46,54,0.2,100.0,2.3333,13494.0,0.2417,0.2791
IND125001AAA,Hisar_ModelTwn_P (Haryana),Hisar,Haryana,0.0095,0.0019,7,8,27,46,0.1061,73.0,2.1413,13243.0,0.2372,0.2775
IND518002AAA,Kurnool_AbbasNgr_I (Andhra Pradesh),Kurnool,Andhra Pradesh,0.0152,0.0025,10,7,66,73,0.1212,139.0,1.6559,13218.0,0.2367,0.3043
IND211002AAB,Allahabad_Central_H_1 (Uttar Pradesh),Allahabad,Uttar Pradesh,0.0077,0.0015,5,4,37,48,0.0357,85.0,2.5581,13078.0,0.2342,0.2814
IND305001AAC,Ajmer_FoySGRRD_I (Rajasthan),Ajmer,Rajasthan,0.01,0.0022,5,4,67,45,0.1071,112.0,2.0417,12816.0,0.2295,0.2924
IND585104AAA,Gulbarga_Nehrugnj_I (Karnataka),Gulbarga,Karnataka,0.0064,0.0019,5,5,61,60,0.0,121.0,1.8643,12691.0,0.2273,0.2825
IND175015AAA,JognderNgr_Dhelu_D (Himachal Pradesh),JognderNgr,Himachal Pradesh,0.0008,0.0003,1,1,11,13,0.0,24.0,7.2632,11915.0,0.2134,0.2958
IND176310AAA,Chamba_Bangotu_D (Himachal Pradesh),Chamba,Himachal Pradesh,0.0,0.0008,1,1,9,13,1.0,22.0,6.1775,11673.0,0.2091,0.2799
IND145001AAA,Pathankot_DC (Punjab),Pathankot,Punjab,0.0,0.0008,1,2,13,8,0.6667,21.0,1.6577,11630.0,0.2083,0.2071
IND263153AAB,Rudrapur_UdhamNgr_H (Uttarakhand),Rudrapur,Uttarakhand,0.0072,0.0021,6,7,48,56,0.1455,104.0,1.8595,11450.0,0.2051,0.2807
IND825409AAA,JhumriTlya_RadhaCpx_D (Jharkhand),JhumriTlya,Jharkhand,0.0008,0.0005,1,1,14,14,0.0,28.0,1.9372,11146.0,0.1996,0.2169
IND473226AAA,Guna_Raghogrh_D (Madhya Pradesh),Guna,Madhya Pradesh,0.0008,0.0004,1,2,16,20,0.3333,36.0,1.6212,11115.0,0.1991,0.2186
IND485001AAC,Satna_Central_I_2 (Madhya Pradesh),Satna,Madhya Pradesh,0.0029,0.001,2,5,29,20,0.2381,49.0,2.198,11099.0,0.1988,0.2461
IND515004AAA,Anantapur_KamaStrt_I (Andhra Pradesh),Anantapur,Andhra Pradesh,0.013,0.002,6,6,58,59,0.0889,117.0,1.7632,11091.0,0.1986,0.29
IND847404AAB,Jhanjharpur_Nagar_D (Bihar),Jhanjharpur,Bihar,0.0008,0.0006,2,1,20,18,0.6667,38.0,8.3224,10871.0,0.1947,0.3279
IND342005AAD,Jodhpur_Basni_I (Rajasthan),Jodhpur,Rajasthan,0.0052,0.0009,2,4,32,19,0.2,51.0,2.0625,10439.0,0.187,0.2465
IND152026AAA,Muktsar_DPC (Punjab),Muktsar,Punjab,0.004,0.0014,6,7,35,37,0.1944,72.0,4.0667,10410.0,0.1864,0.2913
IND390022AAA,Vadodara_Karelibaug_DPC (Gujarat),Vadodara,Gujarat,0.0064,0.001,5,4,28,50,0.2667,78.0,1.7194,10318.0,0.1848,0.2564
IND575004AAB,Mangalore_Kuntikna_H (Karnataka),Mangalore,Karnataka,0.013,0.0014,6,7,32,25,0.0769,57.0,2.1875,10089.0,0.1807,0.2691
IND723130AAA,Hura_Central_D_1 (West Bengal),Hura,West Bengal,0.004,0.0011,4,2,24,21,0.2,45.0,1.7619,9968.0,0.1785,0.2381
IND000000AFT,Mumbai_Sanpada_I (Maharashtra),Mumbai,Maharashtra,0.0048,0.0016,5,8,172,84,0.0714,256.0,2.2857,9936.0,0.1779,0.3025
IND431603AAA,Nanded_Aswningr_I (Maharashtra),Nanded,Maharashtra,0.0048,0.0008,4,4,19,21,0.0952,40.0,2.3043,9743.0,0.1745,0.2413
IND845305AAA,Raxaul_KairiyaT_D (Bihar),Raxaul,Bihar,0.0008,0.0006,1,1,22,20,1.0,42.0,5.8385,9628.0,0.1724,0.2897
IND431136AAC,Aurangabad_Central_H_1 (Maharashtra),Aurangabad,Maharashtra,0.0056,0.0012,5,5,49,56,0.0476,105.0,2.3919,9497.0,0.1701,0.2752
IND110044AAB,Del_Okhla_PC (Delhi),Del,Delhi,0.0028,0.0004,2,6,50,172,0.3929,222.0,1.7362,9398.0,0.1683,0.2737
IND342301AAA,Phalodi_PalikDPP_D (Rajasthan),Phalodi,Rajasthan,0.0016,0.0006,4,1,16,14,0.5,30.0,5.8594,9073.0,0.1625,0.2808
IND742102AAB,Berhampore_Central_I_2 (West Bengal),Berhampore,West Bengal,0.0059,0.0018,5,5,53,41,0.0278,94.0,2.3158,9006.0,0.1613,0.2766
IND847223AAA,Benipatti_WardNo1_D (Bihar),Benipatti,Bihar,0.0012,0.0006,1,1,8,15,1.0,23.0,10.2969,8986.0,0.1609,0.3309
IND302014AAB,Jaipur_Central_I_7 (Rajasthan),Jaipur,Rajasthan,0.0001,0.0035,9,12,66,150,0.0381,216.0,2.2024,8887.0,0.1592,0.3071
IND842003AAB,Jabalpur_Adhartal_IP (Madhya Pradesh),Jabalpur,Madhya Pradesh,0.012,0.0025,5,8,25,35,0.0606,60.0,2.303,8688.0,0.1556,0.2802
IND400072AAD,Mumbai_Chndivli_PC (Maharashtra),Mumbai,Maharashtra,0.0006,0.0004,3,1,85,99,0.0,184.0,2.7273,8661.0,0.1551,0.2798
IND301001AAB,Alwar_Central_I_1 (Rajasthan),Alwar,Rajasthan,0.0032,0.0011,5,3,37,18,0.2667,55.0,1.86,8634.0,0.1546,0.2424
IND000000ACT,Delhi_Gateway_HB (Delhi),Delhi,Delhi,0.0,0.0001,0,3,0,160,1.0,160.0,1.5488,8593.0,0.1539,0.2526
IND844505AAB,HazratJandaha_HajiprRD_D (Bihar),HazratJandaha,Bihar,0.0008,0.0006,1,1,16,14,1.0,30.0,11.7788,8587.0,0.1538,0.3369
IND201301AAM,Noida_Sector63_L (Uttar Pradesh),Noida,Uttar Pradesh,0.0,0.0007,1,1,39,27,0.0,66.0,1.8974,8556.0,0.1532,0.239
IND756100AAC,Bhadrak_Central_I_2 (Orissa),Bhadrak,Orissa,0.0315,0.0017,3,4,25,19,0.3,44.0,2.0348,8178.0,0.1465,0.2888
IND641062AAD,Coimbatore_Karayam_H (Tamil Nadu),Coimbatore,Tamil Nadu,0.0001,0.0032,7,8,71,64,0.0606,135.0,1.9857,8175.0,0.1464,0.2869
IND721102AAA,Midnapore_Talkui_D (West Bengal),Midnapore,West Bengal,0.0024,0.0003,1,1,5,13,1.0,18.0,7.9,8023.0,0.1437,0.2963
IND473331AAA,Ashokngr_Bypassrd_D (Madhya Pradesh),Ashokngr,Madhya Pradesh,0.0004,0.0004,1,1,11,16,1.0,27.0,1.9817,7978.0,0.1429,0.2113
IND422011AAD,Nashik_TgrniaRD_I (Maharashtra),Nashik,Maharashtra,0.0048,0.0008,2,4,39,35,0.3,74.0,1.8454,7900.0,0.1415,0.2492
IND742101AAC,Baharampur_Chuanpur_I (West Bengal),Baharampur,West Bengal,0.0088,0.0012,6,6,34,26,0.0545,60.0,2.6392,7779.0,0.1393,0.2655
IND144001AAB,Jalandhar_DPC (Punjab),Jalandhar,Punjab,0.0036,0.0027,5,5,76,58,0.2667,134.0,2.0094,7690.0,0.1377,0.2857
IND400102AAC,Mumbai_Jogshwri_I (Maharashtra),Mumbai,Maharashtra,0.0004,0.0006,1,2,62,36,0.0,98.0,3.7333,7661.0,0.1372,0.2779
IND573201AAB,Hassan_Pandrnga_I (Karnataka),Hassan,Karnataka,0.0126,0.0016,4,5,49,45,0.1429,94.0,2.4375,7558.0,0.1354,0.2857
IND400015AAA,Mumbai_CottonGreen_DPC (Maharashtra),Mumbai,Maharashtra,0.0004,0.0011,3,2,110,37,0.3333,147.0,2.9412,7417.0,0.1328,0.2819
IND786001AAB,Dibrugarh_Bokule_H (Assam),Dibrugarh,Assam,0.0115,0.0019,6,7,38,42,0.1061,80.0,2.2286,7313.0,0.131,0.279
IND201301AAF,Noida_Sec 02_DPC (Uttar Pradesh),Noida,Uttar Pradesh,0.0016,0.0016,8,3,88,32,0.1389,120.0,1.9024,7225.0,0.1294,0.2663
IND424006AAA,Dhule_MIDCAvdn_I (Maharashtra),Dhule,Maharashtra,0.0032,0.0008,5,9,13,38,0.0909,51.0,2.0513,7225.0,0.1294,0.2387
IND523002AAA,Ongole_SubhVRTL_I (Andhra Pradesh),Ongole,Andhra Pradesh,0.0109,0.0018,4,5,35,39,0.1389,74.0,1.6561,7098.0,0.1271,0.2644
IND121002AAB,Faridabad_Mthurard_L (Haryana),Faridabad,Haryana,0.0,0.001,1,1,57,29,0.0,86.0,2.0938,7016.0,0.1257,0.2503
IND395023AAD,Surat_Central_I_4 (Gujarat),Surat,Gujarat,0.0,0.0024,5,5,41,63,0.0,104.0,2.1429,6995.0,0.1253,0.2709
IND177033AAA,Nadaun_Ward6_D (Himachal Pradesh),Nadaun,Himachal Pradesh,0.0008,0.0003,1,1,9,18,0.0,27.0,2.8865,6984.0,0.1251,0.224
IND202001AAB,Aligarh_KhirByps_I (Uttar Pradesh),Aligarh,Uttar Pradesh,0.0036,0.0012,4,4,35,21,0.2667,56.0,2.4423,6933.0,0.1242,0.251
IND722151AAA,Simlapal_Central_D_1 (West Bengal),Simlapal,West Bengal,0.0,0.0005,1,1,9,8,1.0,17.0,15.06,6909.0,0.1237,0.3158
IND532001AAB,Srikakulam_Kuslpram_I (Andhra Pradesh),Srikakulam,Andhra Pradesh,0.0072,0.0022,5,4,55,64,0.1786,119.0,2.1262,6626.0,0.1187,0.2832
IND600032AAB,Chennai_Hub (Tamil Nadu),Chennai,Tamil Nadu,0.0,0.0017,3,4,75,123,0.5,198.0,2.0625,6491.0,0.1163,0.2803
IND500010AAB,Hyderabad_Alwal_L (Telangana),Hyderabad,Telangana,0.0,0.001,1,1,32,39,0.0,71.0,3.3784,6474.0,0.1159,0.2647
IND507002AAA,Khammam_NSTRoad_I (Telangana),Khammam,Telangana,0.0047,0.0013,5,7,47,42,0.1389,89.0,1.9484,6457.0,0.1156,0.2583
IND244901AAB,Rampur_RoshnBgh_I (Uttar Pradesh),Rampur,Uttar Pradesh,0.0139,0.003,10,7,64,67,0.0833,131.0,1.192,6396.0,0.1145,0.2902
IND712310AAE,Kolkata_North_I_4 (West Bengal),Kolkata,West Bengal,0.0032,0.0007,5,4,38,50,0.0952,88.0,3.1559,6167.0,0.1104,0.2686
IND221313AAA,Varanasi_Central_H_4 (Uttar Pradesh),Varanasi,Uttar Pradesh,0.0044,0.0003,1,5,6,12,0.0667,18.0,4.3495,6025.0,0.1079,0.2395
IND134109AAA,Chandigarh_Panchkula (Chandigarh),Chandigarh,Chandigarh,0.0,0.0001,0,1,0,15,0.0,15.0,12.8378,5996.0,0.1074,0.3072
IND151001AAA,Bhatinda_DPC (Punjab),Bhatinda,Punjab,0.0052,0.0021,6,4,48,51,0.1429,99.0,1.425,5987.0,0.1072,0.2616
IND506002AAA,Warangal_HunterRd_I (Telangana),Warangal,Telangana,0.0068,0.0015,3,3,48,39,0.0,87.0,1.6216,5970.0,0.1069,0.2572
IND244001AAA,Moradabad_DC (Uttar Pradesh),Moradabad,Uttar Pradesh,0.0036,0.0005,1,1,19,16,1.0,35.0,1.9662,5831.0,0.1044,0.2216
IND505001AAB,Karimnagar_KamnHbRD_I (Telangana),Karimnagar,Telangana,0.0116,0.003,11,8,47,30,0.1538,77.0,1.7676,5730.0,0.1026,0.2792
IND472001AAA,Tikamgarh_MndiRoad_D (Madhya Pradesh),Tikamgarh,Madhya Pradesh,0.0012,0.0008,2,2,11,19,0.3333,30.0,2.3226,5495.0,0.0984,0.2214
IND851127AAA,Manjhaul_Purbari_D (Bihar),Manjhaul,Bihar,0.0004,0.0005,1,2,17,20,0.3333,37.0,4.026,5446.0,0.0975,0.2498
IND743270AAA,Helencha_ColnyDPP_D (West Bengal),Helencha,West Bengal,0.0004,0.0003,1,1,6,5,1.0,11.0,15.3514,5420.0,0.0971,0.3007
IND827013AAA,Bokaro_KSClny_DC (Jharkhand),Bokaro,Jharkhand,0.0008,0.0005,2,1,20,5,0.6667,25.0,2.0,5414.0,0.097,0.2074
IND282002AAD,UNKNOWN,UNKNOWN,UNKNOWN,0.0046,0.001,6,5,30,30,0.2778,60.0,1.5383,5408.0,0.0969,0.2362
IND632006AAA,Vellore_GndhiNgr_IP (Tamil Nadu),Vellore,Tamil Nadu,0.0041,0.0008,4,5,35,44,0.2381,79.0,1.9256,5368.0,0.0961,0.2464
IND431517AAB,Ambajogai_BnsllNgr_D (Maharashtra),Ambajogai,Maharashtra,0.0032,0.0007,1,1,14,12,0.0,26.0,2.7683,5341.0,0.0957,0.2257
IND384205AAA,Mehsana_Panchot_IP (Gujarat),Mehsana,Gujarat,0.0084,0.0017,6,6,52,50,0.1111,102.0,1.5125,5323.0,0.0953,0.264
IND585307AAB,Chincholi_Mainroad_D (Karnataka),Chincholi,Karnataka,0.0,0.0007,2,2,22,21,0.0,43.0,4.2769,5198.0,0.0931,0.2589
IND500039AAC,Hyderabad_Uppal_I (Telangana),Hyderabad,Telangana,0.0048,0.0013,5,4,46,38,0.0476,84.0,2.9988,5195.0,0.093,0.2717
IND560043AAC,HBR Layout PC (Karnataka),HBR Layout PC (Karnataka),Karnataka,0.0008,0.0012,4,3,133,79,0.3,212.0,1.7222,5149.0,0.0922,0.2706
IND811399AAA,Noida_Sector02_C (Uttar Pradesh),Noida,Uttar Pradesh,0.0005,0.0003,1,2,11,50,0.6667,61.0,2.3881,4997.0,0.0895,0.235
IND832109AAB,Jamshedpur_Central_I_3 (Jharkhand),Jamshedpur,Jharkhand,0.0,0.0003,1,1,14,22,0.0,36.0,2.5058,4982.0,0.0892,0.2215
IND206001AAA,Etawah_MhraChng_D (Uttar Pradesh),Etawah,Uttar Pradesh,0.0004,0.0006,1,1,19,20,0.0,39.0,1.9594,4977.0,0.0891,0.2184
IND713364AAB,Rupnarayanpur_Salanpur_D (West Bengal),Rupnarayanpur,West Bengal,0.0004,0.0004,1,1,6,12,0.0,18.0,4.4243,4903.0,0.0878,0.2334
IND524003AAA,Nellore_DC (Andhra Pradesh),Nellore,Andhra Pradesh,0.0,0.0003,1,1,14,14,1.0,28.0,1.6934,4860.0,0.087,0.2011
IND411014AAA,PNQ Vadgaon Sheri DPC (Maharashtra),PNQ Vadgaon Sheri DPC (Maharashtra),Maharashtra,0.0016,0.0015,3,3,48,27,0.0,75.0,3.6897,4859.0,0.087,0.2755
IND110037AAK,Delhi_Kapshera_L (Delhi),Delhi,Delhi,0.0,0.0007,1,1,38,42,0.0,80.0,2.1579,4842.0,0.0867,0.2421
IND205001AAB,Mainpuri_Agraroad_I (Uttar Pradesh),Mainpuri,Uttar Pradesh,0.0064,0.0014,3,5,26,21,0.25,47.0,2.25,4835.0,0.0866,0.2461
IND282001AAA,Agra_Idgah_P (Uttar Pradesh),Agra,Uttar Pradesh,0.0,0.0004,2,2,13,12,1.0,25.0,1.6398,4811.0,0.0862,0.1977
IND570020AAA,Mysore_Yadvgiri_IP (Karnataka),Mysore,Karnataka,0.0028,0.0011,4,3,29,24,0.0952,53.0,2.8738,4806.0,0.0861,0.2499
IND796321AAB,Champhai_AwmpiVng_D (Mizoram),Champhai,Mizoram,0.0,0.0008,1,1,4,3,0.0,7.0,4.0469,4792.0,0.0858,0.2054
IND796009AAA,Aizawl_HunthrVg_I (Mizoram),Aizawl,Mizoram,0.0,0.0008,1,1,3,4,0.0,7.0,4.9504,4792.0,0.0858,0.2197
IND852111AAA,Simrahi_Bazar_D (Bihar),Simrahi,Bihar,0.0,0.0004,2,4,18,20,0.5,38.0,3.9058,4744.0,0.085,0.245
IND786181AAC,Margherita_CivilHPL_D (Assam),Margherita,Assam,0.002,0.0015,3,3,19,34,0.1667,53.0,3.6768,4744.0,0.085,0.2654
IND583101AAA,Bellary_Dc (Karnataka),Bellary,Karnataka,0.004,0.0007,3,2,21,28,0.1667,49.0,2.4889,4566.0,0.0818,0.2388
IND147105AAA,Patran_MheshNGR_D (Punjab),Patran,Punjab,0.0,0.0005,2,2,12,8,1.0,20.0,7.7941,4508.0,0.0807,0.2889
IND203390AAA,Anupshahar_DcntCLY_D (Uttar Pradesh),Anupshahar,Uttar Pradesh,0.0,0.0004,2,1,19,20,0.3333,39.0,2.5958,4494.0,0.0805,0.225
IND852139AAB,Triveninganj_Central_D_1 (Bihar),Triveninganj,Bihar,0.0004,0.0006,2,1,20,21,0.6667,41.0,3.1711,4335.0,0.0776,0.2375
IND560048AAB,Bengaluru_Hoodi_IP (Karnataka),Bengaluru,Karnataka,0.0008,0.0009,4,2,65,43,0.5,108.0,1.8,4332.0,0.0776,0.2472
IND673592AAA,SultnBthry_Kollgpra_D (Kerala),SultnBthry,Kerala,0.0012,0.0006,2,3,18,24,0.1667,42.0,2.0294,4330.0,0.0775,0.221
IND517501AAB,Tirupati_Balajicly_I (Andhra Pradesh),Tirupati,Andhra Pradesh,0.0,0.0013,2,2,33,35,0.0,68.0,2.2308,4330.0,0.0775,0.2436
IND421302AAR,Mumbai_East_I_21 (Maharashtra),Mumbai,Maharashtra,0.0016,0.0011,5,4,75,59,0.0,134.0,3.4,4310.0,0.0772,0.2823
IND700053AAA,CCU_New Alipore_DPC (West Bengal),CCU,West Bengal,0.0036,0.0014,3,4,25,16,0.2,41.0,2.7103,4303.0,0.0771,0.2432
IND246174AAA,SrinagarUK_Srikot_D (Uttarakhand),SrinagarUK,Uttarakhand,0.0008,0.0011,2,1,20,16,0.3333,36.0,1.2084,4291.0,0.0768,0.2084
IND785001AAA,Jorhat_RicMilRd_D (Assam),Jorhat,Assam,0.0084,0.0007,4,3,12,15,0.1,27.0,2.1111,4212.0,0.0754,0.2224
IND501359AAF,Hyderabad_Shamshbd_P (Telangana),Hyderabad,Telangana,0.0,0.0005,3,0,59,0,0.0,59.0,0.0,4205.0,0.0753,0.1955
IND143001AAA,Amritsar_DPC (Punjab),Amritsar,Punjab,0.0,0.0011,3,1,29,19,1.0,48.0,2.2727,4203.0,0.0753,0.2315
IND829121AAA,Peterbar_GagiDPP_D (Jharkhand),Peterbar,Jharkhand,0.0008,0.0006,1,1,5,11,1.0,16.0,7.1746,4196.0,0.0751,0.2744
IND560078AAC,BLR_JPNagar_Pc (Karnataka),BLR,Karnataka,0.0,0.0009,3,2,69,36,1.0,105.0,2.0824,4134.0,0.074,0.2492
IND413401AAA,Barshi_Kurduwdi_D (Maharashtra),Barshi,Maharashtra,0.0005,0.0006,1,1,21,19,1.0,40.0,2.1348,4122.0,0.0738,0.2195
IND249201AAA,Rishikesh_DC (Uttarakhand),Rishikesh,Uttarakhand,0.0016,0.0007,2,2,22,18,0.0,40.0,5.963,4119.0,0.0738,0.2831
IND845455AAB,Narktiganj_Central_DPP_2 (Bihar),Narktiganj,Bihar,0.0004,0.0006,1,2,15,20,1.0,35.0,2.272,4074.0,0.073,0.2178
IND248001AAA,Dehradun (Uttarakhand),Dehradun (Uttarakhand),Uttarakhand,0.0008,0.0006,3,1,29,12,0.0,41.0,2.0513,4050.0,0.0725,0.22
IND585314AAA,Aland_RazaviRd_D (Karnataka),Aland,Karnataka,0.0,0.0007,2,2,20,19,0.0,39.0,4.4722,4038.0,0.0723,0.2557
IND210427AAA,Mahoba_Mlkpura_D (Uttar Pradesh),Mahoba,Uttar Pradesh,0.0008,0.0006,1,1,10,9,0.0,19.0,2.9915,4032.0,0.0722,0.2125
IND816109AAA,Sahebganj_BaraLoha_D (Jharkhand),Sahebganj,Jharkhand,0.0012,0.0011,2,1,14,10,0.0,24.0,1.8175,4024.0,0.0721,0.2069
IND486661AAA,Sidhi_Padra_D (Madhya Pradesh),Sidhi,Madhya Pradesh,0.0013,0.0007,1,1,6,5,0.0,11.0,5.236,3993.0,0.0715,0.2351
IND332001AAB,Sikar_FatehpRd_I (Rajasthan),Sikar,Rajasthan,0.0096,0.001,3,6,20,34,0.0833,54.0,1.598,3984.0,0.0714,0.2385
IND700088AAA,Kolkata_TrtllaRD_L (West Bengal),Kolkata,West Bengal,0.0,0.001,1,1,30,9,0.0,39.0,3.5172,3978.0,0.0712,0.2437
IND560300AAB,Bangalore_East_I_20 (Karnataka),Bangalore,Karnataka,0.0,0.0007,3,4,18,24,0.3,42.0,1.8462,3972.0,0.0711,0.217
IND457226AAA,Jaora_RtlamNka_D (Madhya Pradesh),Jaora,Madhya Pradesh,0.0,0.0003,1,1,16,16,1.0,32.0,1.7952,3968.0,0.0711,0.2036
IND110095AAB,Delhi_Jhilmil_L (Delhi),Delhi,Delhi,0.0,0.0007,1,1,36,1,0.0,37.0,1.5211,3867.0,0.0693,0.2073
IND600044AAD,Chennai_Chrompet_DPC (Tamil Nadu),Chennai,Tamil Nadu,0.0036,0.0014,5,5,51,52,0.2,103.0,2.3758,3847.0,0.0689,0.2628
IND600008AAC,Chennai_Egmore_DPC (Tamil Nadu),Chennai,Tamil Nadu,0.0012,0.0007,3,3,36,18,0.1667,54.0,2.3759,3799.0,0.068,0.2339
IND507303AAA,Sathupally_VidyaNGR_D (Telangana),Sathupally,Telangana,0.0008,0.0003,2,1,19,18,0.6667,37.0,2.4685,3787.0,0.0678,0.2196
IND758034AAA,Joda_Central_D_1 (Orissa),Joda,Orissa,0.0,0.0011,1,3,13,4,1.0,17.0,2.0914,3776.0,0.0676,0.1988
IND400015AAB,Mumbai_CotnGren_M (Maharashtra),Mumbai,Maharashtra,0.0,0.0004,2,2,32,29,1.0,61.0,3.5909,3767.0,0.0675,0.2509
IND302022AAD,Jaipur_RIICO_L (Rajasthan),Jaipur,Rajasthan,0.0,0.0004,1,1,20,7,0.0,27.0,1.9091,3766.0,0.0674,0.2017
IND560058AAD,Bengaluru_Peenya_L (Karnataka),Bengaluru,Karnataka,0.0,0.001,3,1,60,36,1.0,96.0,1.702,3694.0,0.0662,0.2401
IND721306AAA,Kharagpur_DC (West Bengal),Kharagpur,West Bengal,0.0048,0.001,4,4,28,21,0.0952,49.0,2.2105,3693.0,0.0661,0.2369
IND401501AAA,Boisar_OstwlEmp_D (Maharashtra),Boisar,Maharashtra,0.0,0.0008,1,1,17,17,0.0,34.0,2.0769,3689.0,0.0661,0.2142
IND401602AAA,Dahanu_KetyDPP_D (Maharashtra),Dahanu,Maharashtra,0.0,0.0008,1,1,17,17,0.0,34.0,7.3077,3689.0,0.0661,0.2968
IND362001AAA,Junagadh_DPC (Gujarat),Junagadh,Gujarat,0.0,0.0019,3,4,36,37,0.0476,73.0,2.0,3683.0,0.066,0.246
IND246424AAA,Chamoli_CGRoad_D (Uttarakhand),Chamoli,Uttarakhand,0.0,0.001,1,1,15,16,1.0,31.0,1.2563,3681.0,0.0659,0.201
IND691001AAB,Kollam_Central_H_1 (Kerala),Kollam,Kerala,0.006,0.0016,2,4,32,32,0.0,64.0,1.3445,3618.0,0.0648,0.2382
IND686028AAB,Kottayam_Central_H_1 (Kerala),Kottayam,Kerala,0.0024,0.0016,3,2,25,17,0.0,42.0,1.375,3583.0,0.0642,0.2211
IND785682AAA,Sivasagar_Babupaty_D (Assam),Sivasagar,Assam,0.0076,0.0008,2,2,27,12,0.0,39.0,2.1933,3562.0,0.0638,0.2312
IND591123AAC,Ramdurg_GndhiNGR_D (Karnataka),Ramdurg,Karnataka,0.0012,0.0007,1,1,18,19,0.0,37.0,1.7059,3559.0,0.0637,0.2112
IND627005AAA,Tirunelveli_VdkkuSrt_I (Tamil Nadu),Tirunelveli,Tamil Nadu,0.0,0.0011,3,4,38,39,0.0952,77.0,1.575,3540.0,0.0634,0.2325
IND560002AAA,Bengaluru_KHRoad_I (Karnataka),Bengaluru,Karnataka,0.0047,0.0009,3,2,70,40,1.0,110.0,2.4049,3530.0,0.0632,0.2613
IND396191AAC,Vapi_IndEstat_I (Gujarat),Vapi,Gujarat,0.002,0.0009,3,5,27,29,0.1,56.0,2.5159,3529.0,0.0632,0.2392
IND142001AAB,Moga_DPC (Punjab),Moga,Punjab,0.0,0.0008,2,2,27,30,0.8333,57.0,1.6668,3513.0,0.0629,0.2218
IND503111AAC,Kamareddy_Devenply_I (Telangana),Kamareddy,Telangana,0.004,0.0009,3,3,10,34,0.1667,44.0,1.958,3501.0,0.0627,0.2268
IND000000ABD,Pallakad_ChndrNgr_D (Kerala),Pallakad,Kerala,0.0024,0.0006,1,1,13,12,0.0,25.0,1.7041,3495.0,0.0626,0.2006
IND110085AAB,Delhi_Rohini_DPC (Delhi),Delhi,Delhi,0.0024,0.0015,4,5,50,18,0.0667,68.0,2.4111,3494.0,0.0626,0.25
IND221706AAA,Ratanpura_MubarDPP_D (Uttar Pradesh),Ratanpura,Uttar Pradesh,0.0012,0.0008,1,1,7,11,0.0,18.0,3.9205,3483.0,0.0624,0.2275
IND283203AAA,Firozabad_Sudmpuri_D (Uttar Pradesh),Firozabad,Uttar Pradesh,0.0004,0.0007,2,2,14,14,0.6667,28.0,2.1888,3463.0,0.062,0.2094
IND000000AEL,Delhi_PunjabiB_L (Delhi),Delhi,Delhi,0.0,0.0005,1,1,23,17,0.0,40.0,1.8448,3447.0,0.0617,0.2112
IND560083AAB,Bengaluru_Bnnrghta_L (Karnataka),Bengaluru,Karnataka,0.0,0.0009,2,2,51,32,1.0,83.0,1.6199,3435.0,0.0615,0.2324
IND246149AAA,Kotdwara_Nzbadrd_D (Uttarakhand),Kotdwara,Uttarakhand,0.0,0.0006,1,1,18,15,0.0,33.0,2.6897,3370.0,0.0604,0.2201
IND560058AAB,Bengaluru_Peenya_IP (Karnataka),Bengaluru,Karnataka,0.0,0.0011,3,3,95,80,0.8333,175.0,1.4603,3369.0,0.0603,0.2542
IND416602AAC,Kankavali_NrdawDPP_D (Maharashtra),Kankavali,Maharashtra,0.0008,0.0003,1,1,6,7,0.0,13.0,2.2432,3342.0,0.0599,0.1854
IND144001AAC,Jalandhar_Sodal Road (Punjab),Jalandhar,Punjab,0.0,0.0001,0,2,0,27,1.0,27.0,2.2232,3337.0,0.0598,0.2021
IND273304AAA,Nichlaul_Wardno13_D (Uttar Pradesh),Nichlaul,Uttar Pradesh,0.0004,0.0004,2,1,3,14,0.0,17.0,3.9298,3334.0,0.0597,0.22
IND486771AAA,Churhat_Central_DPP_1 (Madhya Pradesh),Churhat,Madhya Pradesh,0.0013,0.0007,3,1,8,6,0.5,14.0,1.6875,3333.0,0.0597,0.1833
IND400102AAB,Mumbai_Jogeshwri_L (Maharashtra),Mumbai,Maharashtra,0.0,0.0004,1,1,33,20,0.0,53.0,2.0574,3310.0,0.0593,0.2213
IND577002AAA,Davangere_Central_I_1 (Karnataka),Davangere,Karnataka,0.0032,0.0011,4,3,29,31,0.2667,60.0,1.9091,3301.0,0.0591,0.2345
IND741201AAC,Ranaghat_ArickDPP_D (West Bengal),Ranaghat,West Bengal,0.0004,0.0002,1,1,1,4,0.0,5.0,15.2719,3267.0,0.0585,0.2737
IND700065AAA,CCU_Beliaghata_DPC (West Bengal),CCU,West Bengal,0.0,0.0012,2,2,31,24,1.0,55.0,3.1905,3260.0,0.0584,0.2487
IND415612AAA,Ratnagiri_MjgaonRd_D (Maharashtra),Ratnagiri,Maharashtra,0.0004,0.0004,1,1,10,8,1.0,18.0,2.6117,3214.0,0.0576,0.2007
IND605601AAA,Villupuram_Thirumtr_IP (Tamil Nadu),Villupuram,Tamil Nadu,0.0048,0.0011,3,3,26,26,0.0,52.0,1.9223,3212.0,0.0575,0.2329
IND852201AAA,Saharsa_Gangjala_D (Bihar),Saharsa,Bihar,0.0004,0.0006,3,3,15,19,0.6667,34.0,3.75,3204.0,0.0574,0.2375
IND201007AAA,GZB_Mohan_Nagar_DPC (Uttar Pradesh),GZB,Uttar Pradesh,0.0036,0.0018,8,5,49,21,0.1786,70.0,2.0769,3198.0,0.0573,0.2497
IND583201AAA,Hospet (Karnataka),Hospet (Karnataka),Karnataka,0.002,0.0011,3,3,34,27,0.3333,61.0,2.1111,3190.0,0.0571,0.2359
IND712310AAA,Kolkata_Dankuni_P (West Bengal),Kolkata,West Bengal,0.0,0.0003,2,0,38,0,0.0,38.0,0.0,3144.0,0.0563,0.1779
IND321606AAA,Kherli_GodamDPP_D (Rajasthan),Kherli,Rajasthan,0.0,0.0004,2,2,7,9,0.6667,16.0,6.5072,3139.0,0.0562,0.2571
IND757037AAA,Karanjia_Sarubali_D (Orissa),Karanjia,Orissa,0.0008,0.0012,3,2,6,13,1.0,19.0,2.7563,3137.0,0.0562,0.2126
IND370201AAA,Gandhidham_Sector1A_IP (Gujarat),Gandhidham,Gujarat,0.002,0.0003,2,2,13,9,0.3333,22.0,1.4074,3136.0,0.0562,0.1881
IND262501AAA,Pithorgarh_Kumud_D (Uttarakhand),Pithorgarh,Uttarakhand,0.0,0.0006,2,1,11,8,1.0,19.0,2.0046,3123.0,0.0559,0.1932
IND500050AAA,Patancheru_Ameenpur_I (Telangana),Patancheru,Telangana,0.0008,0.0008,2,2,20,26,0.3333,46.0,2.5071,3103.0,0.0556,0.2293
IND814133AAB,Godda_Central_D_2 (Jharkhand),Godda,Jharkhand,0.0008,0.001,3,1,19,13,0.5,32.0,2.4375,3090.0,0.0553,0.2196
IND723202AAA,Jhalda_GMukrDPP_D (West Bengal),Jhalda,West Bengal,0.0028,0.0008,1,1,14,14,0.0,28.0,2.2502,3082.0,0.0552,0.2141
IND732103AAB,Malda_Central_I_3 (West Bengal),Malda,West Bengal,0.0033,0.0018,4,3,9,15,0.0476,24.0,3.7778,3071.0,0.055,0.2453
IND713130AAA,Katwa_BSarani_D (West Bengal),Katwa,West Bengal,0.0,0.0007,2,2,16,18,0.3333,34.0,2.1016,3012.0,0.0539,0.2116
IND262802AAA,Gola_BkgnRoad_D (Uttar Pradesh),Gola,Uttar Pradesh,0.0,0.0004,1,1,20,21,0.0,41.0,2.5362,2953.0,0.0529,0.2201
IND518102AAA,Srisailam_Sishumdr_D (Andhra Pradesh),Srisailam,Andhra Pradesh,0.0008,0.0006,1,1,14,14,0.0,28.0,1.9695,2933.0,0.0525,0.2037
IND625008AAA,Madurai_Kappalur_H (Tamil Nadu),Madurai,Tamil Nadu,0.0001,0.0027,5,3,54,19,0.0476,73.0,1.8125,2929.0,0.0525,0.2495
IND563125AAB,Chintamani_Central_D_2 (Karnataka),Chintamani,Karnataka,0.0012,0.0006,3,2,16,15,0.5,31.0,3.8679,2912.0,0.0522,0.2374
IND68004AAA,Thrissur_Poothole_D (Kerala),Thrissur,Kerala,0.0024,0.0008,2,2,23,24,0.3333,47.0,2.4057,2910.0,0.0521,0.2303
IND605010AAB,Pondicherry_Vasanthm_I (Pondicherry),Pondicherry,Pondicherry,0.0072,0.0007,2,3,23,19,0.0,42.0,1.6923,2907.0,0.0521,0.2224
IND411036AAA,Pune_Mundhawa_L (Maharashtra),Pune,Maharashtra,0.0,0.0006,1,1,32,33,0.0,65.0,2.3103,2869.0,0.0514,0.2318
IND415408AAC,Shirala_Central_DPP_3 (Maharashtra),Shirala,Maharashtra,0.0004,0.0005,1,1,8,9,1.0,17.0,4.3673,2847.0,0.051,0.226
IND274301AAB,Kaptanganj_Subshngr_D (Uttar Pradesh),Kaptanganj,Uttar Pradesh,0.0012,0.0008,3,1,15,16,0.3333,31.0,4.7117,2831.0,0.0507,0.2529
IND590016AAA,Belgaum_Dc (Karnataka),Belgaum,Karnataka,0.0004,0.0007,2,1,17,5,1.0,22.0,1.4516,2828.0,0.0506,0.1894
IND400011AAA,LowerParel_CP (Maharashtra),LowerParel,Maharashtra,0.0008,0.0002,2,2,19,65,0.0,84.0,2.625,2822.0,0.0505,0.2412
IND754103AAA,Jagatsghpr_Markndpr_D (Orissa),Jagatsghpr,Orissa,0.0012,0.0003,1,1,7,1,0.0,8.0,2.1852,2807.0,0.0503,0.171
IND610001AAA,Thiruvarur_Bypasrd_D (Tamil Nadu),Thiruvarur,Tamil Nadu,0.0036,0.0014,2,2,27,27,0.1667,54.0,1.76,2802.0,0.0502,0.2311
IND742401AAA,Ghanashyampur_NditaDPP_D (West Bengal),Ghanashyampur,West Bengal,0.0016,0.0008,1,2,6,17,0.0,23.0,3.0606,2800.0,0.0501,0.2183
IND764071AAB,Pappadahandi_Central_DPP_2 (Orissa),Pappadahandi,Orissa,0.0016,0.0005,1,2,3,4,0.0,7.0,2.2089,2777.0,0.0497,0.1696
IND477001AAB,Bhind_EtwahDPP_D (Madhya Pradesh),Bhind,Madhya Pradesh,0.0,0.0002,1,1,2,11,1.0,13.0,4.8113,2770.0,0.0496,0.222
IND335513AAA,Hanumangarh_DC (Rajasthan),Hanumangarh,Rajasthan,0.0048,0.0011,3,3,20,16,0.0667,36.0,1.58,2767.0,0.0496,0.2162
IND691551AAA,Adoor_Town_D (Kerala),Adoor,Kerala,0.0012,0.0009,2,1,16,20,0.3333,36.0,2.4316,2755.0,0.0493,0.2216
IND110043AAA,Delhi_Nangli_IP (Delhi),Delhi,Delhi,0.0012,0.0015,3,2,32,38,0.0,70.0,1.763,2723.0,0.0488,0.2363
IND212601AAA,Fatehpur_Kotwali_D (Uttar Pradesh),Fatehpur,Uttar Pradesh,0.0008,0.0005,1,1,16,16,0.0,32.0,2.3357,2717.0,0.0487,0.2114
IND122001AAA,GGN_DPC (Haryana),GGN,Haryana,0.0071,0.0012,2,5,59,26,0.1333,85.0,1.816,2701.0,0.0484,0.2481
IND460001AAA,Betul_PatelWrd_D (Madhya Pradesh),Betul,Madhya Pradesh,0.0008,0.0004,1,1,20,21,0.0,41.0,2.2154,2694.0,0.0482,0.2156
IND342902A1B,UNKNOWN,UNKNOWN,UNKNOWN,0.0028,0.0004,2,1,7,9,0.3333,16.0,2.3424,2674.0,0.0479,0.1946
IND401209AAB,Mumbai_Vasai_CP (Maharashtra),Mumbai,Maharashtra,0.0,0.0001,0,3,0,32,0.3333,32.0,2.7647,2658.0,0.0476,0.2129
IND688009AAA,Alappuzha_Pazhvedu_D (Kerala),Alappuzha,Kerala,0.0,0.0012,1,1,15,16,0.0,31.0,3.6755,2652.0,0.0475,0.2378
IND847212AAA,Madhubani_Bardivan_D (Bihar),Madhubani,Bihar,0.0004,0.0006,1,1,22,21,1.0,43.0,1.7407,2645.0,0.0474,0.2104
IND243503AAB,Faridpur_ShjnprRD_D (Uttar Pradesh),Faridpur,Uttar Pradesh,0.0004,0.0009,3,1,15,11,0.6667,26.0,2.7727,2637.0,0.0472,0.2155
IND248001AAD,Dehradun_Nirjanpur_L (Uttarakhand),Dehradun,Uttarakhand,0.0008,0.0002,2,1,3,9,0.0,12.0,2.0787,2636.0,0.0472,0.1769
IND173212AAA,Solan_MohanPrk_D (Himachal Pradesh),Solan,Himachal Pradesh,0.0008,0.0007,2,4,19,9,0.5,28.0,3.375,2633.0,0.0472,0.2255
IND700026AAC,CCU_Lake Avenue_DPC (West Bengal),CCU,West Bengal,0.0,0.001,2,2,31,6,1.0,37.0,4.0139,2630.0,0.0471,0.246
IND175101AAA,Kullu_AkhraBzr_D (Himachal Pradesh),Kullu,Himachal Pradesh,0.0024,0.0008,1,1,17,4,0.0,21.0,2.2826,2628.0,0.0471,0.2038
IND244221AAA,Amroha_SamitiRd_D (Uttar Pradesh),Amroha,Uttar Pradesh,0.0075,0.0009,1,1,20,21,0.0,41.0,1.873,2608.0,0.0467,0.2253
IND110030AAD,Delhi_Kishangarh_DPC (Delhi),Delhi,Delhi,0.0,0.0006,2,1,58,7,1.0,65.0,3.1064,2603.0,0.0466,0.2433
IND403702AAA,Canacona_CharRsta_D (Goa),Canacona,Goa,0.0041,0.0004,1,2,9,9,0.6667,18.0,1.8872,2601.0,0.0466,0.192
IND635802AAB,Ambur_Central_D_2 (Tamil Nadu),Ambur,Tamil Nadu,0.0016,0.0007,4,2,17,16,0.4,33.0,1.7976,2547.0,0.0456,0.2068
IND508207AAB,Miryalguda_Ragvendr_D (Telangana),Miryalguda,Telangana,0.0055,0.0006,3,3,12,16,0.3333,28.0,2.1745,2540.0,0.0455,0.2126
IND500010AAA,Hyderabad_Alwal_I (Telangana),Hyderabad,Telangana,0.002,0.0009,3,3,27,10,0.3333,37.0,2.2838,2533.0,0.0454,0.2197
IND505122AAA,Jammikunta_ConduDPP_D (Telangana),Jammikunta,Telangana,0.0008,0.0003,2,1,15,16,0.3333,31.0,3.2321,2525.0,0.0452,0.222
IND533401AAA,Tuni_Eaglvari_D (Andhra Pradesh),Tuni,Andhra Pradesh,0.0,0.0006,1,2,18,18,1.0,36.0,2.2964,2522.0,0.0452,0.2129
IND401209AAA,Mumbai_Virar_DC (Maharashtra),Mumbai,Maharashtra,0.0,0.0001,1,1,1,23,0.0,24.0,6.7273,2511.0,0.045,0.267
IND210001AAA,Banda_GayatriN_D (Uttar Pradesh),Banda,Uttar Pradesh,0.0008,0.0005,1,1,16,10,0.0,26.0,3.8225,2494.0,0.0447,0.2286
IND502286AAB,Narayankhed_Datatrya_D (Telangana),Narayankhed,Telangana,0.004,0.0007,1,1,22,22,0.0,44.0,2.1003,2480.0,0.0444,0.2227
IND600044AAC,Chennai_Chrompet_PC (Tamil Nadu),Chennai,Tamil Nadu,0.0,0.0004,3,0,54,0,0.0,54.0,0.0,2445.0,0.0438,0.1861
IND401104AAB,Mumbai_MiraRoad_M (Maharashtra),Mumbai,Maharashtra,0.0,0.0002,2,2,11,28,1.0,39.0,2.74,2434.0,0.0436,0.218
IND261001AAA,Sitapur_Chowk_D (Uttar Pradesh),Sitapur,Uttar Pradesh,0.0,0.0002,1,1,19,20,0.0,39.0,2.2427,2434.0,0.0436,0.2102
IND312605AAB,Pratapgarh_Nimachrd_D (Rajasthan),Pratapgarh,Rajasthan,0.002,0.0009,2,2,14,19,0.3333,33.0,1.8788,2424.0,0.0434,0.2101
IND582101AAB,Gadag_Cdosclrd_D (Karnataka),Gadag,Karnataka,0.0012,0.0007,2,1,18,18,0.3333,36.0,2.9036,2416.0,0.0433,0.2255
IND712124AAA,Hooghly_DC (West Bengal),Hooghly,West Bengal,0.0002,0.0005,2,2,31,28,1.0,59.0,2.899,2413.0,0.0432,0.2356
IND712103AAA,Hoogly_Bandel_D (West Bengal),Hoogly,West Bengal,0.0,0.0005,2,2,26,24,1.0,50.0,3.6276,2404.0,0.0431,0.2421
IND125005AAA,Hisar_IndstlAr_I (Haryana),Hisar,Haryana,0.0048,0.0008,4,5,9,14,0.1429,23.0,1.8905,2396.0,0.0429,0.2029
IND416404AAA,Jath_Shivprsad_D (Maharashtra),Jath,Maharashtra,0.002,0.0007,2,1,9,6,0.0,15.0,4.81,2393.0,0.0429,0.2324
IND121102AAA,Palwal (Haryana),Palwal (Haryana),Haryana,0.0,0.0009,1,1,41,12,0.0,53.0,3.9929,2391.0,0.0428,0.2531
IND507117AAB,Manuguru_AskNagar_D (Telangana),Manuguru,Telangana,0.0004,0.0002,2,1,20,18,0.6667,38.0,1.9781,2387.0,0.0428,0.2059
IND741123AAB,Chapra_NagarDPP_D (West Bengal),Chapra,West Bengal,0.0008,0.0007,2,1,18,18,0.6667,36.0,2.4157,2384.0,0.0427,0.217
IND423701AAB,Vaijiapur_YeolaRD_D (Maharashtra),Vaijiapur,Maharashtra,0.002,0.0006,3,1,16,18,0.8333,34.0,2.15,2381.0,0.0426,0.212
IND600116AAB,Chennai_Porur_DPC (Tamil Nadu),Chennai,Tamil Nadu,0.0028,0.0012,4,3,31,16,0.1,47.0,2.2829,2353.0,0.0421,0.2308
IND756032AAA,Jaleswar_NaturDPP_D (Orissa),Jaleswar,Orissa,0.0,0.0002,1,1,1,9,0.0,10.0,2.375,2339.0,0.0419,0.1742
IND262723AAB,Dhaurahara_TahsilRD_D (Uttar Pradesh),Dhaurahara,Uttar Pradesh,0.0,0.0004,1,0,21,0,0.0,21.0,0.0,2338.0,0.0419,0.1593
IND600110AAA,Chennai_Madhavaram_L (Tamil Nadu),Chennai,Tamil Nadu,0.0004,0.0005,1,2,28,11,0.0,39.0,2.3243,2326.0,0.0417,0.215
IND600044AAE,Chennai_Chrompet_L (Tamil Nadu),Chennai,Tamil Nadu,0.0,0.0006,1,1,34,29,0.0,63.0,2.0286,2321.0,0.0416,0.2243
IND400072AAJ,Mumbai_Tejpal_I (Maharashtra),Mumbai,Maharashtra,0.0004,0.0019,2,1,51,2,0.0,53.0,9.0,2319.0,0.0415,0.3432
IND516115AAA,Rajampet_RSRoad_D (Andhra Pradesh),Rajampet,Andhra Pradesh,0.0,0.0007,1,1,18,17,0.0,35.0,2.2273,2315.0,0.0415,0.2116
IND173025AAA,PaontSahib_Gurudwar_D (Himachal Pradesh),PaontSahib,Himachal Pradesh,0.0008,0.0003,1,1,12,11,1.0,23.0,2.3737,2308.0,0.0413,0.1992
IND521333AAA,Kaikaluru_Atapaka_D (Andhra Pradesh),Kaikaluru,Andhra Pradesh,0.0,0.0007,2,1,18,14,0.6667,32.0,2.5224,2307.0,0.0413,0.2139
IND798601AAA,Mokokchung_Central_D_1 (Nagaland),Mokokchung,Nagaland,0.0,0.0002,1,1,1,5,0.0,6.0,3.9211,2304.0,0.0413,0.185
IND846004AAA,Darbhanga (Bihar),Darbhanga (Bihar),Bihar,0.0008,0.0006,1,2,22,22,0.6667,44.0,1.8125,2296.0,0.0411,0.2113
IND395009AAA,Surat_Central_D_12 (Gujarat),Surat,Gujarat,0.0,0.0002,1,1,4,16,0.0,20.0,9.5833,2293.0,0.0411,0.3057
IND560060AAB,Bengaluru_Kengeri_IP (Karnataka),Bengaluru,Karnataka,0.0,0.0013,3,2,99,34,1.0,133.0,1.5501,2288.0,0.041,0.2451
IND845418AAB,Dhaka_PchpkrRD_D (Bihar),Dhaka,Bihar,0.0,0.0004,2,2,15,14,1.0,29.0,2.1491,2280.0,0.0408,0.2021
IND184104AAA,Kathua_BOB_D (Jammu & Kashmir),Kathua,Jammu & Kashmir,0.0012,0.0004,2,4,9,12,0.8333,21.0,1.5514,2272.0,0.0407,0.1852
IND506314AAA,Rayaparthi_Perkadrd_D (Telangana),Rayaparthi,Telangana,0.0012,0.0008,1,1,12,16,0.0,28.0,3.5525,2264.0,0.0405,0.2284
IND389001AAA,Godhra_DC (Gujarat),Godhra,Gujarat,0.0008,0.0004,1,1,21,21,0.0,42.0,1.7,2264.0,0.0405,0.2058
IND207247AAB,Aliganj_KaimgnjRD_D (Uttar Pradesh),Aliganj,Uttar Pradesh,0.0024,0.0008,2,1,10,10,0.3333,20.0,2.2685,2263.0,0.0405,0.2012
IND400701AAB,Mumbai_Pawane_L (Maharashtra),Mumbai,Maharashtra,0.0,0.0003,2,1,25,26,1.0,51.0,2.475,2254.0,0.0404,0.2218
IND281121AAB,Vrindavan_MathuraRD_D (Uttar Pradesh),Vrindavan,Uttar Pradesh,0.0,0.0001,0,1,0,13,0.0,13.0,2.15,2242.0,0.0402,0.1764
IND784001AAA,Tezpur_Mhbhirab_D (Assam),Tezpur,Assam,0.0012,0.0006,3,4,7,6,0.1905,13.0,2.4916,2230.0,0.0399,0.1886
IND244235AAA,Gajraula_JawaharN_D (Uttar Pradesh),Gajraula,Uttar Pradesh,0.0072,0.0006,1,1,21,20,0.0,41.0,0.8883,2226.0,0.0399,0.2044
IND403726AAB,Goa_ZuariNgr_IP (Goa),Goa,Goa,0.0,0.0022,5,5,12,22,0.0,34.0,1.4921,2213.0,0.0396,0.2145
IND785690AAB,Sonari_Central_DPP_1 (Assam),Sonari,Assam,0.0,0.0002,1,1,2,16,0.0,18.0,4.1882,2213.0,0.0396,0.2184
IND327001AAB,Banswara_KhandDPP_D (Rajasthan),Banswara,Rajasthan,0.0012,0.0003,1,1,8,4,1.0,12.0,1.4113,2212.0,0.0396,0.1662
IND466116AAA,Ashta_ShantiNg_D (Madhya Pradesh),Ashta,Madhya Pradesh,0.0004,0.0006,1,1,15,13,1.0,28.0,2.3857,2211.0,0.0396,0.2063
IND342902AAA,Gotan_DKLogDPP_D (Rajasthan),Gotan,Rajasthan,0.0,0.0005,2,1,8,5,0.3333,13.0,2.3871,2211.0,0.0396,0.1835
IND208019AAA,Kanpur_Rawatpur_D (Uttar Pradesh),Kanpur,Uttar Pradesh,0.0,0.0005,1,1,18,6,0.0,24.0,9.4062,2192.0,0.0393,0.3119
IND812002AAA,Bhagalpur_Pbroad_DC (Bihar),Bhagalpur,Bihar,0.0,0.0002,1,1,17,18,1.0,35.0,3.7246,2192.0,0.0393,0.2294
IND481661AAA,Mandla_Mharajpr_D (Madhya Pradesh),Mandla,Madhya Pradesh,0.0012,0.0008,2,1,8,9,0.6667,17.0,3.2375,2190.0,0.0392,0.2091
IND370001AAA,Bhuj_DC (Gujarat),Bhuj,Gujarat,0.0008,0.0009,2,3,17,12,0.3333,29.0,2.0005,2189.0,0.0392,0.2056
IND586128AAA,Sindagi_KalyanNg_D (Karnataka),Sindagi,Karnataka,0.0008,0.0006,2,2,18,19,0.0,37.0,1.6875,2184.0,0.0391,0.204
IND731301AAA,Nanoor_Central_DPP_1 (West Bengal),Nanoor,West Bengal,0.0012,0.0005,2,1,16,19,0.3333,35.0,1.9437,2182.0,0.0391,0.2056
IND586211AAA,Indi_SindgiRD_D (Karnataka),Indi,Karnataka,0.0,0.0006,2,2,18,19,0.0,37.0,1.8041,2178.0,0.039,0.2046
IND574221AAA,Kadaba_AnugrDPP_D (Karnataka),Kadaba,Karnataka,0.0008,0.0006,1,1,7,6,0.0,13.0,2.5842,2159.0,0.0387,0.1887
IND515134AAA,Puttaprthi_Gokulam_D (Andhra Pradesh),Puttaprthi,Andhra Pradesh,0.0024,0.0012,3,2,32,23,0.1667,55.0,1.625,2155.0,0.0386,0.2232
IND535001AAA,Vizianagaram_NcsRd_DC (Andhra Pradesh),Vizianagaram,Andhra Pradesh,0.0004,0.0006,2,1,15,10,0.0,25.0,3.5103,2154.0,0.0386,0.2215
IND700028AAB,CCU_DumDum_DPC (West Bengal),CCU,West Bengal,0.0004,0.0009,2,1,25,10,0.0,35.0,3.7074,2149.0,0.0385,0.2363
IND425412AAA,Nandurbar_DhuleRd_D (Maharashtra),Nandurbar,Maharashtra,0.0004,0.0007,4,4,15,14,0.6667,29.0,2.2681,2142.0,0.0384,0.2067
IND794101AAA,Tura_Sracmplx_D (Meghalaya),Tura,Meghalaya,0.0036,0.0007,1,1,1,9,0.0,10.0,2.4088,2129.0,0.0381,0.1852
IND410401AAA,Lonavala_NngrgnRd_D (Maharashtra),Lonavala,Maharashtra,0.0,0.0002,1,1,11,9,0.0,20.0,2.4776,2129.0,0.0381,0.1937
IND760003AAB,Berhampur_Khajuria_I (Orissa),Berhampur,Orissa,0.0008,0.0005,1,2,12,2,0.3333,14.0,2.63,2116.0,0.0379,0.1908
IND411021AAA,PNQ Pashan DPC (Maharashtra),PNQ Pashan DPC (Maharashtra),Maharashtra,0.0,0.0008,1,1,41,32,0.0,73.0,2.0,2113.0,0.0378,0.2283
IND416510AAA,Sawantwadi_LaxmiNgr_D (Maharashtra),Sawantwadi,Maharashtra,0.0012,0.0007,2,2,5,20,0.0,25.0,2.1213,2112.0,0.0378,0.201
IND305901AAA,Beawar_DC (Rajasthan),Beawar,Rajasthan,0.0012,0.0008,1,2,17,7,0.3333,24.0,2.0769,2102.0,0.0376,0.2007
IND263601AAA,Almora_SuzkiSrv_D (Uttarakhand),Almora,Uttarakhand,0.0008,0.0006,1,3,12,12,1.0,24.0,1.9753,2100.0,0.0376,0.1963
IND000000AEM,Gurgaon_Bilaspur_RP (Haryana),Gurgaon,Haryana,0.0,0.0001,0,2,0,22,0.0,22.0,2.1364,2095.0,0.0375,0.1898
IND506167AAB,Jangaon_Hanmkond_D (Telangana),Jangaon,Telangana,0.0036,0.0007,1,1,16,16,0.0,32.0,2.2183,2083.0,0.0373,0.213
IND502220AAC,Zahirabad_Mohim_D (Telangana),Zahirabad,Telangana,0.004,0.0007,1,1,22,22,0.0,44.0,1.3089,2083.0,0.0373,0.2084
IND741156AAA,Plassey_BtaiRoad_D (West Bengal),Plassey,West Bengal,0.0012,0.0008,1,2,20,21,0.0,41.0,3.0303,2077.0,0.0372,0.2299
IND577201AAA,Shimoga_DC (Karnataka),Shimoga,Karnataka,0.002,0.0008,3,2,9,11,0.3,20.0,1.8224,2071.0,0.0371,0.1925
IND742303AAB,Domkal_Central_D_2 (West Bengal),Domkal,West Bengal,0.0004,0.0008,2,1,19,18,0.0,37.0,3.1871,2070.0,0.0371,0.2288
IND136118AAA,Kurukshetra_DC (Haryana),Kurukshetra,Haryana,0.0012,0.0005,1,1,17,22,0.0,39.0,1.4001,2070.0,0.0371,0.2
IND000000AAL,Pune_PC (Maharashtra),Pune,Maharashtra,0.0,0.0004,1,1,17,18,0.0,35.0,2.695,2069.0,0.0371,0.2143
IND140901AAA,Chandigarh_Mullanpr_DC (Chandigarh),Chandigarh,Chandigarh,0.0004,0.0008,2,2,40,40,0.6667,80.0,1.7887,2065.0,0.037,0.2289
IND210501AAB,Bewar_BndhuTRH_D (Uttar Pradesh),Bewar,Uttar Pradesh,0.0,0.0001,0,1,0,16,0.0,16.0,2.4615,2060.0,0.0369,0.186
IND305624AAA,Bijainagar_Central_DPP_1 (Rajasthan),Bijainagar,Rajasthan,0.0028,0.0011,3,1,10,8,0.0,18.0,1.6916,2054.0,0.0368,0.1912
IND641607AAA,Tirupur_Koliplm_I (Tamil Nadu),Tirupur,Tamil Nadu,0.0,0.0012,2,3,29,35,0.1667,64.0,2.0357,2043.0,0.0366,0.2292
IND421302AAH,Bhiwandi_Mankoli_GW (Maharashtra),Bhiwandi,Maharashtra,0.0,0.0003,2,0,31,0,0.0,31.0,0.0,2030.0,0.0364,0.167
IND247667AAB,Roorkee_IOTCEncl_L (Uttarakhand),Roorkee,Uttarakhand,0.0,0.0005,1,1,15,2,1.0,17.0,2.619,2021.0,0.0362,0.1934
IND845401AAA,Motihari_RajaBzr_D (Bihar),Motihari,Bihar,0.0008,0.0006,2,1,19,22,0.6667,41.0,2.5635,1997.0,0.0358,0.2194
IND845438AAA,Bettiah_BypassRd_D (Bihar),Bettiah,Bihar,0.0004,0.0005,2,1,17,15,1.0,32.0,1.8065,1992.0,0.0357,0.1996
IND480334AAA,Pandhurna_Mataward_D (Madhya Pradesh),Pandhurna,Madhya Pradesh,0.0004,0.0005,1,1,21,21,0.0,42.0,1.4167,1979.0,0.0354,0.2001
IND516390AAA,Pulivendula_RTCStand_D (Andhra Pradesh),Pulivendula,Andhra Pradesh,0.0028,0.0006,1,1,15,15,0.0,30.0,1.9405,1976.0,0.0354,0.2039
IND600076AAB,Chennai_Madhavaram_DPC (Tamil Nadu),Chennai,Tamil Nadu,0.0,0.0009,2,2,58,18,1.0,76.0,2.4576,1976.0,0.0354,0.2369
IND262701AAA,Lakhimpur_Maheva_D (Uttar Pradesh),Lakhimpur,Uttar Pradesh,0.0,0.0003,1,1,20,20,0.0,40.0,2.1875,1972.0,0.0353,0.2086
IND421601AAB,Asangaon_Shahapur_D (Maharashtra),Asangaon,Maharashtra,0.0004,0.0003,1,1,11,14,1.0,25.0,3.8143,1971.0,0.0353,0.2216
IND493445AAB,Mahasamund_RajpurRD_D (Chhattisgarh),Mahasamund,Chhattisgarh,0.0,0.0003,1,1,11,1,0.0,12.0,14.4098,1971.0,0.0353,0.2907
IND852113AAA,Madhepura_Krishnpr_D (Bihar),Madhepura,Bihar,0.0008,0.0006,2,2,18,20,0.6667,38.0,2.7958,1969.0,0.0353,0.2208
IND312001AAA,Chittaurgarh_DC (Rajasthan),Chittaurgarh,Rajasthan,0.0024,0.0008,2,2,22,19,0.1667,41.0,1.5652,1968.0,0.0352,0.2084
IND591307AAC,Gokak_Bsavangr_D (Karnataka),Gokak,Karnataka,0.0008,0.0003,1,3,18,7,0.1667,25.0,2.4679,1962.0,0.0351,0.201
IND402301AAA,Mahad_Govndsgr_D (Maharashtra),Mahad,Maharashtra,0.0,0.0008,1,1,20,13,1.0,33.0,2.0,1957.0,0.035,0.205
IND328001AAA,Dholpur_GtRoad_D (Rajasthan),Dholpur,Rajasthan,0.0009,0.0004,3,3,13,14,0.5,27.0,2.2091,1953.0,0.035,0.1999
IND560085AAA,Bengaluru_Banshkri_DC (Karnataka),Bengaluru,Karnataka,0.0,0.0007,3,1,53,7,1.0,60.0,1.8421,1943.0,0.0348,0.2189
IND441912AAA,Bhandara_KaremDPP_D (Maharashtra),Bhandara,Maharashtra,0.0,0.0002,1,1,12,11,0.0,23.0,2.7027,1940.0,0.0347,0.2002
IND382421AAA,Gandhinagar_DC (Gujarat),Gandhinagar,Gujarat,0.0,0.0004,1,2,7,29,1.0,36.0,1.875,1939.0,0.0347,0.202
IND431112AAB,Sillod_ZebaTWR_D (Maharashtra),Sillod,Maharashtra,0.0,0.0004,2,1,11,11,1.0,22.0,3.2727,1938.0,0.0347,0.21
IND000000ABG,Hyderabad_Bownplly_C (Telangana),Hyderabad,Telangana,0.0,0.0001,0,1,0,11,0.0,11.0,7.0,1938.0,0.0347,0.247
IND221010AAB,Varanasi_MahmurGj_IP (Uttar Pradesh),Varanasi,Uttar Pradesh,0.0,0.0008,2,2,2,4,0.0,6.0,9.8479,1929.0,0.0345,0.2775
IND843301AAA,Sitamari_Durma_D (Bihar),Sitamari,Bihar,0.0004,0.0006,2,1,19,20,0.6667,39.0,2.6,1929.0,0.0345,0.2177
IND233001AAA,Ghazipur_Kaithwal_D (Uttar Pradesh),Ghazipur,Uttar Pradesh,0.0,0.0006,1,2,3,4,0.3333,7.0,3.4503,1928.0,0.0345,0.1842
IND500080AAB,Hyderabad_Chikdply_I (Telangana),Hyderabad,Telangana,0.0004,0.0009,2,1,28,19,0.0,47.0,2.3333,1928.0,0.0345,0.2222
IND277303AAC,Sikandarpur_Central_D_3 (Uttar Pradesh),Sikandarpur,Uttar Pradesh,0.0,0.0009,1,1,18,6,0.0,24.0,1.4142,1927.0,0.0345,0.1878
IND274001AAA,Deoria_CCRoad_D (Uttar Pradesh),Deoria,Uttar Pradesh,0.0004,0.0009,2,2,17,14,0.0,31.0,1.8975,1925.0,0.0345,0.2038
IND395001AAA,Surat_Central_D_9 (Gujarat),Surat,Gujarat,0.0,0.0004,1,1,8,14,0.0,22.0,10.1429,1918.0,0.0344,0.3076
IND515801AAA,Guntakal_Verpatem_D (Andhra Pradesh),Guntakal,Andhra Pradesh,0.0012,0.0007,2,2,20,19,0.5,39.0,1.5682,1915.0,0.0343,0.2038
IND585401AAA,Bidar (Karnataka),Bidar (Karnataka),Karnataka,0.004,0.0007,1,1,21,22,0.0,43.0,2.3922,1911.0,0.0342,0.2237
IND462001AAA,Bhopal_Old City (Madhya Pradesh),Bhopal,Madhya Pradesh,0.0004,0.0003,2,1,4,28,0.0,32.0,3.9167,1894.0,0.0339,0.2298
IND713128AAB,Guskhara_Itachnda_D (West Bengal),Guskhara,West Bengal,0.0012,0.0003,1,2,17,16,0.3333,33.0,3.5,1894.0,0.0339,0.2256
IND451666AAA,Sendhwa_VishnuVhr_D (Madhya Pradesh),Sendhwa,Madhya Pradesh,0.0,0.0001,0,2,0,10,1.0,10.0,2.6073,1885.0,0.0338,0.1747
IND816107AAA,Pakur_Hatpada_D (Jharkhand),Pakur,Jharkhand,0.0008,0.0008,1,1,11,8,0.0,19.0,1.8832,1878.0,0.0336,0.1893
IND508377AAB,Haliya_PeroorRD_D (Telangana),Haliya,Telangana,0.0012,0.0007,1,1,15,12,0.0,27.0,1.8043,1873.0,0.0335,0.197
IND821109AAA,Mohania_Bhabua_D (Bihar),Mohania,Bihar,0.0008,0.0004,1,1,6,11,0.0,17.0,5.125,1872.0,0.0335,0.2328
IND573142AAA,Ramanathapura_Central_D_2 (Karnataka),Ramanathapura,Karnataka,0.002,0.0007,3,1,19,17,0.3333,36.0,1.8158,1861.0,0.0333,0.2064
IND852131AAA,Supaul_SadrHsptl_D (Bihar),Supaul,Bihar,0.0,0.0004,2,2,11,9,0.6667,20.0,2.8485,1851.0,0.0332,0.1997
IND321001AAA,Bharatpur_DC (Rajasthan),Bharatpur,Rajasthan,0.0004,0.0007,2,2,9,13,0.5,22.0,1.2632,1844.0,0.033,0.1816
IND587103AAB,Bagalkot_Sector4_D (Karnataka),Bagalkot,Karnataka,0.0012,0.0007,1,2,19,19,0.3333,38.0,1.9016,1841.0,0.033,0.2079
IND425409AAA,Shahada_Nandrbar_D (Maharashtra),Shahada,Maharashtra,0.0,0.0008,3,4,12,12,0.6,24.0,2.2403,1825.0,0.0327,0.1992
IND444602AAA,Amravati_DC (Maharashtra),Amravati,Maharashtra,0.0,0.0001,0,1,0,21,0.0,21.0,2.0811,1823.0,0.0326,0.1861
IND415709AAA,Khed_Mahad_D (Maharashtra),Khed,Maharashtra,0.0016,0.0005,1,2,16,6,0.0,22.0,2.3866,1803.0,0.0323,0.1981
IND388320AAA,Anand_Vaghasi_IP (Gujarat),Anand,Gujarat,0.0033,0.0016,4,4,54,19,0.2,73.0,1.7333,1798.0,0.0322,0.2361
IND245304AAA,Pilkhuwa_HapurRD_D (Uttar Pradesh),Pilkhuwa,Uttar Pradesh,0.0,0.0017,2,2,26,27,1.0,53.0,2.0732,1797.0,0.0322,0.228
IND271001AAA,Gonda_KotwaliN_D (Uttar Pradesh),Gonda,Uttar Pradesh,0.0,0.0008,1,1,12,4,1.0,16.0,3.4797,1785.0,0.032,0.2073
IND516101AAA,Koduru_MGRoad_D (Andhra Pradesh),Koduru,Andhra Pradesh,0.0,0.0007,1,1,19,18,0.0,37.0,2.4792,1782.0,0.0319,0.2143
IND175001AAA,Mandi_PlaceCol_D (Himachal Pradesh),Mandi,Himachal Pradesh,0.0024,0.0008,1,1,16,17,0.0,33.0,1.9726,1781.0,0.0319,0.2071
IND160102AAC,Chandigarh_Raiprvlg_L (Chandigarh),Chandigarh,Chandigarh,0.0,0.0007,1,1,25,28,0.0,53.0,2.0703,1781.0,0.0319,0.2177
IND380054AAA,AMD_Memnagar (Gujarat),AMD,Gujarat,0.0,0.0006,1,1,40,24,0.0,64.0,2.364,1779.0,0.0319,0.2267
IND533003AAA,Kakinada_DC (Andhra Pradesh),Kakinada,Andhra Pradesh,0.0004,0.0006,2,2,17,21,1.0,38.0,2.0851,1778.0,0.0318,0.2084
IND608301AAA,Lalpet_PriyrNGR_D (Tamil Nadu),Lalpet,Tamil Nadu,0.0,0.0005,1,1,10,16,0.0,26.0,1.749,1776.0,0.0318,0.19
IND524101AAB,Gudur_Bngisheb_D (Andhra Pradesh),Gudur,Andhra Pradesh,0.0,0.0007,1,1,14,16,0.0,30.0,2.1266,1773.0,0.0318,0.2021
IND802213AAB,Dinara_Wardno7_D (Bihar),Dinara,Bihar,0.0008,0.0004,1,1,11,5,0.0,16.0,3.5,1763.0,0.0316,0.2054
IND606201AAC,Chinnasalem_VkotRoad_D (Tamil Nadu),Chinnasalem,Tamil Nadu,0.0016,0.0007,1,1,14,15,0.0,29.0,2.0741,1761.0,0.0315,0.203
IND742121AAA,Nowda_AmtlaDPP_D (West Bengal),Nowda,West Bengal,0.0012,0.0008,1,2,16,18,0.6667,34.0,3.7273,1759.0,0.0315,0.2341
IND250002AAC,UNKNOWN,UNKNOWN,UNKNOWN,0.0,0.0002,2,0,3,0,1.0,3.0,0.0,1754.0,0.0314,0.104
IND802158AAB,Jagdishpur_Wardno13_D (Bihar),Jagdishpur,Bihar,0.0008,0.0005,2,1,17,11,0.6667,28.0,2.4085,1745.0,0.0313,0.2041
IND563131AAB,Bangarapet_KolarRd_D (Karnataka),Bangarapet,Karnataka,0.0012,0.001,3,3,25,24,0.5,49.0,1.8889,1745.0,0.0313,0.2179
IND571114AAA,HDKote_BegurRD_D (Karnataka),HDKote,Karnataka,0.0,0.0003,2,1,9,8,0.6667,17.0,4.135,1732.0,0.031,0.2139
IND402107AAA,Pen_BljiMrkt_D (Maharashtra),Pen,Maharashtra,0.0,0.0008,1,1,13,18,1.0,31.0,2.2833,1729.0,0.031,0.2064
IND341510AAB,Merta_Central_DPP_1 (Rajasthan),Merta,Rajasthan,0.0016,0.0007,2,1,13,14,0.3333,27.0,2.3727,1727.0,0.0309,0.2054
IND509103AAB,Wanaparthy_VallaDPP_D (Telangana),Wanaparthy,Telangana,0.0,0.0005,2,2,11,10,1.0,21.0,2.2069,1718.0,0.0308,0.1911
IND731237AAB,Morgram_Kntgorya_D (West Bengal),Morgram,West Bengal,0.0016,0.0008,2,1,18,15,0.0,33.0,3.0,1714.0,0.0307,0.2221
IND700136AAG,Kolkata_Narynpur_C (West Bengal),Kolkata,West Bengal,0.0,0.0001,0,1,0,23,0.0,23.0,4.2632,1705.0,0.0305,0.2224
IND584101AAA,Raichur_LSRoad_DC (Karnataka),Raichur,Karnataka,0.0012,0.0006,2,3,16,17,0.3333,33.0,1.4545,1705.0,0.0305,0.195
IND321022AAA,Kaman_BsstdDPP_D (Rajasthan),Kaman,Rajasthan,0.0,0.0002,1,1,9,9,1.0,18.0,3.2439,1694.0,0.0303,0.2002
IND450331AAA,Burhanpur_StRoad_D (Madhya Pradesh),Burhanpur,Madhya Pradesh,0.0,0.0008,1,1,16,13,1.0,29.0,2.2429,1689.0,0.0302,0.2043
IND000000ACK,Hyderabad_Chikdply_C (Telangana),Hyderabad,Telangana,0.0,0.0001,0,1,0,32,0.0,32.0,3.2739,1687.0,0.0302,0.2158
IND792130AAB,Khonsa_Central_D_1 (Arunachal Pradesh),Khonsa,Arunachal Pradesh,0.0,0.0001,0,1,0,10,0.0,10.0,2.8824,1687.0,0.0302,0.1778
IND184121AAA,Samba_Wardno13_D (Jammu & Kashmir),Samba,Jammu & Kashmir,0.0012,0.0006,3,4,12,10,0.8333,22.0,1.8022,1672.0,0.0299,0.1892
IND276128AAA,Azamgarh_ChtwrDPP_D (Uttar Pradesh),Azamgarh,Uttar Pradesh,0.0016,0.0002,1,1,2,6,0.0,8.0,1.6673,1670.0,0.0299,0.1556
IND181152AAB,Jammu_Central_I_1 (Jammu & Kashmir),Jammu,Jammu & Kashmir,0.0008,0.0006,3,3,11,12,0.5,23.0,2.5833,1664.0,0.0298,0.2015
IND600016AAC,Chennai_Perungudi_DPC (Tamil Nadu),Chennai,Tamil Nadu,0.0012,0.0014,2,2,23,12,0.0,35.0,2.0156,1660.0,0.0297,0.214
IND402109AAA,Roha_DataSagr_D (Maharashtra),Roha,Maharashtra,0.0,0.0008,1,1,18,20,1.0,38.0,1.904,1660.0,0.0297,0.2057
IND848114AAA,DalsinghSarai_Wardno13_D (Bihar),DalsinghSarai,Bihar,0.0012,0.0005,1,1,20,21,1.0,41.0,1.72,1657.0,0.0297,0.2044
IND126112AAA,Safidon_HatRDDPP_D (Haryana),Safidon,Haryana,0.0,0.0001,0,1,0,16,0.0,16.0,2.2641,1653.0,0.0296,0.1804
IND147001AAB,Patiala (Punjab),Patiala (Punjab),Punjab,0.0016,0.0003,2,2,13,13,0.0,26.0,1.9412,1647.0,0.0295,0.1928
IND533308AAB,Mandapeta_Mainrd_D (Andhra Pradesh),Mandapeta,Andhra Pradesh,0.0,0.0006,2,2,15,16,1.0,31.0,1.6549,1640.0,0.0294,0.1937
IND741165AAB,Nazirpur_Central_D_1 (West Bengal),Nazirpur,West Bengal,0.0004,0.0008,1,1,18,15,0.0,33.0,1.1852,1637.0,0.0293,0.1913
IND854105AAB,Katihar_Central_D_2 (Bihar),Katihar,Bihar,0.0,0.0004,1,2,11,9,0.3333,20.0,2.8571,1636.0,0.0293,0.1985
IND517583AAA,Puttur_Artmclny_D (Andhra Pradesh),Puttur,Andhra Pradesh,0.0,0.0007,1,1,19,19,0.0,38.0,2.1458,1631.0,0.0292,0.2087
IND581110AAE,Haveri_GuttalRD_D (Karnataka),Haveri,Karnataka,0.0008,0.0007,2,2,21,20,0.6667,41.0,1.8853,1619.0,0.029,0.2079
IND271210AAA,Tulsipur_Central_DPP_1 (Uttar Pradesh),Tulsipur,Uttar Pradesh,0.0,0.0008,1,1,6,12,1.0,18.0,3.0734,1618.0,0.029,0.203
IND501401AAC,Medchal_MROoffce_D (Telangana),Medchal,Telangana,0.0004,0.0004,3,1,19,14,0.3333,33.0,8.9042,1616.0,0.0289,0.3085
IND380021AAA,AMD_Rakhial (Gujarat),AMD,Gujarat,0.0,0.0001,0,1,0,32,0.0,32.0,3.1667,1611.0,0.0289,0.2136
IND441107AAB,Savner_Wagodha_D (Maharashtra),Savner,Maharashtra,0.0,0.0003,1,0,11,0,0.0,11.0,0.0,1609.0,0.0288,0.1362
IND741126AAB,Nakashipara_MaxDPP_D (West Bengal),Nakashipara,West Bengal,0.0012,0.0008,2,1,19,20,0.3333,39.0,2.5588,1599.0,0.0286,0.2181
IND583119AAA,Sandur_WrdN1DPP_D (Karnataka),Sandur,Karnataka,0.0,0.0004,1,1,9,9,1.0,18.0,4.2326,1598.0,0.0286,0.2175
IND813203AAA,Kahalgaon_NdiaTola_D (Bihar),Kahalgaon,Bihar,0.0,0.0003,2,0,19,0,1.0,19.0,0.0,1596.0,0.0286,0.1509
IND471001AAA,Chhatarpur_Busstand_D (Madhya Pradesh),Chhatarpur,Madhya Pradesh,0.0012,0.0007,2,1,12,9,0.6667,21.0,1.6203,1595.0,0.0286,0.1851
IND452001AAC,Jalgaon_DC (Maharashtra),Jalgaon,Maharashtra,0.0,0.0008,2,2,14,9,0.3333,23.0,2.5,1592.0,0.0285,0.2014
IND508001AAA,Nalgonda_HydRoad_DC (Telangana),Nalgonda,Telangana,0.0034,0.0005,2,1,15,14,0.3333,29.0,1.7543,1587.0,0.0284,0.1981
IND630561AAA,Sivaganga_Wardno3_D (Tamil Nadu),Sivaganga,Tamil Nadu,0.0,0.0006,1,2,16,20,0.0,36.0,1.7538,1587.0,0.0284,0.1996
IND431203AAA,Jalna_BhgyaNgr_D (Maharashtra),Jalna,Maharashtra,0.0,0.0004,1,2,15,12,1.0,27.0,1.9796,1583.0,0.0284,0.1928
IND210431AAA,Rath_Mughlpra_D (Uttar Pradesh),Rath,Uttar Pradesh,0.0016,0.0006,1,1,5,5,0.0,10.0,2.3694,1579.0,0.0283,0.1767
IND248122AAB,Mussoorie_BrlwgDPP_D (Uttarakhand),Mussoorie,Uttarakhand,0.0004,0.0002,1,1,16,15,0.0,31.0,2.2105,1575.0,0.0282,0.199
IND209801AAA,Unnao_VikasRam_D (Uttar Pradesh),Unnao,Uttar Pradesh,0.0,0.0006,1,1,20,2,0.0,22.0,5.3222,1572.0,0.0282,0.2417
IND140118AAA,AnandprShb_PnjPiara_D (Punjab),AnandprShb,Punjab,0.0004,0.0004,1,1,19,17,0.0,36.0,1.5556,1567.0,0.0281,0.1952
IND786171AAA,Digboi_JyotiNgr_D (Assam),Digboi,Assam,0.0012,0.0006,1,1,13,11,1.0,24.0,2.4444,1563.0,0.028,0.2011
IND466001AAA,Sehore_Mangalam_D (Madhya Pradesh),Sehore,Madhya Pradesh,0.0004,0.0005,1,1,14,15,1.0,29.0,1.7667,1562.0,0.028,0.1933
IND302026AAA,Jaipur_Bhankrot_DC (Rajasthan),Jaipur,Rajasthan,0.0,0.0005,1,1,19,3,0.0,22.0,11.5,1561.0,0.028,0.3067
IND639104AAB,Kulithalai_AnnaNGR_D (Tamil Nadu),Kulithalai,Tamil Nadu,0.0,0.0005,1,1,16,1,0.0,17.0,1.5,1542.0,0.0276,0.1733
IND635601AAB,Tiruppattur_KoilStrt_D (Tamil Nadu),Tiruppattur,Tamil Nadu,0.0004,0.0005,1,2,10,11,1.0,21.0,4.1176,1535.0,0.0275,0.221
IND500008AAC,Hyderabad_Tolichwk_I (Telangana),Hyderabad,Telangana,0.0004,0.0007,1,2,19,13,0.0,32.0,2.7368,1530.0,0.0274,0.2126
IND110035AAC,Delhi_North_R_8 (Delhi),Delhi,Delhi,0.0,0.0008,1,1,36,3,0.0,39.0,1.6667,1529.0,0.0274,0.2017
IND335523AAB,Nohar_Central_DPP_2 (Rajasthan),Nohar,Rajasthan,0.0004,0.0006,3,1,6,1,0.6667,7.0,3.7542,1527.0,0.0273,0.1872
IND462042AAA,Bhopal_Kolar Mandakni (Madhya Pradesh),Bhopal,Madhya Pradesh,0.0,0.0002,1,1,2,17,0.0,19.0,4.9,1525.0,0.0273,0.2265
IND385535AAA,Deesa_HawaiPlr_DC (Gujarat),Deesa,Gujarat,0.0004,0.0006,1,1,14,17,1.0,31.0,1.95,1523.0,0.0273,0.1983
IND743347AAA,Kakdwip_KlngrDPP_D (West Bengal),Kakdwip,West Bengal,0.0004,0.0005,1,1,12,6,1.0,18.0,3.6584,1521.0,0.0272,0.209
IND413501AAA,Osmanabad_Kakdepot_D (Maharashtra),Osmanabad,Maharashtra,0.0005,0.0005,2,2,22,22,0.6667,44.0,1.4286,1521.0,0.0272,0.1997
IND571426AAA,Krishnarajpet_MuruPost_D (Karnataka),Krishnarajpet,Karnataka,0.0012,0.0006,2,1,18,15,0.3333,33.0,1.8974,1503.0,0.0269,0.2005
IND848210AAA,Rusera_Wardno4_D (Bihar),Rusera,Bihar,0.0012,0.0006,1,2,21,20,0.6667,41.0,2.0577,1502.0,0.0269,0.209
IND563101AAB,Kolar_Ambedkar_D (Karnataka),Kolar,Karnataka,0.0012,0.0005,2,3,19,16,0.5,35.0,1.5652,1502.0,0.0269,0.1963
IND614018AAA,Mannargudi_Vadasari_D (Tamil Nadu),Mannargudi,Tamil Nadu,0.0,0.0003,1,1,12,10,0.0,22.0,2.0083,1497.0,0.0268,0.1859
IND582209AAA,Rona_GadagRD_D (Karnataka),Rona,Karnataka,0.0,0.0006,1,1,17,16,1.0,33.0,1.8407,1496.0,0.0268,0.1982
IND364004AAB,Bhavnagar_ChtrGIDC_IP (Gujarat),Bhavnagar,Gujarat,0.0012,0.0002,1,1,11,7,0.0,18.0,1.9474,1493.0,0.0267,0.1808
IND825301AAA,Hazaribag_BodomBzr_DC (Jharkhand),Hazaribag,Jharkhand,0.0008,0.0004,1,1,14,14,0.0,28.0,2.6676,1486.0,0.0266,0.2054
IND712410AAC,Tarkeshwar_Naraynpr_D (West Bengal),Tarkeshwar,West Bengal,0.0016,0.0004,1,1,9,6,0.0,15.0,1.6375,1485.0,0.0266,0.1728
IND110037AAB,Del_B_RPC (Delhi),Del,Delhi,0.0,0.0002,1,0,11,0,0.0,11.0,0.0,1482.0,0.0265,0.1338
IND764001AAC,Jeypore_Kelasahi_D (Orissa),Jeypore,Orissa,0.0016,0.0003,2,1,4,7,0.3333,11.0,2.5333,1481.0,0.0265,0.1782
IND382715AAA,Kadi_KaranNGR_D (Gujarat),Kadi,Gujarat,0.0,0.0007,1,1,18,18,1.0,36.0,1.9818,1479.0,0.0265,0.2028
IND643231AAA,Coonoor_Fairybnk_D (Tamil Nadu),Coonoor,Tamil Nadu,0.0,0.0008,1,1,15,11,1.0,26.0,1.069,1468.0,0.0263,0.1804
IND626123AAA,Sivakasi_Msstreet_DC (Tamil Nadu),Sivakasi,Tamil Nadu,0.0,0.0022,1,1,17,17,0.0,34.0,1.86,1452.0,0.026,0.2151
IND792120AAB,Changlang_Central_D_1 (Arunachal Pradesh),Changlang,Arunachal Pradesh,0.0,0.0004,1,1,9,3,0.0,12.0,3.0882,1449.0,0.026,0.1877
IND380005AAA,Amd_Chandkheda_Dc (Gujarat),Amd,Gujarat,0.0008,0.0005,1,3,36,10,1.0,46.0,3.0,1446.0,0.0259,0.2258
IND700065AAB,CCU_Beleghta_CP (West Bengal),CCU,West Bengal,0.0,0.0001,0,1,0,15,0.0,15.0,5.4167,1439.0,0.0258,0.227
IND571124AAA,Tirumakudalu_Narasipr_D (Karnataka),Tirumakudalu,Karnataka,0.0,0.0007,1,1,10,11,1.0,21.0,4.1379,1434.0,0.0257,0.2217
IND515201AAA,Hindupur_Parigi_D (Andhra Pradesh),Hindupur,Andhra Pradesh,0.0008,0.0008,1,2,15,19,0.0,34.0,2.6667,1432.0,0.0256,0.2145
IND518422AAB,Atmakur_IndraNgr_D (Andhra Pradesh),Atmakur,Andhra Pradesh,0.0008,0.0005,1,1,12,14,0.0,26.0,2.0455,1430.0,0.0256,0.1945
IND722140AAA,Khatra_KoralDPP_D (West Bengal),Khatra,West Bengal,0.0008,0.0004,1,2,12,10,0.6667,22.0,1.0114,1428.0,0.0256,0.1725
IND360530AAB,Jamjodhpur_Court_D (Gujarat),Jamjodhpur,Gujarat,0.0,0.0006,1,1,13,15,0.0,28.0,2.0,1427.0,0.0256,0.1955
IND389151AAA,Dahod_DC (Gujarat),Dahod,Gujarat,0.0004,0.0004,1,1,21,11,0.0,32.0,2.8485,1424.0,0.0255,0.2111
IND224141AAB,Gosainganj_Pakrela_D (Uttar Pradesh),Gosainganj,Uttar Pradesh,0.0,0.0002,1,1,13,17,0.0,30.0,2.8947,1421.0,0.0254,0.2071
IND396321AAA,Bilimora_DC (Gujarat),Bilimora,Gujarat,0.0,0.001,2,2,15,25,0.0,40.0,1.75,1419.0,0.0254,0.2053
IND532127AAA,Rajam_SamathBv_D (Andhra Pradesh),Rajam,Andhra Pradesh,0.0016,0.0007,1,1,21,21,0.0,42.0,1.6744,1415.0,0.0253,0.2051
IND331304AAA,Taranagar_RajRdDPP_D (Rajasthan),Taranagar,Rajasthan,0.0012,0.0006,1,1,3,4,0.0,7.0,4.104,1415.0,0.0253,0.1932
IND793001AAA,Shillong (Meghalaya),Shillong (Meghalaya),Meghalaya,0.0004,0.0005,1,2,10,3,1.0,13.0,2.4565,1413.0,0.0253,0.1812
IND571104AAA,Koppa_BMRd_D (Karnataka),Koppa,Karnataka,0.0012,0.0006,1,2,15,17,0.3333,32.0,1.85,1410.0,0.0253,0.1984
IND848101AAA,Samastipur_Haripur_D (Bihar),Samastipur,Bihar,0.0008,0.0006,2,1,21,16,0.6667,37.0,3.3012,1402.0,0.0251,0.2245
IND457001AAA,Ratlam_Khjurwli_DC (Madhya Pradesh),Ratlam,Madhya Pradesh,0.0004,0.0002,1,2,17,19,0.3333,36.0,1.1,1399.0,0.0251,0.1844
IND577598AAB,Madikeri_MuthpTmp_D (Karnataka),Madikeri,Karnataka,0.0,0.0006,1,1,16,17,1.0,33.0,1.8966,1395.0,0.025,0.1979
IND515865AAB,Rayadurgam_RailGate_D (Andhra Pradesh),Rayadurgam,Andhra Pradesh,0.0,0.0007,1,1,18,18,1.0,36.0,1.697,1394.0,0.025,0.1979
IND673632AAA,Kozhikode_Central_H_4 (Kerala),Kozhikode,Kerala,0.0024,0.0007,2,4,8,15,0.0667,23.0,1.2105,1392.0,0.0249,0.1815
IND847103AAA,Benipur_Javahar_D (Bihar),Benipur,Bihar,0.0,0.0006,1,1,21,19,1.0,40.0,2.0,1391.0,0.0249,0.2047
IND603301AAA,Malemruvathur_Achipkam_D (Tamil Nadu),Malemruvathur,Tamil Nadu,0.0004,0.0004,1,1,13,14,1.0,27.0,2.3562,1390.0,0.0249,0.1984
IND521301AAA,Gudivada_GvrCompx_D (Andhra Pradesh),Gudivada,Andhra Pradesh,0.0,0.0006,1,1,19,19,1.0,38.0,1.8462,1390.0,0.0249,0.2013
IND176048AAA,Jahu_Sulgwan_D (Himachal Pradesh),Jahu,Himachal Pradesh,0.0004,0.0002,1,1,12,11,0.0,23.0,2.0215,1373.0,0.0246,0.1862
IND742226AAA,Sagardighi_UtBzrDPP_D (West Bengal),Sagardighi,West Bengal,0.0016,0.0004,1,2,17,19,0.0,36.0,2.2286,1372.0,0.0246,0.2061
IND784176AAA,Bishwanath_ChrliDPP_D (Assam),Bishwanath,Assam,0.004,0.0006,1,1,6,4,1.0,10.0,2.3378,1372.0,0.0246,0.1781
IND721253AAC,ChandroknaRD_Central_DPP_3 (West Bengal),ChandroknaRD,West Bengal,0.0004,0.0003,2,2,7,12,1.0,19.0,2.3766,1368.0,0.0245,0.1869
IND509124AAA,JoguGadwal_ColctrOf_D (Telangana),JoguGadwal,Telangana,0.0006,0.0006,2,4,17,16,0.6667,33.0,1.6751,1363.0,0.0244,0.1953
IND396001AAA,Valsad_DC (Gujarat),Valsad,Gujarat,0.0,0.0004,1,1,8,5,0.0,13.0,2.4262,1359.0,0.0243,0.1779
IND788713AAA,Karimganj_Alngjuri_D (Assam),Karimganj,Assam,0.0,0.0006,2,2,13,11,1.0,24.0,3.0769,1351.0,0.0242,0.2074
IND533262AAA,Draksharamam_Anaipeta_D (Andhra Pradesh),Draksharamam,Andhra Pradesh,0.0012,0.0008,2,2,15,12,1.0,27.0,1.8298,1351.0,0.0242,0.1948
IND854311AAA,Araria_Wardn13_D (Bihar),Araria,Bihar,0.0004,0.0006,2,3,22,12,0.6667,34.0,2.2928,1351.0,0.0242,0.2054
IND758001AAA,Kendujhar_Sirjudin_D (Orissa),Kendujhar,Orissa,0.0008,0.0013,4,2,7,6,0.5,13.0,2.0,1344.0,0.0241,0.1818
IND523316AAB,Markapur_VidyaNgr_D (Andhra Pradesh),Markapur,Andhra Pradesh,0.0012,0.0004,2,1,14,14,0.3333,28.0,1.6513,1343.0,0.0241,0.1889
IND515761AAA,Kalyandurg_Shankrpa_D (Andhra Pradesh),Kalyandurg,Andhra Pradesh,0.0012,0.0007,2,1,19,19,0.6667,38.0,1.7736,1341.0,0.024,0.2026
IND124507AAA,Bahadurgarh_DC (Haryana),Bahadurgarh,Haryana,0.0008,0.0005,2,2,11,12,0.0,23.0,2.3864,1339.0,0.024,0.1956
IND122004AAA,Gurgaon_Begumpur_CP (Haryana),Gurgaon,Haryana,0.0,0.0001,0,2,0,44,0.0,44.0,1.7611,1339.0,0.024,0.1983
IND362720AAA,Kodinar_NCplxDPP_D (Gujarat),Kodinar,Gujarat,0.0,0.0008,1,1,16,17,0.0,33.0,2.0,1339.0,0.024,0.2014
IND483501AAA,Katni_Bargawan_DC (Madhya Pradesh),Katni,Madhya Pradesh,0.0008,0.001,2,1,14,3,0.6667,17.0,2.0,1337.0,0.0239,0.1864
IND600119AAA,Chennai_Sholinganallur_Dc (Tamil Nadu),Chennai,Tamil Nadu,0.0004,0.0013,2,1,19,10,0.0,29.0,2.8184,1333.0,0.0239,0.2167
IND140301AAA,Chandigarh_Kharar_DC (Chandigarh),Chandigarh,Chandigarh,0.0008,0.0006,1,2,21,40,0.3333,61.0,2.0,1331.0,0.0238,0.2177
IND174101AAB,Nalagarh_Central_DPP_2 (Himachal Pradesh),Nalagarh,Himachal Pradesh,0.0,0.0001,0,2,0,12,0.0,12.0,2.5625,1326.0,0.0237,0.1749
IND503185AAA,Bodhan_SuryaDPP_D (Telangana),Bodhan,Telangana,0.0016,0.0006,1,1,20,19,0.0,39.0,1.5,1322.0,0.0237,0.198
IND523230AAA,Kanigiri_Tiglgndi_D (Andhra Pradesh),Kanigiri,Andhra Pradesh,0.0,0.0009,1,1,21,19,1.0,40.0,1.383,1321.0,0.0237,0.1979
IND122413AAE,Gurgaon_Bilaspur_P (Haryana),Gurgaon,Haryana,0.0,0.0002,1,0,43,0,0.0,43.0,0.0,1318.0,0.0236,0.1707
IND614620AAA,Manamelkudi_TmpleSrt_D (Tamil Nadu),Manamelkudi,Tamil Nadu,0.0,0.0006,1,1,15,16,0.0,31.0,1.9045,1318.0,0.0236,0.1954
IND517644AAA,Sriklahsti_SDKNgr_D (Andhra Pradesh),Sriklahsti,Andhra Pradesh,0.0,0.0006,1,1,16,15,0.0,31.0,2.1143,1314.0,0.0235,0.1991
IND508248AAB,Devarakonda_DindiRD_D (Telangana),Devarakonda,Telangana,0.0012,0.0007,2,1,16,15,0.3333,31.0,1.7647,1314.0,0.0235,0.1962
IND843320AAA,Pupri_SngihiRD_D (Bihar),Pupri,Bihar,0.0012,0.0006,2,1,21,8,0.6667,29.0,2.425,1312.0,0.0235,0.204
IND110024AAA,Delhi_Lajpat_IP (Delhi),Delhi,Delhi,0.0004,0.002,3,1,31,9,0.3333,40.0,2.0,1309.0,0.0234,0.2189
IND174103AAA,Baddi_ByePass_D (Himachal Pradesh),Baddi,Himachal Pradesh,0.0008,0.0007,4,1,20,6,0.5,26.0,2.7385,1308.0,0.0234,0.2056
IND341503AAB,Degana_BhukrdPP_D (Rajasthan),Degana,Rajasthan,0.0016,0.0006,1,1,12,12,1.0,24.0,2.0606,1308.0,0.0234,0.1935
IND509358AAA,Kadthal_GndhiDPP_D (Telangana),Kadthal,Telangana,0.0012,0.0006,1,2,17,17,0.3333,34.0,2.1186,1305.0,0.0234,0.2035
IND585330AAE,Humnabad_EBroad_D (Karnataka),Humnabad,Karnataka,0.004,0.0007,1,1,20,21,0.0,41.0,1.7941,1302.0,0.0233,0.2084
IND609001AAA,Mylduthuri_Thiruviz_D (Tamil Nadu),Mylduthuri,Tamil Nadu,0.0,0.0002,1,1,11,12,0.0,23.0,2.188,1294.0,0.0232,0.1875
IND742225AAA,Ragunthgnj_GopalDPP_D (West Bengal),Ragunthgnj,West Bengal,0.0008,0.0003,2,1,17,16,0.3333,33.0,4.6111,1294.0,0.0232,0.2381
IND685514AAA,Kattappana_Palikval_D (Kerala),Kattappana,Kerala,0.0,0.0006,3,1,9,9,0.3333,18.0,1.5294,1291.0,0.0231,0.1743
IND285001AAD,Orai_Ajnari_D (Uttar Pradesh),Orai,Uttar Pradesh,0.0016,0.0006,1,1,21,21,0.0,42.0,1.4242,1290.0,0.0231,0.1984
IND853204AAA,Naugchia_Vijayght_D (Bihar),Naugchia,Bihar,0.0004,0.0004,2,1,7,11,0.3333,18.0,2.0435,1290.0,0.0231,0.1813
IND132103AAB,Panipat_PC (Haryana),Panipat,Haryana,0.0002,0.0002,1,2,3,8,1.0,11.0,2.1745,1288.0,0.0231,0.1677
IND136027AAA,Kaithal_DC (Haryana),Kaithal,Haryana,0.0004,0.0006,1,1,22,21,0.0,43.0,1.8235,1282.0,0.023,0.2036
IND581325AAA,Dandeli_RKComplx_D (Karnataka),Dandeli,Karnataka,0.001,0.0006,2,1,14,14,0.3333,28.0,1.9197,1281.0,0.0229,0.1944
IND247667AAA,Roorkee_Dc (Uttarakhand),Roorkee,Uttarakhand,0.0024,0.0002,1,1,5,14,1.0,19.0,1.8439,1270.0,0.0227,0.1805
IND335051AAA,RaisingNgr_BisnolDPP_D (Rajasthan),RaisingNgr,Rajasthan,0.0016,0.0008,1,1,7,10,0.0,17.0,1.9666,1262.0,0.0226,0.1837
IND263401AAA,Kashipur_BajprDPP_D (Uttarakhand),Kashipur,Uttarakhand,0.0008,0.0008,3,2,18,16,1.0,34.0,1.9855,1262.0,0.0226,0.2019
IND110078AAA,Janakpuri (Delhi),Janakpuri (Delhi),Delhi,0.0,0.0012,1,1,33,14,0.0,47.0,2.7329,1259.0,0.0225,0.2267
IND788151AAA,Hailakandi_kalibari_D (Assam),Hailakandi,Assam,0.0008,0.0006,1,2,13,13,1.0,26.0,2.6061,1257.0,0.0225,0.2022
IND581119AAB,Ukkadagatri_Tuminkte_D (Karnataka),Ukkadagatri,Karnataka,0.0,0.0006,1,1,16,14,1.0,30.0,1.8181,1252.0,0.0224,0.1928
IND400072AAA,Mumbai_Tejpal_M (Maharashtra),Mumbai,Maharashtra,0.0,0.0004,1,1,29,1,0.0,30.0,4.0,1244.0,0.0223,0.2247
IND784168AAB,Gohpur_Central_D_1 (Assam),Gohpur,Assam,0.0044,0.0007,3,2,3,8,0.3,11.0,2.82,1238.0,0.0222,0.1894
IND132001AAA,Karnal (Haryana),Karnal (Haryana),Haryana,0.0004,0.0003,2,3,7,6,0.6667,13.0,3.6544,1234.0,0.0221,0.1958
IND606801AAB,Chetpet_Blmrgnst_D (Tamil Nadu),Chetpet,Tamil Nadu,0.0004,0.0004,1,1,13,13,0.0,26.0,2.3148,1233.0,0.0221,0.1953
IND176061AAA,Palampur_Cnsrvila_D (Himachal Pradesh),Palampur,Himachal Pradesh,0.0004,0.0002,1,1,3,2,0.0,5.0,3.0144,1231.0,0.022,0.1605
IND713148AAA,Panagarh_Central_D_1 (West Bengal),Panagarh,West Bengal,0.0012,0.0002,1,1,3,17,0.0,20.0,2.6389,1230.0,0.022,0.1924
IND581115AAC,Ranebennur_SriRmNGR_D (Karnataka),Ranebennur,Karnataka,0.0,0.0007,1,1,19,20,1.0,39.0,1.7308,1228.0,0.022,0.1993
IND431122AAA,Beed_JalnaRd_D (Maharashtra),Beed,Maharashtra,0.0012,0.0003,1,1,9,7,0.0,16.0,2.0952,1226.0,0.022,0.1781
IND814112AAA,Deoghar_Barmasia_D (Jharkhand),Deoghar,Jharkhand,0.0012,0.0005,3,2,7,9,0.5,16.0,2.3509,1225.0,0.0219,0.1845
IND181201AAB,Akhnoor_ThthiCwk_D (Jammu & Kashmir),Akhnoor,Jammu & Kashmir,0.0,0.0004,1,1,7,8,0.0,15.0,5.0831,1223.0,0.0219,0.2228
IND742148AAA,Lalgola_KrsprDPP_D (West Bengal),Lalgola,West Bengal,0.0004,0.0002,1,1,14,16,1.0,30.0,3.5,1221.0,0.0219,0.2156
IND841424AAA,Chhapra_Prbhunth_D (Bihar),Chhapra,Bihar,0.0,0.0001,0,2,0,9,1.0,9.0,3.4,1217.0,0.0218,0.1796
IND251001AAA,Muzaffrngr_MhmodNgr_D (Uttar Pradesh),Muzaffrngr,Uttar Pradesh,0.0004,0.0003,1,1,10,12,0.0,22.0,2.1286,1217.0,0.0218,0.1866
IND629179AAA,Marthandam_Nallur_D (Tamil Nadu),Marthandam,Tamil Nadu,0.0,0.0001,0,1,0,11,0.0,11.0,2.0417,1216.0,0.0218,0.1634
IND508223AAA,Thirumalagiri_Xroad_D (Telangana),Thirumalagiri,Telangana,0.0008,0.0006,2,1,12,14,0.6667,26.0,1.7698,1216.0,0.0218,0.1887
IND614809AAA,Pushpavanam_Thmpulam_D (Tamil Nadu),Pushpavanam,Tamil Nadu,0.0004,0.0008,1,1,17,17,1.0,34.0,2.1591,1213.0,0.0217,0.2044
IND678683AAA,Vadakkencherry_Robinson_D (Kerala),Vadakkencherry,Kerala,0.0024,0.0005,1,1,14,13,0.0,27.0,1.2121,1213.0,0.0217,0.1828
IND211011AAA,Allahabad_Central_D_5 (Uttar Pradesh),Allahabad,Uttar Pradesh,0.0008,0.0004,1,1,12,13,0.0,25.0,3.9524,1211.0,0.0217,0.2205
IND124112AAA,Meham_GModDPP_D (Haryana),Meham,Haryana,0.0054,0.0002,1,3,7,8,0.8333,15.0,2.2001,1211.0,0.0217,0.1838
IND516269AAA,Rayachoti_Madnpali_D (Andhra Pradesh),Rayachoti,Andhra Pradesh,0.0028,0.0005,1,1,10,15,0.0,25.0,1.5921,1211.0,0.0217,0.1875
IND465001AAA,Shajapur_MhpraRD_D (Madhya Pradesh),Shajapur,Madhya Pradesh,0.0016,0.0005,1,3,13,9,0.5,22.0,1.5376,1211.0,0.0217,0.1808
IND416606AAA,Malvan_BllvMarg_D (Maharashtra),Malvan,Maharashtra,0.0,0.0005,1,1,14,1,0.0,15.0,12.2553,1211.0,0.0217,0.2936
IND515401AAB,Gooty_StatonRd_D (Andhra Pradesh),Gooty,Andhra Pradesh,0.0,0.0006,1,1,17,18,1.0,35.0,2.4348,1206.0,0.0216,0.2065
IND783348AAA,Bilasipara_Wardno5_D (Assam),Bilasipara,Assam,0.0036,0.0007,1,1,11,10,0.0,21.0,1.8764,1203.0,0.0215,0.1904
IND843105AAB,Dholi_WardNo4_D (Bihar),Dholi,Bihar,0.0008,0.0005,1,1,20,20,1.0,40.0,2.025,1201.0,0.0215,0.2043
IND494334AAB,Kanker_KrisnKunj_D (Chhattisgarh),Kanker,Chhattisgarh,0.0,0.0002,1,1,1,11,0.0,12.0,1.7692,1200.0,0.0215,0.1623
IND403401AAA,Goa_Ponda_Dc (Goa),Goa,Goa,0.0,0.0006,1,1,6,3,0.0,9.0,8.5952,1199.0,0.0215,0.2667
IND263645AAA,Ranikhet_Subhash_D (Uttarakhand),Ranikhet,Uttarakhand,0.0012,0.0006,3,2,15,13,0.6667,28.0,2.0541,1199.0,0.0215,0.1965
IND476111AAA,Ambah_MrenTirh_D (Madhya Pradesh),Ambah,Madhya Pradesh,0.0012,0.0006,2,2,9,8,0.5,17.0,2.049,1198.0,0.0215,0.1815
IND205135AAA,Shikohabad_Katrmira_D (Uttar Pradesh),Shikohabad,Uttar Pradesh,0.0002,0.0006,1,1,8,13,1.0,21.0,2.2,1194.0,0.0214,0.1885
IND244715AAA,Ramnagar_BhwniGnj_D (Uttarakhand),Ramnagar,Uttarakhand,0.0,0.0007,2,2,17,17,1.0,34.0,0.9744,1194.0,0.0214,0.1831
IND783301AAA,Dhubri_Tetultol_D (Assam),Dhubri,Assam,0.0036,0.0007,2,1,10,11,0.0,21.0,1.9091,1193.0,0.0214,0.1908
IND585211AAA,Chittapur_GlbrgaRD_D (Karnataka),Chittapur,Karnataka,0.0008,0.0007,2,2,21,20,0.0,41.0,1.5,1190.0,0.0213,0.1981
IND518501AAA,Nandyal_SrnvsNgr_D (Andhra Pradesh),Nandyal,Andhra Pradesh,0.0012,0.0006,1,1,18,15,1.0,33.0,2.3448,1189.0,0.0213,0.2056
IND207302AAA,Jalesar_ChngiDPP_D (Uttar Pradesh),Jalesar,Uttar Pradesh,0.0012,0.0004,1,1,6,6,0.0,12.0,5.0198,1188.0,0.0213,0.2171
IND571213AAA,Gonikoppal_Thomas_D (Karnataka),Gonikoppal,Karnataka,0.0,0.0002,1,2,12,9,0.6667,21.0,1.6212,1187.0,0.0213,0.175
IND382721AAA,Gandhinagar_Kalol_DC (Gujarat),Gandhinagar,Gujarat,0.0,0.0004,2,1,16,15,1.0,31.0,2.7317,1183.0,0.0212,0.2053
IND803101AAA,BiharSarif_Soghra_D (Bihar),BiharSarif,Bihar,0.0,0.0003,1,1,11,9,0.0,20.0,2.2609,1183.0,0.0212,0.1847
IND562132AAC,Bengaluru_Nelmngla_L (Karnataka),Bengaluru,Karnataka,0.0,0.0001,0,1,0,1,0.0,1.0,1.7714,1181.0,0.0212,0.1069
IND175018AAA,SundarNgr_Bhogpur_D (Himachal Pradesh),SundarNgr,Himachal Pradesh,0.0024,0.0007,1,1,15,16,0.0,31.0,2.9333,1177.0,0.0211,0.2159
IND761200AAA,Paralakhemundi_Ward14_D (Orissa),Paralakhemundi,Orissa,0.0008,0.0007,2,1,12,12,1.0,24.0,2.1442,1177.0,0.0211,0.1933
IND581314AAA,Ankola_Kakrmath_D (Karnataka),Ankola,Karnataka,0.0084,0.0007,3,2,10,10,0.3333,20.0,1.7947,1169.0,0.0209,0.1943
IND792121AAB,Jairampur_Mdiclcly_D (Arunachal Pradesh),Jairampur,Arunachal Pradesh,0.0,0.0005,1,1,11,5,0.0,16.0,2.9333,1167.0,0.0209,0.1914
IND212501AAA,Soraon_BypassRD_D (Uttar Pradesh),Soraon,Uttar Pradesh,0.0004,0.0005,1,1,13,13,0.0,26.0,1.72,1165.0,0.0209,0.1858
IND341306AAA,Sujangarh_LdnunDPP_D (Rajasthan),Sujangarh,Rajasthan,0.0051,0.0007,1,1,14,4,0.0,18.0,2.3206,1160.0,0.0208,0.1952
IND147101AAA,Samana_PODPP_D (Punjab),Samana,Punjab,0.0008,0.0004,2,2,10,10,1.0,20.0,1.404,1159.0,0.0208,0.173
IND851204AAA,Khagaria_GodamDPP_D (Bihar),Khagaria,Bihar,0.0,0.0006,2,0,15,0,1.0,15.0,0.0,1149.0,0.0206,0.1441
IND504215AAA,Luxettipet_ShivaDPP_D (Telangana),Luxettipet,Telangana,0.0,0.0004,1,2,1,16,1.0,17.0,2.0424,1144.0,0.0205,0.178
IND302020AAA,Jaipur_VarunCly_DC (Rajasthan),Jaipur,Rajasthan,0.0,0.0005,1,1,18,19,0.0,37.0,5.75,1141.0,0.0204,0.2584
IND151506AAA,Jhunir_BhaRDDPP_D (Punjab),Jhunir,Punjab,0.0008,0.0007,1,1,5,18,0.0,23.0,1.3706,1140.0,0.0204,0.1798
IND573116AAA,Channaraya_patna_D (Karnataka),Channaraya,Karnataka,0.002,0.0005,1,3,14,14,0.3333,28.0,1.7332,1139.0,0.0204,0.191
IND815351AAA,Jamtara_D (Jharkhand),Jamtara,Jharkhand,0.0008,0.0009,1,1,11,12,0.0,23.0,1.067,1135.0,0.0203,0.1763
IND680587AAA,Pazhayannur_AlathurRD_D (Kerala),Pazhayannur,Kerala,0.0012,0.0006,1,2,15,14,0.3333,29.0,2.0465,1135.0,0.0203,0.1958
IND711303AAA,Bagnan_Harop_D (West Bengal),Bagnan,West Bengal,0.0016,0.0003,1,1,18,17,1.0,35.0,0.8333,1130.0,0.0202,0.1802
IND263002AAA,Nainital_Sookhtal_D (Uttarakhand),Nainital,Uttarakhand,0.0,0.0005,1,1,13,13,1.0,26.0,1.1667,1130.0,0.0202,0.1766
IND333042AAA,Nawalgarh_NavldiDPP_D (Rajasthan),Nawalgarh,Rajasthan,0.0,0.0005,1,1,14,13,1.0,27.0,1.6053,1130.0,0.0202,0.184
IND174307AAA,Bangana_Bhaleti_D (Himachal Pradesh),Bangana,Himachal Pradesh,0.0,0.0004,1,1,14,17,1.0,31.0,1.0769,1129.0,0.0202,0.1791
IND642126AAA,Udumalpet_Artclgrd_D (Tamil Nadu),Udumalpet,Tamil Nadu,0.0,0.0009,2,1,18,17,1.0,35.0,1.3871,1127.0,0.0202,0.1921
IND334001AAB,Bikaner_DC (Rajasthan),Bikaner,Rajasthan,0.0,0.0004,1,1,10,2,0.0,12.0,1.8986,1126.0,0.0202,0.1653
IND461111AAA,Itarsi_DivrsnRd_D (Madhya Pradesh),Itarsi,Madhya Pradesh,0.0012,0.0003,1,1,1,20,0.0,21.0,1.8782,1125.0,0.0201,0.1817
IND147001AAD,Patiala_GainMrkt_L (Punjab),Patiala,Punjab,0.0004,0.0003,2,3,9,7,0.1667,16.0,3.8788,1124.0,0.0201,0.2041
IND382345AAA,Amdavad_East (Gujarat),Amdavad,Gujarat,0.0,0.0005,1,0,34,0,0.0,34.0,0.0,1123.0,0.0201,0.1655
IND410206AAB,Mumbai_Panvel_D (Maharashtra),Mumbai,Maharashtra,0.0,0.0001,1,1,1,36,0.0,37.0,2.3033,1122.0,0.0201,0.2002
IND362265AAA,Veraval_DC (Gujarat),Veraval,Gujarat,0.0,0.0008,3,1,10,16,0.3333,26.0,2.4222,1121.0,0.0201,0.1996
IND841428AAA,Gopalganj_GopalDPP_D (Bihar),Gopalganj,Bihar,0.0,0.0005,2,0,8,0,1.0,8.0,0.0,1120.0,0.0201,0.1255
IND123401AAB,Rewari_YuktiDPP_D (Haryana),Rewari,Haryana,0.0016,0.0004,1,2,13,13,0.0,26.0,1.96,1118.0,0.02,0.19
IND680104AAA,Guruvayoor_ManhrBld_D (Kerala),Guruvayoor,Kerala,0.0004,0.0006,1,1,16,17,0.0,33.0,1.4706,1115.0,0.02,0.189
IND721212AAA,Ghatal_KrshDPP_D (West Bengal),Ghatal,West Bengal,0.0,0.0001,0,1,0,10,0.0,10.0,2.3267,1111.0,0.0199,0.1644
IND829122AAA,Ramgarh_HotelPrk_D (Jharkhand),Ramgarh,Jharkhand,0.0008,0.0003,1,1,14,14,0.0,28.0,1.9459,1110.0,0.0199,0.1901
IND208017AAA,Kanpur_Central_D_5 (Uttar Pradesh),Kanpur,Uttar Pradesh,0.0,0.0001,0,1,0,5,0.0,5.0,15.1333,1109.0,0.0199,0.26
IND581303AAA,Karwar_Central_D_1 (Karnataka),Karwar,Karnataka,0.0006,0.0005,1,2,13,14,0.6667,27.0,1.4219,1108.0,0.0198,0.1821
IND333031AAA,Pilani (Rajasthan),Pilani (Rajasthan),Rajasthan,0.0012,0.0006,2,1,15,5,0.3333,20.0,2.8,1103.0,0.0198,0.1972
IND413304AAA,Pandharpur_RajCmplx_D (Maharashtra),Pandharpur,Maharashtra,0.0016,0.0007,2,2,13,11,0.3333,24.0,1.6038,1103.0,0.0198,0.1857
IND742121AAB,Nowda_ArhamDPP_D (West Bengal),Nowda,West Bengal,0.0012,0.0008,2,2,16,17,0.3333,33.0,3.1538,1103.0,0.0198,0.2196
IND505184AAC,Manthani_Chaitnya_D (Telangana),Manthani,Telangana,0.0,0.0008,2,2,8,11,1.0,19.0,1.9,1099.0,0.0197,0.1817
IND695012AAA,Trivandrum_Mnanthla_H (Kerala),Trivandrum,Kerala,0.004,0.0009,5,2,9,14,0.0,23.0,1.5668,1098.0,0.0197,0.1896
IND410206AAA,Jasai_JNPT_D (Maharashtra),Jasai,Maharashtra,0.0004,0.0003,2,1,19,13,1.0,32.0,2.3636,1097.0,0.0196,0.1987
IND671315AAA,Kanhangad_Arangadi_D (Kerala),Kanhangad,Kerala,0.0,0.0001,0,1,0,2,0.0,2.0,8.0192,1095.0,0.0196,0.2165
IND577598AAC,Hiriyur_TahurDPP_D (Karnataka),Hiriyur,Karnataka,0.0004,0.0003,1,1,10,11,1.0,21.0,1.8387,1094.0,0.0196,0.1787
IND401208AAA,Nalasopara (Maharashtra),Nalasopara (Maharashtra),Maharashtra,0.0,0.0007,1,0,37,0,0.0,37.0,0.0,1092.0,0.0196,0.1694
IND480886AAA,Lakhnadon_Central_DPP_1 (Madhya Pradesh),Lakhnadon,Madhya Pradesh,0.0,0.0006,1,2,8,8,0.6667,16.0,1.5778,1089.0,0.0195,0.17
IND000000ACN,Hyderabad_Mhdiptnm_C (Telangana),Hyderabad,Telangana,0.0,0.0002,1,1,11,16,0.0,27.0,2.2843,1089.0,0.0195,0.1916
IND627756AAA,Sankaran_Kovil_D (Tamil Nadu),Sankaran,Tamil Nadu,0.0,0.002,1,1,17,17,0.0,34.0,1.6552,1089.0,0.0195,0.2066
IND731224AAA,Rampurhat_SrifoDPP_D (West Bengal),Rampurhat,West Bengal,0.0016,0.0008,1,1,15,11,0.0,26.0,2.25,1088.0,0.0195,0.1984
IND643212AAA,Gudalur_kalmpuza_D (Tamil Nadu),Gudalur,Tamil Nadu,0.0,0.0008,1,1,6,3,0.0,9.0,3.2883,1088.0,0.0195,0.184
IND532421AAA,Narasnpeta_HudcoDPP_D (Andhra Pradesh),Narasnpeta,Andhra Pradesh,0.0012,0.0007,1,1,20,19,1.0,39.0,2.0,1087.0,0.0195,0.2043
IND562114AAA,Hoskote_DC (Karnataka),Hoskote,Karnataka,0.0004,0.0003,1,2,20,17,0.0,37.0,3.4444,1082.0,0.0194,0.2205
IND522647AAA,Vinukonda_Kothapet_D (Andhra Pradesh),Vinukonda,Andhra Pradesh,0.0012,0.0005,1,1,14,19,0.0,33.0,1.56,1082.0,0.0194,0.1902
IND125047AAB,Hisar_AgrohDPP_D (Haryana),Hisar,Haryana,0.0004,0.0005,2,2,10,11,0.3333,21.0,2.193,1079.0,0.0193,0.1866
IND421301AAA,Mumbai_Kalyan West _Dc (Maharashtra),Mumbai,Maharashtra,0.0,0.0004,1,1,17,15,0.0,32.0,3.75,1078.0,0.0193,0.2213
IND413709AAA,Shrirampur_DavkharRd_D (Maharashtra),Shrirampur,Maharashtra,0.0,0.0006,4,3,14,17,0.6,31.0,1.9286,1077.0,0.0193,0.1932
IND261201AAB,Biswan_PatelNGR_D (Uttar Pradesh),Biswan,Uttar Pradesh,0.0,0.0001,0,1,0,19,0.0,19.0,2.6452,1077.0,0.0193,0.1864
IND396580AAB,Vansda_CikhliRD_D (Gujarat),Vansda,Gujarat,0.0,0.0007,1,1,17,8,0.0,25.0,2.0,1076.0,0.0193,0.1896
IND574216AAA,Dhrmsthala_Beltngdi_D (Karnataka),Dhrmsthala,Karnataka,0.0012,0.0004,2,2,12,6,0.3333,18.0,2.3596,1073.0,0.0192,0.1856
IND624001AAA,Dindigul_Central_D_1 (Tamil Nadu),Dindigul,Tamil Nadu,0.0,0.0003,2,3,11,22,0.2,33.0,1.4226,1069.0,0.0191,0.1844
IND203135AAA,Jewar_SJRoad_D (Uttar Pradesh),Jewar,Uttar Pradesh,0.0,0.0003,1,2,16,16,0.3333,32.0,1.5501,1067.0,0.0191,0.1854
IND804420AAA,Jehanabad_Madarpur_D (Bihar),Jehanabad,Bihar,0.0,0.0002,1,1,6,11,0.0,17.0,2.8421,1065.0,0.0191,0.1874
IND246763AAA,Najibabad_KotdwrRD_D (Uttar Pradesh),Najibabad,Uttar Pradesh,0.002,0.0007,1,2,12,14,0.3333,26.0,2.3871,1065.0,0.0191,0.2
IND845412AAB,Chakia_Wardno10_D (Bihar),Chakia,Bihar,0.0,0.0004,1,1,15,15,1.0,30.0,1.8519,1060.0,0.019,0.1897
IND815353AAA,Madhupur_Sitarmrd_D (Jharkhand),Madhupur,Jharkhand,0.0004,0.0005,2,3,7,11,0.8333,18.0,1.828,1059.0,0.019,0.1767
IND370615AAB,Nakhatrana_ClgRDDPP_D (Gujarat),Nakhatrana,Gujarat,0.0,0.0007,2,1,9,3,1.0,12.0,6.0625,1058.0,0.0189,0.2333
IND370110AAA,Anjar_DC (Gujarat),Anjar,Gujarat,0.0,0.0003,1,2,3,15,1.0,18.0,2.0968,1050.0,0.0188,0.178
IND283122AAB,Kirauli_AchneraRD_D (Uttar Pradesh),Kirauli,Uttar Pradesh,0.0004,0.0002,1,2,18,9,0.0,27.0,1.2,1048.0,0.0188,0.1746
IND515671AAA,Dharmavram_SaiNgr_D (Andhra Pradesh),Dharmavram,Andhra Pradesh,0.0028,0.0005,1,2,13,14,0.3333,27.0,1.5307,1047.0,0.0188,0.1866
IND521201AAA,Nuzvid_Ward17_D (Andhra Pradesh),Nuzvid,Andhra Pradesh,0.0012,0.0007,1,1,21,3,0.0,24.0,1.7368,1047.0,0.0188,0.186
IND312403AAA,BariSadri_BhmprDPP_D (Rajasthan),BariSadri,Rajasthan,0.0008,0.0005,1,1,7,9,0.0,16.0,1.4231,1047.0,0.0188,0.1668
IND742223AAA,Jangipur_Central_D_1 (West Bengal),Jangipur,West Bengal,0.0012,0.0004,1,1,16,17,0.0,33.0,1.5227,1043.0,0.0187,0.1882
IND581402AAA,Sirsi_Vidygiri_D (Karnataka),Sirsi,Karnataka,0.0016,0.0006,1,2,15,10,0.3333,25.0,1.6268,1042.0,0.0187,0.185
IND124103AAA,Jhajjar_DC (Haryana),Jhajjar,Haryana,0.0012,0.0003,1,1,13,9,1.0,22.0,1.8846,1039.0,0.0186,0.182
IND243002AAA,Bareilly (Uttar Pradesh),Bareilly (Uttar Pradesh),Uttar Pradesh,0.0,0.0007,1,1,16,1,1.0,17.0,2.1852,1039.0,0.0186,0.1821
IND534260AAC,Palakollu_CroadDPP_D (Andhra Pradesh),Palakollu,Andhra Pradesh,0.0,0.0003,1,1,5,4,0.0,9.0,2.5815,1033.0,0.0185,0.1664
IND508206AAA,Kodad_VidyaNgr_D (Telangana),Kodad,Telangana,0.0037,0.0006,3,3,18,18,0.6667,36.0,1.5694,1028.0,0.0184,0.1978
IND509001AAA,Mahabubnagar_DC (Telangana),Mahabubnagar,Telangana,0.0012,0.0006,1,1,17,19,0.0,36.0,1.5429,1025.0,0.0184,0.1933
IND573134AAB,Sakleshpur_RgvdrDPP_D (Karnataka),Sakleshpur,Karnataka,0.002,0.0007,2,2,14,15,0.3333,29.0,2.2121,1018.0,0.0182,0.1999
IND631003AAA,Arakkonam_HousngBd_D (Tamil Nadu),Arakkonam,Tamil Nadu,0.0004,0.0003,1,1,10,10,1.0,20.0,2.2601,1017.0,0.0182,0.1839
IND781124AAA,Chhaygaon_GwhRDDPP_D (Assam),Chhaygaon,Assam,0.0,0.0002,1,1,8,6,0.0,14.0,4.7767,1015.0,0.0182,0.2118
IND600016AAB,Chennai_Alandur_C (Tamil Nadu),Chennai,Tamil Nadu,0.0,0.0001,0,1,0,22,0.0,22.0,2.1245,1014.0,0.0182,0.1815
IND561202AAB,Pavagada_PnukndRD_D (Karnataka),Pavagada,Karnataka,0.0004,0.0006,1,1,16,14,0.0,30.0,1.8047,1013.0,0.0181,0.1912
IND262122AAB,Puranpur_MdothdRD_D (Uttar Pradesh),Puranpur,Uttar Pradesh,0.0,0.0006,1,1,6,4,1.0,10.0,2.7307,1012.0,0.0181,0.1743
IND815301AAA,Giridih_Shivalya_D (Jharkhand),Giridih,Jharkhand,0.0016,0.0005,1,3,5,8,0.8333,13.0,2.1484,1010.0,0.0181,0.1735
IND524201AAA,Kavali_Kacheri_D (Andhra Pradesh),Kavali,Andhra Pradesh,0.0008,0.0009,1,1,19,18,1.0,37.0,1.1667,1009.0,0.0181,0.1904
IND206122AAA,Auraiya_AryaNagr_D (Uttar Pradesh),Auraiya,Uttar Pradesh,0.0004,0.0006,1,1,20,19,0.0,39.0,1.4894,1009.0,0.0181,0.1929
IND509301AAA,Jadcherla_Badeplly_D (Telangana),Jadcherla,Telangana,0.0012,0.0007,1,2,19,19,0.3333,38.0,1.8367,1008.0,0.0181,0.1997
IND583231AAA,Koppal_Banikatt_D (Karnataka),Koppal,Karnataka,0.0,0.0006,1,1,15,15,1.0,30.0,2.4091,1007.0,0.018,0.2
IND591302AAB,Khanapur_StatinRD_D (Karnataka),Khanapur,Karnataka,0.0004,0.0007,1,2,5,10,1.0,15.0,1.8338,1007.0,0.018,0.1735
IND135001AAA,YamunaNagar_DC (Haryana),YamunaNagar,Haryana,0.0008,0.0002,2,1,7,12,0.3333,19.0,2.3,1006.0,0.018,0.1827
IND504293AAA,Asifabad_PaikjNGR_D (Telangana),Asifabad,Telangana,0.0004,0.0004,2,2,4,9,1.0,13.0,1.9412,1004.0,0.018,0.1673
IND341505AAA,Makrana_Mwalibad_D (Rajasthan),Makrana,Rajasthan,0.0016,0.0006,1,2,5,13,0.3333,18.0,1.9412,1004.0,0.018,0.1809
IND465669AAB,Narsinghgarh_Central_D_1 (Madhya Pradesh),Narsinghgarh,Madhya Pradesh,0.0016,0.0004,1,1,10,11,0.0,21.0,1.5278,1003.0,0.018,0.1763
IND723101AAA,Purulia_GariDPP_D (West Bengal),Purulia,West Bengal,0.0028,0.0008,1,1,15,14,0.0,29.0,1.7949,1002.0,0.0179,0.1954
IND802101AAA,Buxar_Sarswati_D (Bihar),Buxar,Bihar,0.0008,0.0004,1,2,6,15,0.6667,21.0,2.76,1002.0,0.0179,0.1943
IND335524AAA,Rawatsar_ShivmDPP_D (Rajasthan),Rawatsar,Rajasthan,0.0,0.0004,2,1,7,1,0.6667,8.0,1.1489,996.0,0.0178,0.1415
IND496001AAA,Raigarh_MithmdRd_D (Chhattisgarh),Raigarh,Chhattisgarh,0.0,0.0002,1,0,7,0,0.0,7.0,0.0,995.0,0.0178,0.1182
IND508213AAB,Suryapet_Krishna_D (Telangana),Suryapet,Telangana,0.0034,0.0005,1,1,14,14,1.0,28.0,1.8441,995.0,0.0178,0.1927
IND495677AAA,Korba_Tilknagr_DC (Chhattisgarh),Korba,Chhattisgarh,0.0,0.0001,0,1,0,7,0.0,7.0,2.1802,995.0,0.0178,0.1516
IND504208AAB,Mancherial_Hitech_D (Telangana),Mancherial,Telangana,0.0024,0.0012,3,2,14,7,1.0,21.0,1.9016,995.0,0.0178,0.1915
IND530012AAC,Vizag_Gajuwaka_L (Andhra Pradesh),Vizag,Andhra Pradesh,0.0,0.0001,0,2,0,5,1.0,5.0,1.8496,994.0,0.0178,0.138
IND144514AAA,Nawanshahr_DC (Punjab),Nawanshahr,Punjab,0.0004,0.0004,1,2,12,6,1.0,18.0,1.7371,994.0,0.0178,0.1735
IND583227AAA,Gangavathi_PhrmPlza_D (Karnataka),Gangavathi,Karnataka,0.0004,0.0007,1,2,16,16,1.0,32.0,1.6958,994.0,0.0178,0.1912
IND362150AAA,Talala_SsnRdDPP_D (Gujarat),Talala,Gujarat,0.0,0.0008,1,1,11,11,0.0,22.0,1.6269,993.0,0.0178,0.1807
IND362560AAA,Una_Mamlatdr_DC (Gujarat),Una,Gujarat,0.0,0.0008,1,1,17,11,0.0,28.0,1.7705,992.0,0.0178,0.1898
IND305601AAC,Nasirabad_Central_DPP_2 (Rajasthan),Nasirabad,Rajasthan,0.0,0.0009,1,1,13,18,1.0,31.0,1.9575,989.0,0.0177,0.1965
IND505209AAA,Ramagundam_Pdmavati_D (Telangana),Ramagundam,Telangana,0.0004,0.0008,2,2,9,8,1.0,17.0,1.6263,989.0,0.0177,0.1744
IND787057AAA,Dhemaji_WardNo3_D (Assam),Dhemaji,Assam,0.0012,0.0004,1,1,8,10,0.0,18.0,2.12,987.0,0.0177,0.1803
IND783370AAC,Kokrajhar_PigonDPP_D (Assam),Kokrajhar,Assam,0.0032,0.0006,1,1,9,8,0.0,17.0,2.6354,986.0,0.0177,0.1924
IND431708AAA,Loha_SivjiCWK_D (Maharashtra),Loha,Maharashtra,0.0032,0.0006,1,1,15,16,0.0,31.0,2.069,986.0,0.0177,0.2002
IND425508AAB,Raver_Truptingr_D (Maharashtra),Raver,Maharashtra,0.0,0.0008,2,1,11,16,0.6667,27.0,2.7529,985.0,0.0176,0.2045
IND484446AAA,Dola_ChainDPP_D (Madhya Pradesh),Dola,Madhya Pradesh,0.0016,0.0005,2,1,5,3,0.3333,8.0,2.0255,983.0,0.0176,0.1593
IND342601AAA,Piparcity_BsstdDPP_D (Rajasthan),Piparcity,Rajasthan,0.0032,0.0005,1,2,9,9,0.6667,18.0,1.9474,982.0,0.0176,0.1816
IND480001AAA,Chhindwara_NagpurRd_D (Madhya Pradesh),Chhindwara,Madhya Pradesh,0.0,0.0007,2,2,8,12,0.6667,20.0,1.5535,980.0,0.0176,0.1754
IND572101AAA,Tumkur_Veersagr_I (Karnataka),Tumkur,Karnataka,0.0016,0.0009,3,2,6,13,0.3,19.0,2.0,979.0,0.0175,0.1855
IND532222AAA,Palasa_Central_DPP_1 (Andhra Pradesh),Palasa,Andhra Pradesh,0.0,0.0007,1,2,20,12,1.0,32.0,1.5886,979.0,0.0175,0.1893
IND248197AAA,Dehradun_Selakui_D (Uttarakhand),Dehradun,Uttarakhand,0.0,0.0001,0,1,0,16,0.0,16.0,2.2621,978.0,0.0175,0.1745
IND124141AAA,ChrkhiDdri_PuranDPP_D (Haryana),ChrkhiDdri,Haryana,0.0012,0.0005,1,1,3,10,0.0,13.0,2.0653,975.0,0.0175,0.1718
IND670645AAB,Mananthavady_Central_D_1 (Kerala),Mananthavady,Kerala,0.0004,0.0004,2,1,9,6,1.0,15.0,2.5988,974.0,0.0174,0.1819
IND480661AAA,Seoni_Kidwai_D (Madhya Pradesh),Seoni,Madhya Pradesh,0.0016,0.0008,3,2,14,8,0.6667,22.0,1.5377,974.0,0.0174,0.1819
IND486889AAA,Singrauli_Ward8DPP_D (Madhya Pradesh),Singrauli,Madhya Pradesh,0.0,0.0004,1,2,7,7,0.3333,14.0,2.2778,973.0,0.0174,0.1744
IND458990AAA,Sitamau_Central_DPP_1 (Madhya Pradesh),Sitamau,Madhya Pradesh,0.0004,0.0006,1,1,11,10,1.0,21.0,2.2284,969.0,0.0174,0.1873
IND242221AAA,Jalalabad_farukngr_D (Uttar Pradesh),Jalalabad,Uttar Pradesh,0.0024,0.0004,1,1,5,5,1.0,10.0,3.1099,965.0,0.0173,0.1824
IND335001AAA,Ganga Nagar_DC (Rajasthan),Ganga Nagar,Rajasthan,0.0028,0.0005,1,1,6,10,0.0,16.0,1.8243,965.0,0.0173,0.1757
IND521001AAA,Machilipatnam_DC (Andhra Pradesh),Machilipatnam,Andhra Pradesh,0.0004,0.0007,2,2,20,8,0.6667,28.0,2.126,963.0,0.0172,0.1942
IND785612AAB,Bokakhat_MlnprDPP_D (Assam),Bokakhat,Assam,0.0075,0.0004,2,2,3,2,0.3333,5.0,1.9195,960.0,0.0172,0.1535
IND302004AAA,Jaipur_NgrNigam_DC (Rajasthan),Jaipur,Rajasthan,0.0,0.0006,1,2,26,9,0.0,35.0,2.875,955.0,0.0171,0.211
IND485771AAA,Maihar_MngalDPP_D (Madhya Pradesh),Maihar,Madhya Pradesh,0.0,0.0002,1,2,3,2,1.0,5.0,3.7095,955.0,0.0171,0.1684
IND722143AAB,Mejia_Central_D_1 (West Bengal),Mejia,West Bengal,0.0,0.0005,1,1,9,10,1.0,19.0,1.3998,953.0,0.0171,0.1693
IND560064AAD,Bengaluru_Bagaluru_D (Karnataka),Bengaluru,Karnataka,0.0,0.0001,0,1,0,41,0.0,41.0,2.4667,951.0,0.017,0.2037
IND132103AAA,Panipat (Haryana),Panipat (Haryana),Haryana,0.0008,0.0002,2,2,3,8,1.0,11.0,1.9432,948.0,0.017,0.1612
IND203205AAA,Sikandrabd_GTRoad_D (Uttar Pradesh),Sikandrabd,Uttar Pradesh,0.0,0.0009,1,0,19,0,0.0,19.0,0.0,945.0,0.0169,0.1517
IND242307AAB,Tilhar_SingCLNY_D (Uttar Pradesh),Tilhar,Uttar Pradesh,0.0024,0.0008,1,2,1,10,0.3333,11.0,1.8856,942.0,0.0169,0.1687
IND127021AAA,Bhiwani_DC (Haryana),Bhiwani,Haryana,0.0012,0.0004,2,1,11,8,0.3333,19.0,1.8421,937.0,0.0168,0.1772
IND813102AAA,Banka_Wardno6_D (Bihar),Banka,Bihar,0.0,0.0001,0,2,0,18,1.0,18.0,2.0875,936.0,0.0168,0.1745
IND603102AAA,Kalpakkam_Sadras_D (Tamil Nadu),Kalpakkam,Tamil Nadu,0.0004,0.0003,1,1,4,12,0.0,16.0,1.8582,932.0,0.0167,0.1705
IND201001AAC,Ghaziabad_Central_L_8 (Uttar Pradesh),Ghaziabad,Uttar Pradesh,0.0,0.0003,2,2,12,3,1.0,15.0,2.2045,931.0,0.0167,0.1735
IND413531AAA,Latur_Srnwsngr_D (Maharashtra),Latur,Maharashtra,0.0,0.0002,1,1,4,4,1.0,8.0,2.5786,928.0,0.0166,0.1619
IND721507AAA,Jhargram_UBamdDPP_D (West Bengal),Jhargram,West Bengal,0.0,0.0007,1,0,13,0,0.0,13.0,0.0,927.0,0.0166,0.1382
IND673027AAB,Kozhikode_Feroke_H (Kerala),Kozhikode,Kerala,0.0,0.0001,1,2,1,3,0.3333,4.0,7.5854,925.0,0.0166,0.2229
IND305404AAA,Kekri_LxmntDPP_D (Rajasthan),Kekri,Rajasthan,0.0028,0.001,1,2,8,14,0.3333,22.0,1.4505,923.0,0.0165,0.1836
IND208006AAA,Kanpur_GovndNgr_DC (Uttar Pradesh),Kanpur,Uttar Pradesh,0.0,0.0004,1,1,14,3,0.0,17.0,6.5517,922.0,0.0165,0.2467
IND400705AAA,Mumbai_Sanpada_CP (Maharashtra),Mumbai,Maharashtra,0.0004,0.0001,1,1,1,12,0.0,13.0,3.1075,921.0,0.0165,0.1823
IND524132AAA,Venktagiri_TirupthiRd_D (Andhra Pradesh),Venktagiri,Andhra Pradesh,0.0,0.0006,1,1,15,14,0.0,29.0,1.6714,921.0,0.0165,0.1865
IND802301AAA,Arrah_Katira_D (Bihar),Arrah,Bihar,0.0,0.0002,1,1,11,10,0.0,21.0,1.8611,919.0,0.0165,0.176
IND577522AAA,Challakere_Shivangr_D (Karnataka),Challakere,Karnataka,0.0024,0.0004,1,1,10,10,0.0,20.0,1.4929,919.0,0.0165,0.1744
IND783129AAA,Lakhipur_WrdN4DPP_D (Assam),Lakhipur,Assam,0.0036,0.0007,1,1,10,1,0.0,11.0,2.0194,919.0,0.0165,0.1722
IND742202AAA,Dhulian_RatanDPP_D (West Bengal),Dhulian,West Bengal,0.0021,0.0002,1,2,1,3,0.3333,4.0,3.0223,913.0,0.0164,0.154
IND631102AAA,Sholinghur_ArkonmRD_D (Tamil Nadu),Sholinghur,Tamil Nadu,0.0004,0.0003,1,1,11,12,0.0,23.0,2.0707,910.0,0.0163,0.1834
IND322201AAA,Gangapur_Ward6DPP_D (Rajasthan),Gangapur,Rajasthan,0.0,0.0006,1,2,15,14,0.3333,29.0,1.75,908.0,0.0163,0.1869
IND313324AAA,Rajsamand_kankroli_D (Rajasthan),Rajsamand,Rajasthan,0.002,0.0006,1,1,5,14,1.0,19.0,1.7988,904.0,0.0162,0.1795
IND365560AAB,Amreli_Rajula_DC (Gujarat),Amreli,Gujarat,0.0004,0.0017,2,1,8,11,0.0,19.0,2.4828,904.0,0.0162,0.1995
IND464668AAA,Bareli_SourvDPP_D (Madhya Pradesh),Bareli,Madhya Pradesh,0.0067,0.0007,1,1,7,2,0.0,9.0,2.5536,902.0,0.0162,0.1794
IND321001AAB,Bharatpur_NraynDPP_D (Rajasthan),Bharatpur,Rajasthan,0.0008,0.0008,1,2,13,8,0.6667,21.0,1.5415,901.0,0.0161,0.1781
IND380015AAB,AMD_Satellite (Gujarat),AMD,Gujarat,0.0,0.0005,1,0,35,0,0.0,35.0,0.0,901.0,0.0161,0.164
IND641011AAA,Cjb_West_Dc (Tamil Nadu),Cjb,Tamil Nadu,0.0,0.0002,1,1,1,9,1.0,10.0,4.1053,900.0,0.0161,0.1906
IND344001AAA,Barmer_Nehru3PL_D (Rajasthan),Barmer,Rajasthan,0.0008,0.0003,1,3,9,13,0.6667,22.0,1.5506,895.0,0.016,0.1745
IND380006AAB,Ahmedabad_Mithakal_D (Gujarat),Ahmedabad,Gujarat,0.0,0.0001,0,1,0,27,0.0,27.0,3.5833,895.0,0.016,0.2089
IND431717AAA,Degloor_Busstand_D (Maharashtra),Degloor,Maharashtra,0.0,0.0003,1,1,2,2,1.0,4.0,7.9539,894.0,0.016,0.2302
IND209111AAA,Pukhrayan_Arulimod_D (Uttar Pradesh),Pukhrayan,Uttar Pradesh,0.0016,0.0005,1,1,17,21,0.0,38.0,2.1714,893.0,0.016,0.2029
IND415003AAA,Satara_DC (Maharashtra),Satara,Maharashtra,0.0057,0.0004,1,2,8,9,0.3333,17.0,1.2857,891.0,0.016,0.1715
IND756019AAA,Balasore_Ganeshwr_D (Orissa),Balasore,Orissa,0.0315,0.0011,3,5,6,12,0.0952,18.0,2.05,890.0,0.0159,0.233
IND140001AAA,RoopNagar_ChotiHvl_DC (Punjab),RoopNagar,Punjab,0.0004,0.0004,1,1,21,19,0.0,40.0,1.7576,887.0,0.0159,0.1944
IND788806AAA,Badarpur_Konapara_D (Assam),Badarpur,Assam,0.0012,0.0006,2,2,11,10,1.0,21.0,3.9062,886.0,0.0159,0.2142
IND843126AAA,Saraiya_Wardno4_D (Bihar),Saraiya,Bihar,0.0,0.0005,2,2,13,12,1.0,25.0,2.3009,883.0,0.0158,0.1907
IND532201AAA,Tekkali_AmvdiDPP_D (Andhra Pradesh),Tekkali,Andhra Pradesh,0.0012,0.0007,2,2,20,21,0.6667,41.0,1.72,882.0,0.0158,0.1994
IND421401AAC,Murbad_SnkunDPP_D (Maharashtra),Murbad,Maharashtra,0.0004,0.0002,1,1,10,11,1.0,21.0,2.6667,881.0,0.0158,0.1888
IND731204AAB,Bolpur_WebelDPP_D (West Bengal),Bolpur,West Bengal,0.0,0.0003,1,1,13,13,1.0,26.0,2.4286,879.0,0.0157,0.1917
IND301705AAA,Neemrana_Rcocmplx_D (Rajasthan),Neemrana,Rajasthan,0.0012,0.0002,2,1,7,1,0.3333,8.0,2.5806,878.0,0.0157,0.1628
IND363310AAB,Dhrangadhra_NvygRDPP_D (Gujarat),Dhrangadhra,Gujarat,0.002,0.0005,2,1,9,9,0.6667,18.0,1.4097,877.0,0.0157,0.1697
IND465683AAA,Pachore_Shop3DPP_D (Madhya Pradesh),Pachore,Madhya Pradesh,0.0016,0.0005,1,1,11,13,0.0,24.0,1.4493,877.0,0.0157,0.1778
IND396232AAA,Silvassa_Samrvrni_D (Dadra and Nagar Haveli),Silvassa,Dadra and Nagar Haveli,0.0,0.0006,1,1,17,15,0.0,32.0,3.5,877.0,0.0157,0.2168
IND125104AAA,Sirsa_AnprnDPP_D (Haryana),Sirsa,Haryana,0.0028,0.0005,1,1,10,1,0.0,11.0,2.5872,876.0,0.0157,0.177
IND431514AAA,Gangakher_Busstand_D (Maharashtra),Gangakher,Maharashtra,0.0032,0.0006,1,1,16,16,0.0,32.0,2.0465,873.0,0.0156,0.1996
IND802119AAA,Dumraon_Nishangr_D (Bihar),Dumraon,Bihar,0.0,0.0004,1,1,14,16,1.0,30.0,1.8268,872.0,0.0156,0.187
IND390020AAA,Vadodara (Gujarat),Vadodara (Gujarat),Gujarat,0.0012,0.0007,3,3,8,10,0.3333,18.0,2.0,871.0,0.0156,0.1799
IND365560AAA,Amreli_MrktYrd_DC (Gujarat),Amreli,Gujarat,0.0008,0.0003,1,1,7,7,0.0,14.0,1.7143,867.0,0.0155,0.1644
IND410209AAA,Mumbai_Khandeshwar_Dc (Maharashtra),Mumbai,Maharashtra,0.0,0.0008,1,0,40,0,0.0,40.0,0.0,864.0,0.0155,0.1697
IND360575AAA,Porbandar_DC (Gujarat),Porbandar,Gujarat,0.0,0.0006,1,1,11,10,0.0,21.0,1.7375,864.0,0.0155,0.1773
IND301019AAA,Bhiwadi DC (Rajasthan),Bhiwadi DC (Rajasthan),Rajasthan,0.0,0.0001,0,2,0,8,1.0,8.0,3.2297,860.0,0.0154,0.17
IND311302AAA,Badnaur_BhmrdDPP_D (Rajasthan),Badnaur,Rajasthan,0.0008,0.0009,2,1,4,3,0.3333,7.0,7.0909,858.0,0.0154,0.2367
IND689645AAA,Pthnmthitt_Klskhrpt_D (Kerala),Pthnmthitt,Kerala,0.0,0.0009,1,1,15,15,1.0,30.0,1.6667,858.0,0.0154,0.1891
IND303303AAA,Dausa_IndraCln_D (Rajasthan),Dausa,Rajasthan,0.0,0.0004,2,1,15,16,0.3333,31.0,1.3442,857.0,0.0153,0.1803
IND421004AAA,Mumbai_Ulhasngr_DC (Maharashtra),Mumbai,Maharashtra,0.0,0.0006,1,0,27,0,0.0,27.0,0.0,854.0,0.0153,0.1563
IND411048AAA,Pune_East_D_8 (Maharashtra),Pune,Maharashtra,0.0,0.0004,1,1,6,2,0.0,8.0,4.8125,854.0,0.0153,0.1979
IND722122AAA,Bishnupur_StnRdDPP_D (West Bengal),Bishnupur,West Bengal,0.0004,0.0003,2,1,9,8,1.0,17.0,1.9643,854.0,0.0153,0.1728
IND285205AAB,Konch_Central_D_2 (Uttar Pradesh),Konch,Uttar Pradesh,0.0016,0.0006,1,1,21,5,0.0,26.0,2.1875,853.0,0.0153,0.1927
IND577401AAA,Sagara_Vardhard_D (Karnataka),Sagara,Karnataka,0.0,0.0006,1,2,9,8,0.6667,17.0,1.1487,849.0,0.0152,0.1617
IND803116AAA,Rajgir_PnditNGR_D (Bihar),Rajgir,Bihar,0.0,0.0004,1,1,9,13,0.0,22.0,2.2286,846.0,0.0152,0.1844
IND591102AAA,Bailhongal_NamoNagr_D (Karnataka),Bailhongal,Karnataka,0.0004,0.0002,1,1,2,18,0.0,20.0,1.9765,846.0,0.0152,0.1762
IND631501AAA,Kanchipuram_DC (Tamil Nadu),Kanchipuram,Tamil Nadu,0.0004,0.0003,1,1,9,10,1.0,19.0,2.7115,845.0,0.0151,0.1868
IND204101AAA,Hathras (Uttar Pradesh),Hathras (Uttar Pradesh),Uttar Pradesh,0.0,0.0002,1,2,4,4,1.0,8.0,4.6123,844.0,0.0151,0.1929
IND621802AAA,Jayamkondan_Chithbrm_D (Tamil Nadu),Jayamkondan,Tamil Nadu,0.0,0.0005,1,2,17,12,0.3333,29.0,2.4542,842.0,0.0151,0.1962
IND636705AAB,Dharmapuri_Central_D_2 (Tamil Nadu),Dharmapuri,Tamil Nadu,0.0004,0.0003,2,2,9,9,0.3333,18.0,1.7355,842.0,0.0151,0.1707
IND787001AAA,LakhimpurN_SashPhkn_D (Assam),LakhimpurN,Assam,0.0008,0.0003,2,1,2,8,0.0,10.0,2.743,842.0,0.0151,0.1712
IND533201AAA,Amalapuram_Vijdurg_D (Andhra Pradesh),Amalapuram,Andhra Pradesh,0.0004,0.0007,3,2,8,11,0.6667,19.0,1.9737,841.0,0.0151,0.18
IND523201AAA,Addanki_Oilmilrd_D (Andhra Pradesh),Addanki,Andhra Pradesh,0.0012,0.0005,1,1,19,2,0.0,21.0,6.2425,838.0,0.015,0.2493
IND342602AAC,Bilara_Central_DPP_2 (Rajasthan),Bilara,Rajasthan,0.0008,0.0008,2,2,8,4,0.3333,12.0,2.0946,836.0,0.015,0.1709
IND431515AAA,Parli_JirgeNgr_D (Maharashtra),Parli,Maharashtra,0.0032,0.0007,1,1,16,14,0.0,30.0,2.9333,833.0,0.0149,0.2115
IND462011AAA,Bhopal MP Nagar (Madhya Pradesh),Bhopal MP Nagar (Madhya Pradesh),Madhya Pradesh,0.0,0.001,1,1,30,11,0.0,41.0,2.3636,832.0,0.0149,0.2096
IND395004AAB,Surat_Central_D_3 (Gujarat),Surat,Gujarat,0.0,0.0006,1,1,17,4,0.0,21.0,6.7647,832.0,0.0149,0.2568
IND580002AAA,Dharwad_Dc (Karnataka),Dharwad,Karnataka,0.0006,0.0004,2,1,9,2,1.0,11.0,4.9792,832.0,0.0149,0.2096
IND412105AAC,Pune_North_D_3 (Maharashtra),Pune,Maharashtra,0.0,0.0008,1,1,2,33,0.0,35.0,2.3333,832.0,0.0149,0.2024
IND411017AAA,PNQ Rahatani DPC (Maharashtra),PNQ Rahatani DPC (Maharashtra),Maharashtra,0.0,0.0008,1,1,33,2,0.0,35.0,2.8529,832.0,0.0149,0.2106
IND691305AAA,Punalur_PostofJN_D (Kerala),Punalur,Kerala,0.0004,0.001,1,2,20,16,0.3333,36.0,2.2775,831.0,0.0149,0.205
IND530043AAA,Visakhapatnam_VislkNgr_DC (Andhra Pradesh),Visakhapatnam,Andhra Pradesh,0.0004,0.0005,1,2,13,13,0.0,26.0,1.6364,830.0,0.0149,0.1813
IND642001AAA,Pollachi_Venkatsa_DC (Tamil Nadu),Pollachi,Tamil Nadu,0.0,0.0009,2,2,18,18,1.0,36.0,1.5526,830.0,0.0149,0.1924
IND000000AAS,Bongaigaon_Chpaguri_D (Assam),Bongaigaon,Assam,0.0032,0.0006,1,1,8,9,0.0,17.0,1.7667,829.0,0.0148,0.1764
IND151103AAA,RampuraPhul_DC (Punjab),RampuraPhul,Punjab,0.0,0.0003,1,1,5,2,0.0,7.0,15.6724,829.0,0.0148,0.2669
IND110020AAB,OK_RPC (Delhi),OK,Delhi,0.0,0.0003,1,1,9,3,0.0,12.0,2.7391,827.0,0.0148,0.1741
IND341303AAA,Didwana_KatlaDPP_D (Rajasthan),Didwana,Rajasthan,0.0051,0.0007,2,1,10,14,0.3333,24.0,1.6733,826.0,0.0148,0.1891
IND423109AAA,Shirdi_SaiBansi_D (Maharashtra),Shirdi,Maharashtra,0.0008,0.0005,3,3,16,14,0.6,30.0,2.125,826.0,0.0148,0.1937
IND632402AAA,Ranipet_MBTRd_DC (Tamil Nadu),Ranipet,Tamil Nadu,0.0004,0.0002,1,1,8,11,0.0,19.0,1.52,826.0,0.0148,0.1675
IND571602AAA,Krishnarajngr_JublieRD_D (Karnataka),Krishnarajngr,Karnataka,0.0,0.0006,1,0,14,0,0.0,14.0,0.0,826.0,0.0148,0.1388
IND125051AAA,Ratia_SchdvDPP_D (Haryana),Ratia,Haryana,0.0016,0.0007,3,1,13,4,0.3333,17.0,1.049,824.0,0.0148,0.1634
IND603001AAA,Chennai_Chnglptu_DC (Tamil Nadu),Chennai,Tamil Nadu,0.0004,0.0004,1,1,12,13,1.0,25.0,1.4286,820.0,0.0147,0.1752
IND245101AAA,Hapur_Swargash_D (Uttar Pradesh),Hapur,Uttar Pradesh,0.0,0.001,2,2,16,17,1.0,33.0,2.3571,820.0,0.0147,0.2033
IND723131AAA,Manbazar_Central_DPP_1 (West Bengal),Manbazar,West Bengal,0.0008,0.0004,1,1,6,12,1.0,18.0,1.3332,819.0,0.0147,0.1652
IND487551AAA,Gadarwara_MPward_D (Madhya Pradesh),Gadarwara,Madhya Pradesh,0.0067,0.0007,2,1,8,7,0.0,15.0,2.25,819.0,0.0147,0.187
IND490023AAA,Durg_Bhilai_DC (Chhattisgarh),Durg,Chhattisgarh,0.0,0.0004,1,0,1,0,0.0,1.0,0.0,818.0,0.0147,0.0774
IND311001AAA,Bhilwara_DC (Rajasthan),Bhilwara,Rajasthan,0.002,0.0006,2,1,14,5,0.6667,19.0,1.8462,816.0,0.0146,0.1789
IND791102AAA,Pasighat_MissonRd_D (Arunachal Pradesh),Pasighat,Arunachal Pradesh,0.0024,0.0006,2,1,5,1,0.0,6.0,2.8218,814.0,0.0146,0.1644
IND110092AAC,Delhi_Patparganj_DPC (Delhi),Delhi,Delhi,0.0008,0.0003,3,2,7,7,0.3333,14.0,2.2941,813.0,0.0146,0.173
IND383255AAB,Khedbrahma_Patelfli_D (Gujarat),Khedbrahma,Gujarat,0.0,0.0005,1,1,12,9,1.0,21.0,1.4579,811.0,0.0145,0.1713
IND635001AAA,Krishnagiri_BnglorRd_D (Tamil Nadu),Krishnagiri,Tamil Nadu,0.0004,0.0003,2,2,8,8,0.6667,16.0,1.5326,810.0,0.0145,0.1633
IND284403AAA,Lalitpur_RjghatRd_D (Uttar Pradesh),Lalitpur,Uttar Pradesh,0.0004,0.0002,1,2,6,3,0.3333,9.0,1.7703,809.0,0.0145,0.1509
IND843109AAB,Kanti_Central_DPP_2 (Bihar),Kanti,Bihar,0.0,0.0005,2,2,17,12,1.0,29.0,1.1385,807.0,0.0145,0.1752
IND131301AAA,Gohana_DvlalDPP_D (Haryana),Gohana,Haryana,0.0012,0.0004,2,1,7,2,0.3333,9.0,3.0359,806.0,0.0144,0.1745
IND277201AAA,Bariya_BgnprDPP_D (Uttar Pradesh),Bariya,Uttar Pradesh,0.0008,0.0008,1,1,5,7,0.0,12.0,2.4464,806.0,0.0144,0.1764
IND632301AAA,Arani_KrthiKyn_D (Tamil Nadu),Arani,Tamil Nadu,0.0008,0.0003,1,2,14,12,0.0,26.0,2.2289,806.0,0.0144,0.1888
IND251309AAB,Budhana_Busstand_D (Uttar Pradesh),Budhana,Uttar Pradesh,0.0008,0.0003,1,1,9,10,0.0,19.0,1.9788,806.0,0.0144,0.1763
IND563116AAA,Bethamangala_FshryOFC_D (Karnataka),Bethamangala,Karnataka,0.0,0.0007,2,1,17,14,1.0,31.0,1.9167,804.0,0.0144,0.1917
IND302006AAC,Jaipur_Central_D_10 (Rajasthan),Jaipur,Rajasthan,0.0,0.0005,1,1,22,1,0.0,23.0,3.5,803.0,0.0144,0.2064
IND132039AAA,Assandh_MhrjaDPP_D (Haryana),Assandh,Haryana,0.0,0.0006,1,0,21,0,0.0,21.0,0.0,802.0,0.0144,0.1491
IND627401AAA,Ambasamdrm_Solaiprm_D (Tamil Nadu),Ambasamdrm,Tamil Nadu,0.0,0.0004,1,1,10,13,1.0,23.0,2.2222,801.0,0.0143,0.1849
IND521185AAA,Nandigama_Chndrlpd_D (Andhra Pradesh),Nandigama,Andhra Pradesh,0.0008,0.0003,2,2,9,8,0.0,17.0,2.1116,798.0,0.0143,0.1744
IND503122AAA,Yellareddy_JKRoad_D (Telangana),Yellareddy,Telangana,0.0016,0.0006,1,1,20,19,0.0,39.0,1.5526,796.0,0.0143,0.1937
IND515591AAA,Kadiri_GVManu_D (Andhra Pradesh),Kadiri,Andhra Pradesh,0.0028,0.0005,2,1,9,10,0.3333,19.0,1.6769,795.0,0.0142,0.1762
IND142026AAA,Jagraon_DC (Punjab),Jagraon,Punjab,0.0,0.0002,1,2,21,19,1.0,40.0,1.4571,795.0,0.0142,0.1858
IND424304AAC,Sakri_DhuleRoad_D (Maharashtra),Sakri,Maharashtra,0.0,0.0004,3,1,10,9,1.0,19.0,1.7714,794.0,0.0142,0.1718
IND415605AAA,Chiplun_LxmiNiws_D (Maharashtra),Chiplun,Maharashtra,0.0016,0.0004,1,1,16,16,0.0,32.0,2.42,793.0,0.0142,0.1994
IND384355AAB,Vadnagar_BsstdDPP_D (Gujarat),Vadnagar,Gujarat,0.0,0.0005,1,2,13,13,1.0,26.0,1.5,792.0,0.0142,0.1776
IND431131AAB,Majalgaon_SmbjiCwk_D (Maharashtra),Majalgaon,Maharashtra,0.0,0.0001,0,1,0,1,0.0,1.0,8.1351,792.0,0.0142,0.203
IND637211AAA,Tirchngode_Mhdhvpur_D (Tamil Nadu),Tirchngode,Tamil Nadu,0.0,0.0003,1,1,15,16,1.0,31.0,1.4508,791.0,0.0142,0.1793
IND743395AAA,Jaynagar_MjlprDPP_D (West Bengal),Jaynagar,West Bengal,0.0004,0.0005,1,1,4,4,1.0,8.0,3.4545,789.0,0.0141,0.1775
IND344022AAB,Balotra_BsnoiHPL_D (Rajasthan),Balotra,Rajasthan,0.0016,0.0003,1,2,4,10,0.6667,14.0,1.4526,782.0,0.014,0.1598
IND500008AAF,Hyderabad_South_D_4 (Telangana),Hyderabad,Telangana,0.0,0.0001,0,1,0,19,0.0,19.0,3.3571,781.0,0.014,0.1941
IND411043AAA,Pune Balaji Nagar (Maharashtra),Pune Balaji Nagar (Maharashtra),Maharashtra,0.0,0.0004,1,1,7,3,0.0,10.0,4.25,781.0,0.014,0.1943
IND732202AAA,Manikchak_Enayetpr_D (West Bengal),Manikchak,West Bengal,0.0004,0.0009,1,1,8,11,0.0,19.0,2.9333,781.0,0.014,0.1966
IND523226AAA,Chimkurthy_MSRClgRd_D (Andhra Pradesh),Chimkurthy,Andhra Pradesh,0.0012,0.0003,1,1,5,13,1.0,18.0,1.8814,777.0,0.0139,0.1731
IND341001AAC,Nagaur_KisanCo_D (Rajasthan),Nagaur,Rajasthan,0.0052,0.0006,2,2,5,9,0.3333,14.0,1.5595,776.0,0.0139,0.1708
IND388620AAB,Khambhat_MotvdDPP_D (Gujarat),Khambhat,Gujarat,0.0004,0.0003,1,1,11,13,1.0,24.0,1.8043,775.0,0.0139,0.1782
IND302023AAA,Ambabadi_DC (Rajasthan),Ambabadi,Rajasthan,0.0,0.0005,1,0,19,0,0.0,19.0,0.0,774.0,0.0139,0.1448
IND843329AAB,Sheohar_Ward9DPP_D (Bihar),Sheohar,Bihar,0.0,0.0004,1,1,13,13,1.0,26.0,2.7895,773.0,0.0138,0.1965
IND303702AAB,Chomu_ShsmlDPP_D (Rajasthan),Chomu,Rajasthan,0.0,0.0003,1,2,9,12,0.6667,21.0,1.5708,766.0,0.0137,0.1708
IND500039AAD,Hyderabad_Uppal_L (Telangana),Hyderabad,Telangana,0.0,0.0003,1,1,6,8,0.0,14.0,2.717,766.0,0.0137,0.1772
IND502110AAA,Medak_Dwaraka_D (Telangana),Medak,Telangana,0.0016,0.0007,1,1,19,19,0.0,38.0,1.3714,765.0,0.0137,0.1899
IND518124AAA,Bngnpalle_Enkndla_D (Andhra Pradesh),Bngnpalle,Andhra Pradesh,0.0012,0.0007,1,2,15,7,0.6667,22.0,1.65,765.0,0.0137,0.1785
IND413517AAA,Udgir_NlgaonRd_D (Maharashtra),Udgir,Maharashtra,0.0008,0.0004,2,2,5,3,0.6667,8.0,3.1294,763.0,0.0137,0.1709
IND585222AAA,Sedam_DBRCmplx_D (Karnataka),Sedam,Karnataka,0.0,0.0007,2,2,21,22,0.0,43.0,1.5135,762.0,0.0136,0.1939
IND361305AAC,Khambhalia_JdswarRD_D (Gujarat),Khambhalia,Gujarat,0.0,0.0002,1,2,16,11,0.3333,27.0,1.7,760.0,0.0136,0.1783
IND515301AAA,Madakasira_RTCStand_D (Andhra Pradesh),Madakasira,Andhra Pradesh,0.0004,0.0006,1,1,14,16,0.0,30.0,1.7574,760.0,0.0136,0.187
IND140501AAA,Lalru_OnkarDPP_D (Punjab),Lalru,Punjab,0.0,0.0002,1,1,14,14,1.0,28.0,2.4062,759.0,0.0136,0.1906
IND423601AAA,Kopargaon_NkshtrPz_D (Maharashtra),Kopargaon,Maharashtra,0.0004,0.0006,3,2,14,15,0.5,29.0,2.2083,759.0,0.0136,0.1927
IND535501AAB,Parvathipuram_Central_D_2 (Andhra Pradesh),Parvathipuram,Andhra Pradesh,0.0016,0.0007,1,2,20,18,0.3333,38.0,1.5183,759.0,0.0136,0.1931
IND523105AAA,Kandukur_LICOffce_D (Andhra Pradesh),Kandukur,Andhra Pradesh,0.0008,0.0009,2,1,20,19,0.6667,39.0,1.3056,757.0,0.0136,0.1912
IND736135AAA,Dinhata_WrdN4DPP_D (West Bengal),Dinhata,West Bengal,0.0,0.0003,1,2,8,11,0.0,19.0,2.2174,755.0,0.0135,0.1776
IND743513AAA,Fatepur_NH117_D (West Bengal),Fatepur,West Bengal,0.0004,0.0004,1,1,4,12,1.0,16.0,2.0972,753.0,0.0135,0.1727
IND786190AAA,DoomDooma_Pthrgoan_D (Assam),DoomDooma,Assam,0.002,0.0007,3,2,10,10,0.6667,20.0,2.2148,753.0,0.0135,0.186
IND638701AAA,Kangayam_Thvlrsrt_D (Tamil Nadu),Kangayam,Tamil Nadu,0.0,0.0006,1,1,16,17,0.0,33.0,2.2,752.0,0.0135,0.1963
IND442101AAB,Deoli_Central_DPP_2 (Maharashtra),Deoli,Maharashtra,0.0,0.0002,1,1,5,12,0.0,17.0,2.1999,752.0,0.0135,0.1733
IND322230AAA,Hindaun_MndwrRod_D (Rajasthan),Hindaun,Rajasthan,0.0,0.0005,1,1,16,14,0.0,30.0,1.6071,752.0,0.0135,0.1826
IND000000AAZ,Buldhana_Thsil3PL_D (Maharashtra),Buldhana,Maharashtra,0.0016,0.0004,2,2,2,2,0.3333,4.0,5.0104,751.0,0.0135,0.1854
IND302006AAA,Jaipur (Rajasthan),Jaipur (Rajasthan),Rajasthan,0.0,0.0004,1,1,16,13,0.0,29.0,3.7333,749.0,0.0134,0.2146
IND785112AAC,Teok_Wardno3_D (Assam),Teok,Assam,0.0004,0.0002,1,2,3,4,0.0,7.0,7.5083,747.0,0.0134,0.2345
IND303503AAA,Lalsot_NWclyDPP_D (Rajasthan),Lalsot,Rajasthan,0.0,0.0005,1,1,12,11,1.0,23.0,1.7273,747.0,0.0134,0.1774
IND388220AAA,Umreth_Dakor_DC (Gujarat),Umreth,Gujarat,0.0004,0.0009,2,1,15,14,1.0,29.0,1.7446,744.0,0.0133,0.1891
IND521165AAA,Vuyyuru_BhogdDPP_D (Andhra Pradesh),Vuyyuru,Andhra Pradesh,0.0008,0.0004,2,1,4,3,1.0,7.0,8.6154,743.0,0.0133,0.2539
IND721139AAC,Panskura_Central_D_3 (West Bengal),Panskura,West Bengal,0.0008,0.002,2,2,20,3,0.3333,23.0,2.8571,743.0,0.0133,0.2114
IND621704AAA,Ariyalur_Kmrajngr_D (Tamil Nadu),Ariyalur,Tamil Nadu,0.0,0.0004,1,1,16,17,1.0,33.0,2.0,742.0,0.0133,0.1907
IND000000ADV,Chennai_Mdhavram_C (Tamil Nadu),Chennai,Tamil Nadu,0.0,0.0001,0,1,0,18,0.0,18.0,2.0533,741.0,0.0133,0.1714
IND303603AAB,Renwal_ChomuRD_D (Rajasthan),Renwal,Rajasthan,0.0,0.0004,2,2,7,7,0.0,14.0,2.473,741.0,0.0133,0.1745
IND532440AAA,Palakonda_VadaiDPP_D (Andhra Pradesh),Palakonda,Andhra Pradesh,0.0016,0.0007,1,1,17,17,1.0,34.0,1.5278,737.0,0.0132,0.1894
IND533242AAA,Razole_Shanthi_D (Andhra Pradesh),Razole,Andhra Pradesh,0.0,0.0003,2,1,6,2,1.0,8.0,2.2476,735.0,0.0132,0.1551
IND577501AAA,Chitradurga_DC (Karnataka),Chitradurga,Karnataka,0.0004,0.0004,2,1,12,10,0.6667,22.0,1.6928,735.0,0.0132,0.1742
IND201304AAA,Noida_Sec-83_DC (Uttar Pradesh),Noida,Uttar Pradesh,0.0,0.0006,2,1,13,18,1.0,31.0,2.2225,734.0,0.0131,0.1946
IND136128AAA,Pehowa_WdN14DPP_D (Haryana),Pehowa,Haryana,0.0008,0.0005,1,1,22,22,0.0,44.0,2.0955,730.0,0.0131,0.2025
IND421502AAA,Mumbai_Ambernath_Dc (Maharashtra),Mumbai,Maharashtra,0.0,0.0001,0,1,0,17,0.0,17.0,3.2941,729.0,0.0131,0.1892
IND790001AAB,Bomdila_CTRoad_D (Arunachal Pradesh),Bomdila,Arunachal Pradesh,0.0,0.0001,0,1,0,1,0.0,1.0,7.05,726.0,0.013,0.1849
IND563131AAA,Mulbagal_Sunku_D (Karnataka),Mulbagal,Karnataka,0.0,0.0005,1,1,14,14,1.0,28.0,1.8163,725.0,0.013,0.1838
IND425406AAA,Shindkheda_KakaCplx_D (Maharashtra),Shindkheda,Maharashtra,0.0,0.0007,2,3,11,7,0.6667,18.0,2.0476,723.0,0.0129,0.1771
IND224001AAA,Faizabad_TrnspNgr_D (Uttar Pradesh),Faizabad,Uttar Pradesh,0.0,0.0001,0,1,0,13,0.0,13.0,3.15,723.0,0.0129,0.1796
IND247554AAA,Deoband_Ramvlg_D (Uttar Pradesh),Deoband,Uttar Pradesh,0.0004,0.0004,1,2,12,14,0.0,26.0,1.1938,722.0,0.0129,0.1713
IND274304AAB,Padrauna_BawliDPPP_D (Uttar Pradesh),Padrauna,Uttar Pradesh,0.0008,0.0008,2,2,10,14,0.3333,24.0,2.3529,721.0,0.0129,0.1919
IND209101AAA,Akbarpur_NehruNGR_D (Uttar Pradesh),Akbarpur,Uttar Pradesh,0.0016,0.0005,1,1,16,17,0.0,33.0,0.8864,719.0,0.0129,0.1758
IND203396AAB,Pahasu_Kanongyn_D (Uttar Pradesh),Pahasu,Uttar Pradesh,0.0,0.0003,1,1,12,15,1.0,27.0,1.3333,718.0,0.0129,0.1729
IND222136AAA,Jalalpur_Mhimapur_D (Uttar Pradesh),Jalalpur,Uttar Pradesh,0.0,0.0007,2,0,2,0,0.0,2.0,0.0,717.0,0.0128,0.0907
IND506132AAA,Khanpur_Nrsampt_D (Telangana),Khanpur,Telangana,0.0012,0.0008,1,1,20,19,0.0,39.0,1.8235,716.0,0.0128,0.1976
IND322241AAA,Karauli_HnsChowk_D (Rajasthan),Karauli,Rajasthan,0.0,0.0005,1,1,14,15,0.0,29.0,2.3478,714.0,0.0128,0.1933
IND507159AAA,Kusumnchi_SKRoad_D (Telangana),Kusumnchi,Telangana,0.0,0.0006,2,2,15,13,1.0,28.0,1.8824,714.0,0.0128,0.1851
IND000000AET,Barpeta_ShivBari_D (Assam),Barpeta,Assam,0.0032,0.0005,1,1,4,8,0.0,12.0,2.4647,711.0,0.0127,0.176
IND473001AAA,Guna_HnumnDPP_D (Madhya Pradesh),Guna,Madhya Pradesh,0.0,0.0003,1,1,10,11,1.0,21.0,2.0256,711.0,0.0127,0.1766
IND181152AAA,Jammu_TrnptNgr_L (Jammu & Kashmir),Jammu,Jammu & Kashmir,0.0,0.0003,3,1,6,5,1.0,11.0,1.4667,707.0,0.0127,0.1502
IND400072AAC,BOM_Sakinaka_RP (Maharashtra),BOM,Maharashtra,0.0,0.0001,0,1,0,17,0.0,17.0,3.35,706.0,0.0126,0.1898
IND126116AAA,UNKNOWN,UNKNOWN,UNKNOWN,0.0,0.0003,1,1,5,5,1.0,10.0,2.8197,706.0,0.0126,0.169
IND673305AAA,Koyilandy_Pshrikvu_D (Kerala),Koyilandy,Kerala,0.0004,0.0003,2,1,6,14,0.6667,20.0,1.2668,704.0,0.0126,0.1643
IND505467AAA,Husnabad_Greenmkt_D (Telangana),Husnabad,Telangana,0.0,0.0002,1,1,13,13,1.0,26.0,1.7333,703.0,0.0126,0.1768
IND625106AAA,Melur_MduraiRD_D (Tamil Nadu),Melur,Tamil Nadu,0.0,0.0002,1,1,12,13,0.0,25.0,1.7174,702.0,0.0126,0.1756
IND422605AAA,Sangamner_JawanChk_D (Maharashtra),Sangamner,Maharashtra,0.0,0.0004,1,2,10,10,0.3333,20.0,1.8587,702.0,0.0126,0.1733
IND311301AAA,Asind_BsStdDPP_D (Rajasthan),Asind,Rajasthan,0.0,0.0001,0,1,0,6,0.0,6.0,4.3655,701.0,0.0126,0.1784
IND224122AAA,Akbarpur_Auliyapr_D (Uttar Pradesh),Akbarpur,Uttar Pradesh,0.0,0.0003,1,0,17,0,0.0,17.0,0.0,698.0,0.0125,0.1386
IND571432AAB,Nagamangala_MandyaRD_D (Karnataka),Nagamangala,Karnataka,0.0,0.0005,1,1,12,17,1.0,29.0,1.3784,697.0,0.0125,0.1774
IND331507AAA,Sujangarh_JngidDPP_D (Rajasthan),Sujangarh,Rajasthan,0.0,0.0001,0,1,0,3,0.0,3.0,2.4012,694.0,0.0124,0.131
IND363330AAB,Halvad_CrossRD_D (Gujarat),Halvad,Gujarat,0.0,0.0004,1,1,8,8,1.0,16.0,1.6156,691.0,0.0124,0.163
IND602024AAA,Chennai_Vepmpttu_DC (Tamil Nadu),Chennai,Tamil Nadu,0.0004,0.0008,1,2,10,13,1.0,23.0,2.5,691.0,0.0124,0.1919
IND535591AAA,Salur_ward9_D (Andhra Pradesh),Salur,Andhra Pradesh,0.0016,0.0007,1,1,21,3,0.0,24.0,2.1333,690.0,0.0124,0.1887
IND600008AAA,Chennai_Egmore_C (Tamil Nadu),Chennai,Tamil Nadu,0.0,0.0001,0,1,0,14,0.0,14.0,2.08,690.0,0.0124,0.1642
IND501218AAC,Shamshabad_Lngrguda_D (Telangana),Shamshabad,Telangana,0.0,0.0003,2,0,6,0,1.0,6.0,0.0,689.0,0.0123,0.1109
IND141109AAA,Raikot_DC (Punjab),Raikot,Punjab,0.0,0.0003,2,1,19,18,1.0,37.0,1.2917,689.0,0.0123,0.1802
IND627117AAA,Vallior_Radhaprm_D (Tamil Nadu),Vallior,Tamil Nadu,0.0,0.0004,1,1,11,11,1.0,22.0,1.9375,686.0,0.0123,0.177
IND274509AAB,Salempur_Banjaria_D (Uttar Pradesh),Salempur,Uttar Pradesh,0.0,0.0008,1,3,13,5,0.0,18.0,2.2083,686.0,0.0123,0.1806
IND679303AAA,Sankaramangalam_Central_D_1 (Kerala),Sankaramangalam,Kerala,0.0012,0.0005,1,1,11,14,0.0,25.0,2.5647,683.0,0.0122,0.1934
IND385001AAA,Palanpur_DC (Gujarat),Palanpur,Gujarat,0.0004,0.0005,2,1,13,14,0.6667,27.0,1.5278,682.0,0.0122,0.1784
IND742149AAA,Murshidabad_Sirjudol_D (West Bengal),Murshidabad,West Bengal,0.0,0.0001,0,2,0,15,1.0,15.0,2.8333,680.0,0.0122,0.1778
IND591304AAA,Athani_VikrmMah_D (Karnataka),Athani,Karnataka,0.0012,0.0005,1,2,10,12,0.3333,22.0,1.447,678.0,0.0121,0.1723
IND721501AAC,AmaDubi_Bulabeda_D (West Bengal),AmaDubi,West Bengal,0.0,0.0001,1,2,1,7,1.0,8.0,1.9091,678.0,0.0121,0.1467
IND250002AAA,Meerut (Uttar Pradesh),Meerut (Uttar Pradesh),Uttar Pradesh,0.0004,0.0005,3,1,8,5,0.6667,13.0,2.0,678.0,0.0121,0.1653
IND362220AAA,Junagadh_keshod_DC (Gujarat),Junagadh,Gujarat,0.0,0.0007,1,2,14,8,0.6667,22.0,1.9181,677.0,0.0121,0.18
IND123001AAA,Narnaul_DC (Haryana),Narnaul,Haryana,0.0016,0.0003,2,1,3,13,0.3333,16.0,1.9118,676.0,0.0121,0.1695
IND391110AAD,Dabhoi_Central_DPP_3 (Gujarat),Dabhoi,Gujarat,0.0,0.0005,1,2,7,5,1.0,12.0,3.2857,675.0,0.0121,0.1829
IND825102AAA,Phusro_RhmgjDPP_D (Jharkhand),Phusro,Jharkhand,0.0,0.0002,1,1,3,3,1.0,6.0,2.12,675.0,0.0121,0.143
IND470004AAA,Sagar_Bahreya_I (Madhya Pradesh),Sagar,Madhya Pradesh,0.0008,0.0003,1,4,1,6,0.2,7.0,2.1751,671.0,0.012,0.1503
IND577535AAC,Molakalmuru_KnsgraRD_D (Karnataka),Molakalmuru,Karnataka,0.0024,0.0003,1,1,10,10,0.0,20.0,1.5824,669.0,0.012,0.1716
IND607801AAA,Neyveli_NJVNgr_D (Tamil Nadu),Neyveli,Tamil Nadu,0.0016,0.0006,1,1,14,15,0.0,29.0,2.1304,669.0,0.012,0.1926
IND561203AAB,Doddablpur_ChikaDPP_D (Karnataka),Doddablpur,Karnataka,0.0012,0.0008,1,1,12,12,1.0,24.0,1.52,669.0,0.012,0.1788
IND560067AAC,Bengaluru_Kadugodi_D (Karnataka),Bengaluru,Karnataka,0.0,0.0002,1,1,8,20,0.0,28.0,2.7778,666.0,0.0119,0.1953
IND723133AAA,Rghunthpur_barkarRd_D (West Bengal),Rghunthpur,West Bengal,0.0004,0.0006,2,1,11,13,0.6667,24.0,1.4,666.0,0.0119,0.1733
IND209721AAB,Chhibramau_Bhainpura_D (Uttar Pradesh),Chhibramau,Uttar Pradesh,0.0,0.0007,1,1,10,10,1.0,20.0,1.3395,665.0,0.0119,0.1678
IND628801AAA,Eral_Busstand_D (Tamil Nadu),Eral,Tamil Nadu,0.0,0.0005,1,1,17,17,0.0,34.0,1.4375,663.0,0.0119,0.1824
IND160055AAA,Chandigarh_Mohali (Chandigarh),Chandigarh,Chandigarh,0.0,0.0008,2,1,36,21,1.0,57.0,1.1,663.0,0.0119,0.195
IND246444AAB,Karnaprayag_Umalodge_D (Uttarakhand),Karnaprayag,Uttarakhand,0.0004,0.001,1,1,16,15,1.0,31.0,1.4091,660.0,0.0118,0.1853
IND134102AAA,Kalka_Pinjore_DC (Haryana),Kalka,Haryana,0.0,0.0002,2,1,3,16,0.3333,19.0,2.75,660.0,0.0118,0.184
IND121001AAA,Faridabad (Haryana),Faridabad (Haryana),Haryana,0.0,0.0006,1,1,24,27,0.0,51.0,1.9,659.0,0.0118,0.2014
IND424201AAA,Pachora_PcrrdDPP_D (Maharashtra),Pachora,Maharashtra,0.0008,0.0003,1,1,1,1,0.0,2.0,10.5522,654.0,0.0117,0.2374
IND828111AAA,Dhanbad_Jharia_DC (Jharkhand),Dhanbad,Jharkhand,0.0004,0.0003,2,1,4,7,0.0,11.0,6.2727,646.0,0.0116,0.2263
IND441206AAB,Brahmapuri_DhnliRth_D (Maharashtra),Brahmapuri,Maharashtra,0.0,0.0001,0,2,0,8,1.0,8.0,2.7398,646.0,0.0116,0.1591
IND443301AAA,Mehkar_SagarDPP_D (Maharashtra),Mehkar,Maharashtra,0.0004,0.0003,1,1,5,2,0.0,7.0,2.6809,645.0,0.0116,0.1568
IND400064AAB,Mumbai_MaladWest_CP (Maharashtra),Mumbai,Maharashtra,0.0,0.0001,0,2,0,21,0.0,21.0,3.0769,645.0,0.0116,0.1903
IND201301AAD,NOI_RPC (Delhi),NOI,Delhi,0.0,0.0002,1,1,3,2,0.0,5.0,5.2521,642.0,0.0115,0.1875
IND305802AAA,Kishangarh_Central_D_2 (Rajasthan),Kishangarh,Rajasthan,0.0016,0.0006,1,1,11,6,0.0,17.0,2.0166,640.0,0.0115,0.175
IND176303AAA,Dalhousie_Banikhet_D (Himachal Pradesh),Dalhousie,Himachal Pradesh,0.0,0.0008,2,1,10,9,0.6667,19.0,1.3281,638.0,0.0114,0.1668
IND110052AAA,Delhi_Wazirpur_L (Delhi),Delhi,Delhi,0.0,0.0001,1,1,2,10,0.0,12.0,1.6618,637.0,0.0114,0.1528
IND621212AAA,Perambalur_goplpurm_D (Tamil Nadu),Perambalur,Tamil Nadu,0.0,0.0004,2,1,18,16,0.3333,34.0,1.5553,635.0,0.0114,0.1821
IND680012AAA,Arimbur_Veluthur_D (Kerala),Arimbur,Kerala,0.0012,0.0004,1,1,11,11,0.0,22.0,1.4386,634.0,0.0114,0.1707
IND457661AAA,Jhabua_Ward11_D (Madhya Pradesh),Jhabua,Madhya Pradesh,0.0,0.0005,1,0,11,0,0.0,11.0,0.0,633.0,0.0113,0.1276
IND572201AAB,Tiptur_YTRd_D (Karnataka),Tiptur,Karnataka,0.0004,0.0006,2,4,13,7,0.5,20.0,1.88,633.0,0.0113,0.175
IND673104AAA,Vadakara_Mandodi_D (Kerala),Vadakara,Kerala,0.0008,0.0005,3,1,16,17,0.3333,33.0,1.7143,630.0,0.0113,0.1863
IND495334AAB,Mungeli_Panderia_D (Chhattisgarh),Mungeli,Chhattisgarh,0.0,0.0002,1,1,11,12,0.0,23.0,1.5314,629.0,0.0113,0.1691
IND630002AAA,Karaikudi_Sbrmnprm_D (Tamil Nadu),Karaikudi,Tamil Nadu,0.0,0.0004,1,1,16,14,0.0,30.0,1.4255,626.0,0.0112,0.1764
IND611001AAA,Nagapttinm_Sttyapar_D (Tamil Nadu),Nagapttinm,Tamil Nadu,0.0028,0.0006,1,1,11,10,0.0,21.0,2.3438,625.0,0.0112,0.1882
IND345021AAA,Pokhran_SttinDPP_D (Rajasthan),Pokhran,Rajasthan,0.0,0.0003,2,1,7,10,1.0,17.0,1.4492,624.0,0.0112,0.1608
IND458001AAB,Mandsaur_YashDPP_D (Madhya Pradesh),Mandsaur,Madhya Pradesh,0.0004,0.0006,1,1,12,11,1.0,23.0,1.5185,620.0,0.0111,0.1734
IND243001AAA,Bareilly_Central_D_2 (Uttar Pradesh),Bareilly,Uttar Pradesh,0.0,0.0001,0,2,0,15,1.0,15.0,2.2222,620.0,0.0111,0.1671
IND733129AAA,Kaliyaganj_FatprDPP_D (West Bengal),Kaliyaganj,West Bengal,0.0,0.0008,1,1,5,4,0.0,9.0,4.1245,620.0,0.0111,0.1904
IND518401AAA,Nandikotkr_UmarDPP_D (Andhra Pradesh),Nandikotkr,Andhra Pradesh,0.0008,0.0005,1,1,13,12,0.0,25.0,1.9417,618.0,0.0111,0.182
IND791111AAC,Itanagar_WageDPP_D (Arunachal Pradesh),Itanagar,Arunachal Pradesh,0.0,0.0005,2,0,5,0,1.0,5.0,0.0,618.0,0.0111,0.1078
IND442605AAA,Gadchiroli_Central_DPP_1 (Maharashtra),Gadchiroli,Maharashtra,0.0,0.0011,2,1,8,3,1.0,11.0,2.0909,617.0,0.0111,0.1671
IND509203AAA,Bijnapally_nagar_D (Telangana),Bijnapally,Telangana,0.0012,0.0006,1,1,19,19,0.0,38.0,1.5,617.0,0.0111,0.1887
IND360490AAA,Upleta_AdrshSt_DC (Gujarat),Upleta,Gujarat,0.0,0.0006,1,1,2,10,0.0,12.0,2.3092,614.0,0.011,0.1675
IND110064AAB,KN_RPC (Delhi),KN,Delhi,0.0,0.0002,1,0,11,0,0.0,11.0,0.0,613.0,0.011,0.124
IND503187AAA,Banswada_Menagrdn_D (Telangana),Banswada,Telangana,0.0016,0.0006,1,1,19,20,0.0,39.0,1.5385,612.0,0.011,0.1903
IND509324AAA,Kalwakurthy_VidyaNGR_D (Telangana),Kalwakurthy,Telangana,0.0,0.0004,1,1,9,8,1.0,17.0,2.1887,611.0,0.0109,0.1727
IND574104AAA,Karkala_MarketRd_D (Karnataka),Karkala,Karnataka,0.0004,0.0003,1,1,9,11,0.0,20.0,1.9565,611.0,0.0109,0.1731
IND470113AAA,Bina_Srvdycwk_D (Madhya Pradesh),Bina,Madhya Pradesh,0.0,0.0004,2,2,9,3,0.5,12.0,2.4286,609.0,0.0109,0.1668
IND509216AAC,Shadnagar_Central_D_1 (Telangana),Shadnagar,Telangana,0.0006,0.0006,2,1,10,12,0.6667,22.0,2.0477,609.0,0.0109,0.1802
IND221401AAA,Bhadohi_Rajpura_D (Uttar Pradesh),Bhadohi,Uttar Pradesh,0.0008,0.0001,1,1,1,2,0.0,3.0,2.7188,605.0,0.0108,0.136
IND613104AAA,Thirukkatupli_Poondi_D (Tamil Nadu),Thirukkatupli,Tamil Nadu,0.0,0.0004,1,0,10,0,0.0,10.0,0.0,602.0,0.0108,0.1234
IND713103AAA,Bardhaman_Bankura_D (West Bengal),Bardhaman,West Bengal,0.0,0.0003,1,1,6,4,1.0,10.0,2.0073,602.0,0.0108,0.1543
IND713303AAA,Asansol_DC (West Bengal),Asansol,West Bengal,0.0004,0.0003,1,1,5,6,0.0,11.0,4.1667,602.0,0.0108,0.192
IND641001AAA,Coimbatore_Ukkadam_D (Tamil Nadu),Coimbatore,Tamil Nadu,0.0,0.0004,2,1,6,3,1.0,9.0,4.3333,602.0,0.0108,0.1892
IND121004AAA,Faridabad_Blbgarh_DC (Haryana),Faridabad,Haryana,0.0,0.0005,1,1,23,10,0.0,33.0,2.3833,600.0,0.0107,0.1955
IND814101AAB,Dumka_Dudhani_D (Jharkhand),Dumka,Jharkhand,0.0008,0.0008,1,1,12,11,0.0,23.0,1.5233,599.0,0.0107,0.1763
IND606105AAA,Pennadam_EastmnRD_D (Tamil Nadu),Pennadam,Tamil Nadu,0.0016,0.0007,1,1,14,14,0.0,28.0,1.6091,596.0,0.0107,0.1825
IND251201AAA,Khatauli_TilakNgr_D (Uttar Pradesh),Khatauli,Uttar Pradesh,0.0004,0.0002,1,2,1,2,0.3333,3.0,4.1027,596.0,0.0107,0.1579
IND263139AAA,Haldwani_PiliKoti_D (Uttarakhand),Haldwani,Uttarakhand,0.0,0.0003,1,1,7,6,0.0,13.0,1.3618,596.0,0.0107,0.1515
IND458664AAA,Neemuch_KarjuDPP_D (Madhya Pradesh),Neemuch,Madhya Pradesh,0.0008,0.0004,1,1,6,7,0.0,13.0,2.4667,595.0,0.0107,0.1708
IND395006AAA,Surat_Varachha_DC (Gujarat),Surat,Gujarat,0.0,0.0009,1,1,27,2,0.0,29.0,8.3354,595.0,0.0107,0.2901
IND473443AAA,Mungaoli_AshkngRd_D (Madhya Pradesh),Mungaoli,Madhya Pradesh,0.0,0.0002,1,1,2,7,1.0,9.0,1.8136,593.0,0.0106,0.1474
IND431127AAA,Georai_Bazarrd_D (Maharashtra),Georai,Maharashtra,0.0012,0.0004,1,1,7,7,0.0,14.0,2.1071,592.0,0.0106,0.1673
IND609602AAA,Karaikal_Thalthru_DC (Pondicherry),Karaikal,Pondicherry,0.0028,0.0006,1,1,8,11,0.0,19.0,3.1111,590.0,0.0106,0.1967
IND331701AAA,Sidhmukh_MnbzrDPP_D (Rajasthan),Sidhmukh,Rajasthan,0.0004,0.0002,1,1,1,2,1.0,3.0,5.4844,589.0,0.0105,0.1799
IND201007AAB,Ghaziabad_MohanNgr_C (Uttar Pradesh),Ghaziabad,Uttar Pradesh,0.002,0.0002,1,3,1,17,0.6667,18.0,1.9143,589.0,0.0105,0.1705
IND636102AAA,Attur_KaaduRd_D (Tamil Nadu),Attur,Tamil Nadu,0.0,0.0003,1,1,6,5,0.0,11.0,1.3524,585.0,0.0105,0.1465
IND607106AAA,Panruti_GandhiRd_D (Tamil Nadu),Panruti,Tamil Nadu,0.0016,0.0006,1,1,14,14,0.0,28.0,2.1603,584.0,0.0105,0.1903
IND607001AAA,Cuddalore_KtsiGrsm_D (Tamil Nadu),Cuddalore,Tamil Nadu,0.0028,0.0005,1,1,12,11,0.0,23.0,1.8571,583.0,0.0104,0.181
IND670643AAA,Kuthuparamba_IdstrlAr_D (Kerala),Kuthuparamba,Kerala,0.0016,0.0006,1,1,17,5,0.0,22.0,1.8791,583.0,0.0104,0.1788
IND508252AAB,Choutuppal_Nagaram_D (Telangana),Choutuppal,Telangana,0.0054,0.0003,1,1,7,6,0.0,13.0,1.3634,582.0,0.0104,0.1595
IND444203AAA,Shegaon_SChwkDPP_D (Maharashtra),Shegaon,Maharashtra,0.0016,0.0006,2,1,3,5,0.6667,8.0,2.5,582.0,0.0104,0.1611
IND231216AAA,Robertsganj_ArtoDPP_D (Uttar Pradesh),Robertsganj,Uttar Pradesh,0.0,0.0005,2,0,6,0,1.0,6.0,0.0,582.0,0.0104,0.1118
IND743235AAA,Bongaon_SukntDPP_D (West Bengal),Bongaon,West Bengal,0.0004,0.0003,1,1,5,6,1.0,11.0,2.1,582.0,0.0104,0.1582
IND571301AAA,Nanjangud_RPRoad_D (Karnataka),Nanjangud,Karnataka,0.0012,0.0005,1,1,9,8,0.0,17.0,1.913,580.0,0.0104,0.1704
IND803108AAB,Chandi_SH78_D (Bihar),Chandi,Bihar,0.0,0.0005,1,0,13,0,0.0,13.0,0.0,579.0,0.0104,0.1311
IND586101AAA,Bijapur_KirtiNgr_D (Karnataka),Bijapur,Karnataka,0.0,0.0004,1,1,8,4,0.0,12.0,2.252,578.0,0.0104,0.1637
IND501141AAA,Tandur_SnthiNGR_D (Telangana),Tandur,Telangana,0.0004,0.0003,1,1,8,5,1.0,13.0,1.5366,576.0,0.0103,0.1546
IND364290AAA,Bhavnagar_Mahuva_DC (Gujarat),Bhavnagar,Gujarat,0.0,0.0016,1,1,11,1,0.0,12.0,2.1724,576.0,0.0103,0.1749
IND250611AAA,Baraut_SrnprHwy_D (Uttar Pradesh),Baraut,Uttar Pradesh,0.0008,0.0002,1,1,3,11,0.0,14.0,1.9091,576.0,0.0103,0.1614
IND244713AAA,Kashipur_Vaishali_D (Uttarakhand),Kashipur,Uttarakhand,0.0006,0.0007,3,2,18,17,1.0,35.0,2.0,576.0,0.0103,0.1935
IND470117AAA,Khurai_Talaiya_D (Madhya Pradesh),Khurai,Madhya Pradesh,0.0,0.0004,2,1,3,6,0.6667,9.0,1.7526,575.0,0.0103,0.1478
IND363421AAB,Limbdi_Busstand_D (Gujarat),Limbdi,Gujarat,0.0,0.0003,1,1,14,13,0.0,27.0,1.8974,575.0,0.0103,0.1792
IND603203AAA,Chennai_Potheri (Tamil Nadu),Chennai,Tamil Nadu,0.0004,0.0003,2,2,3,14,0.3333,17.0,3.3348,575.0,0.0103,0.1894
IND614715AAA,Thirthurpondi_Madaprum_D (Tamil Nadu),Thirthurpondi,Tamil Nadu,0.0004,0.0008,1,1,17,17,1.0,34.0,1.4737,574.0,0.0103,0.1854
IND445001AAB,Yavatmal_JajuDPP_D (Maharashtra),Yavatmal,Maharashtra,0.0,0.0003,1,0,12,0,0.0,12.0,0.0,574.0,0.0103,0.127
IND757041AAA,Udala_NagplDPP_D (Orissa),Udala,Orissa,0.0008,0.001,2,2,3,5,1.0,8.0,1.6,572.0,0.0102,0.1504
IND784110AAA,Dhekiajuli_Wardno5_D (Assam),Dhekiajuli,Assam,0.0004,0.0004,1,2,3,3,0.6667,6.0,2.7778,570.0,0.0102,0.1542
IND804401AAA,Arwal_Rozapar_D (Bihar),Arwal,Bihar,0.0,0.0003,1,0,10,0,0.0,10.0,0.0,570.0,0.0102,0.1221
IND303901AAA,Chaksu_TonkRoad_D (Rajasthan),Chaksu,Rajasthan,0.0,0.0003,1,1,10,3,1.0,13.0,1.9048,568.0,0.0102,0.1593
IND531116AAA,Narsiptnm_Wardno8_D (Andhra Pradesh),Narsiptnm,Andhra Pradesh,0.0,0.0004,1,2,5,5,1.0,10.0,2.339,568.0,0.0102,0.1596
IND606003AAA,Virudhchlm_SelamRd_D (Tamil Nadu),Virudhchlm,Tamil Nadu,0.0016,0.0007,1,1,15,14,0.0,29.0,1.6,568.0,0.0102,0.1826
IND400037AAA,Mumbai Antop Hill (Maharashtra),Mumbai Antop Hill (Maharashtra),Maharashtra,0.0,0.0017,1,1,2,13,0.0,15.0,3.3077,568.0,0.0102,0.1999
IND686513AAA,Mundakayam_Central_D_1 (Kerala),Mundakayam,Kerala,0.0,0.0002,1,2,15,9,1.0,24.0,2.3143,567.0,0.0102,0.1816
IND335501AAA,Bhadra_GMndiDPP_D (Rajasthan),Bhadra,Rajasthan,0.0004,0.0002,1,1,1,1,1.0,2.0,1.7143,564.0,0.0101,0.1105
IND508116AAA,Bhuvanagiri_HBColny_D (Telangana),Bhuvanagiri,Telangana,0.0008,0.0005,1,2,13,15,0.6667,28.0,1.0682,563.0,0.0101,0.1703
IND626138AAA,Maharajapuram_Krsnakcl_D (Tamil Nadu),Maharajapuram,Tamil Nadu,0.0,0.0016,1,1,9,16,0.0,25.0,1.48,563.0,0.0101,0.1839
IND506143AAA,Ghanpur_Palakrty_D (Telangana),Ghanpur,Telangana,0.0036,0.0007,1,1,17,16,0.0,33.0,1.7295,561.0,0.01,0.1914
IND502313AAA,Narsapur_Xroad_D (Telangana),Narsapur,Telangana,0.0016,0.0007,1,1,19,6,0.0,25.0,1.6959,560.0,0.01,0.18
IND673121AAA,Kalpetta_Ward19_D (Kerala),Kalpetta,Kerala,0.0,0.0003,1,1,11,8,1.0,19.0,2.2072,559.0,0.01,0.1745
IND509103AAC,UNKNOWN,UNKNOWN,UNKNOWN,0.0,0.0003,2,1,5,6,1.0,11.0,2.0167,559.0,0.01,0.1561
IND733128AAA,Itahar_NatunDPP_D (West Bengal),Itahar,West Bengal,0.0012,0.0007,1,2,6,7,0.3333,13.0,1.8571,558.0,0.01,0.1646
IND144040AAA,Nakodar_ChowkDPP_D (Punjab),Nakodar,Punjab,0.0008,0.0004,2,1,17,10,0.6667,27.0,2.1263,558.0,0.01,0.1848
IND176201AAA,Jassur_AadiDPP_D (Himachal Pradesh),Jassur,Himachal Pradesh,0.0,0.0007,1,1,7,9,1.0,16.0,1.6027,557.0,0.01,0.164
IND636402AAA,Mettur_RTOroad_D (Tamil Nadu),Mettur,Tamil Nadu,0.0,0.0004,2,0,17,0,1.0,17.0,0.0,555.0,0.0099,0.1367
IND201204AAA,Modinagar_SikriKla_DC (Uttar Pradesh),Modinagar,Uttar Pradesh,0.0004,0.0003,1,1,9,6,1.0,15.0,1.6429,555.0,0.0099,0.1594
IND321408AAB,Weir_BsstdDPP_D (Rajasthan),Weir,Rajasthan,0.0,0.0001,0,2,0,5,1.0,5.0,2.0625,553.0,0.0099,0.1349
IND470227AAB,Rehli_Ward7DPP_D (Madhya Pradesh),Rehli,Madhya Pradesh,0.0,0.0005,2,0,7,0,1.0,7.0,0.0,552.0,0.0099,0.115
IND201301AAL,Dadri_ICDCant_D (Uttar Pradesh),Dadri,Uttar Pradesh,0.0004,0.0003,2,2,29,16,0.0,45.0,1.5401,551.0,0.0099,0.1885
IND416122AAA,Kolhapur_Central_H_2 (Maharashtra),Kolhapur,Maharashtra,0.0002,0.0002,1,1,1,1,0.0,2.0,1.8887,550.0,0.0099,0.1129
IND500008AAD,Hyderabad_Tolichwk_L (Telangana),Hyderabad,Telangana,0.0,0.0001,0,1,0,6,0.0,6.0,3.2165,550.0,0.0099,0.1575
IND638657AAA,Dharapuram_Techrcly_D (Tamil Nadu),Dharapuram,Tamil Nadu,0.0,0.0006,1,1,15,16,0.0,31.0,1.4575,549.0,0.0098,0.179
IND482002AAA,Jabalpur (Madhya Pradesh),Jabalpur (Madhya Pradesh),Madhya Pradesh,0.0,0.0002,1,1,2,3,0.0,5.0,13.0,549.0,0.0098,0.2535
IND243301AAB,Aonla_KdidmCLY_D (Uttar Pradesh),Aonla,Uttar Pradesh,0.0004,0.0005,1,2,10,12,0.3333,22.0,1.3431,545.0,0.0098,0.1666
IND204215AAA,SikandraRao_JydevNGR_D (Uttar Pradesh),SikandraRao,Uttar Pradesh,0.0004,0.0002,1,1,4,6,0.0,10.0,3.1364,544.0,0.0097,0.1709
IND422103AAC,Sinnar_Central_D_1 (Maharashtra),Sinnar,Maharashtra,0.0008,0.0003,1,2,11,11,0.0,22.0,1.8,544.0,0.0097,0.173
IND628613AAA,Peikulam_SriVnktpm_D (Tamil Nadu),Peikulam,Tamil Nadu,0.0,0.0006,1,1,16,14,0.0,30.0,1.7553,543.0,0.0097,0.1827
IND148028AAA,Sunam_DC (Punjab),Sunam,Punjab,0.0,0.0001,0,2,0,12,0.0,12.0,1.8113,542.0,0.0097,0.1531
IND431001AAB,Aurangabad_Pratpngr_D (Maharashtra),Aurangabad,Maharashtra,0.0,0.0001,0,1,0,18,0.0,18.0,3.2614,541.0,0.0097,0.187
IND360510AAB,Bhanvad_Mainroad_D (Gujarat),Bhanvad,Gujarat,0.0,0.0006,1,1,10,13,0.0,23.0,1.4231,541.0,0.0097,0.1699
IND854335AAA,Narpatganj_Central_DPP_1 (Bihar),Narpatganj,Bihar,0.0008,0.0002,2,3,3,19,0.6667,22.0,2.2222,540.0,0.0097,0.178
IND563130AAA,Malur_NharuExt_D (Karnataka),Malur,Karnataka,0.0,0.0003,2,1,10,10,0.6667,20.0,1.3541,539.0,0.0097,0.1621
IND387001AAA,Nadiad_DC (Gujarat),Nadiad,Gujarat,0.0,0.0009,1,1,11,14,1.0,25.0,1.76,539.0,0.0097,0.1804
IND770001AAA,Sundargarh_DiyoDPP_D (Orissa),Sundargarh,Orissa,0.0,0.0003,2,1,6,6,0.0,12.0,1.553,539.0,0.0097,0.151
IND722154AAA,MirzapurWB_VidyaDPP_D (West Bengal),MirzapurWB,West Bengal,0.0004,0.0007,2,2,5,2,0.3333,7.0,3.6171,538.0,0.0096,0.174
IND805110AAD,Nawada_Central_DPP_2 (Bihar),Nawada,Bihar,0.0,0.0004,1,1,9,9,0.0,18.0,2.3333,537.0,0.0096,0.1749
IND414502AAA,Shevgaon_VidyaNgr_D (Maharashtra),Shevgaon,Maharashtra,0.0012,0.0004,1,1,7,7,0.0,14.0,1.5769,537.0,0.0096,0.1585
IND679531AAA,Shoranur_KdrShrRd_D (Kerala),Shoranur,Kerala,0.0012,0.0005,1,1,14,15,0.0,29.0,1.36,537.0,0.0096,0.1762
IND736146AAA,Mathabhang_Pshimpra_D (West Bengal),Mathabhang,West Bengal,0.0,0.0002,1,1,8,8,0.0,16.0,1.6316,537.0,0.0096,0.1589
IND622407AAA,Ponnamaravathi_Puduvalvu_D (Tamil Nadu),Ponnamaravathi,Tamil Nadu,0.0,0.0004,1,1,14,14,0.0,28.0,1.4777,534.0,0.0096,0.1742
IND262405AAA,Sitarganj_SidculRd_D (Uttarakhand),Sitarganj,Uttarakhand,0.0,0.0001,0,1,0,2,0.0,2.0,7.4878,532.0,0.0095,0.2001
IND207123AAA,Kasganj_BnkrGate_D (Uttar Pradesh),Kasganj,Uttar Pradesh,0.0,0.0002,1,1,2,1,0.0,3.0,8.098,530.0,0.0095,0.219
IND126102AAA,Jind_DC (Haryana),Jind,Haryana,0.0012,0.0003,1,2,4,7,0.3333,11.0,2.2286,530.0,0.0095,0.1608
IND400701AAA,Mumbai_Ghansoli_DC (Maharashtra),Mumbai,Maharashtra,0.0008,0.0001,1,2,1,18,0.3333,19.0,2.2676,527.0,0.0094,0.1739
IND110043AAC,Delhi_Nangli_L (Delhi),Delhi,Delhi,0.0,0.0003,1,1,9,1,0.0,10.0,1.6207,525.0,0.0094,0.1463
IND209625AAA,Farrukhbad_Pnchlght_D (Uttar Pradesh),Farrukhbad,Uttar Pradesh,0.0024,0.0008,2,1,11,11,0.3333,22.0,1.3636,525.0,0.0094,0.1728
IND824101AAA,AurngbadBR_Mahindra_D (Bihar),AurngbadBR,Bihar,0.0008,0.0004,2,2,9,11,0.0,20.0,1.9286,525.0,0.0094,0.1722
IND531036AAA,Chodavaram_BaljiDPP_D (Andhra Pradesh),Chodavaram,Andhra Pradesh,0.0004,0.0002,2,1,5,4,0.0,9.0,2.3606,524.0,0.0094,0.1558
IND425201AAA,Bhusawal_Samarth_D (Maharashtra),Bhusawal,Maharashtra,0.0,0.0007,1,1,7,9,1.0,16.0,1.9474,524.0,0.0094,0.1685
IND134203AAA,Naraingarh_Ward2DPP_D (Haryana),Naraingarh,Haryana,0.0004,0.0001,1,2,1,15,1.0,16.0,1.575,523.0,0.0094,0.1576
IND410505AAB,Rajgurunagar_Chakan_D (Maharashtra),Rajgurunagar,Maharashtra,0.0008,0.0004,2,2,9,7,0.6667,16.0,2.6,523.0,0.0094,0.1768
IND722101AAC,Bankura_BhowmDPP_D (West Bengal),Bankura,West Bengal,0.0,0.0005,2,0,9,0,1.0,9.0,0.0,523.0,0.0094,0.1207
IND461001AAA,Hoshangabad_MnRDDPP_D (Madhya Pradesh),Hoshangabad,Madhya Pradesh,0.0016,0.0003,1,1,5,1,0.0,6.0,4.7857,523.0,0.0094,0.1858
IND638501AAB,Anthiyour_TherSRT_D (Tamil Nadu),Anthiyour,Tamil Nadu,0.0,0.0007,1,1,3,14,0.0,17.0,1.4258,522.0,0.0093,0.1618
IND207001AAA,Etah_CivlLine_D (Uttar Pradesh),Etah,Uttar Pradesh,0.0008,0.0003,1,1,6,6,0.0,12.0,1.6025,518.0,0.0093,0.1524
IND641006AAD,Coimbatore_ElngoNgr_C (Tamil Nadu),Coimbatore,Tamil Nadu,0.0,0.0001,0,1,0,5,0.0,5.0,4.3333,518.0,0.0093,0.17
IND244601AAB,Thakurdwara_Fathuluh_D (Uttar Pradesh),Thakurdwara,Uttar Pradesh,0.0004,0.0006,2,1,9,9,0.6667,18.0,1.1235,518.0,0.0093,0.1584
IND695101AAB,Attingal_Central_D_2 (Kerala),Attingal,Kerala,0.0004,0.0003,2,2,21,21,0.3333,42.0,1.2667,517.0,0.0093,0.1814
IND142401AAA,Khanna_DC (Punjab),Khanna,Punjab,0.0,0.0006,2,1,15,6,1.0,21.0,1.875,517.0,0.0093,0.1734
IND721602AAB,Haldia_Central_D_2 (West Bengal),Haldia,West Bengal,0.0,0.0018,2,1,5,4,1.0,9.0,1.7979,517.0,0.0093,0.1622
IND421302AAN,GreaterThane_Anjur_C (Maharashtra),GreaterThane,Maharashtra,0.0,0.0001,0,1,0,16,0.0,16.0,2.5455,515.0,0.0092,0.1719
IND361001AAA,Jamnagar_Dc (Gujarat),Jamnagar,Gujarat,0.0,0.0001,0,1,0,16,0.0,16.0,1.7337,515.0,0.0092,0.1591
IND334001AAC,Bikaner_ITICollg_L (Rajasthan),Bikaner,Rajasthan,0.0048,0.0002,1,2,3,6,0.3333,9.0,1.6266,514.0,0.0092,0.1503
IND571313AAB,Chamarjngr_BrDbleRd_D (Karnataka),Chamarjngr,Karnataka,0.0004,0.0005,1,1,10,10,0.0,20.0,1.3809,514.0,0.0092,0.1647
IND262001AAA,Pilibhit_ViksClny_D (Uttar Pradesh),Pilibhit,Uttar Pradesh,0.0016,0.0006,2,2,5,7,0.6667,12.0,1.8272,513.0,0.0092,0.1603
IND764020AAC,Koraput_GhtimDPP_D (Orissa),Koraput,Orissa,0.0016,0.0001,1,1,1,1,1.0,2.0,2.25,511.0,0.0092,0.1198
IND201306AAA,Noida_Surajpur_DC (Uttar Pradesh),Noida,Uttar Pradesh,0.0,0.0001,0,2,0,9,1.0,9.0,3.2632,511.0,0.0092,0.1678
IND501359AAG,Hyderabad_South_R_11 (Telangana),Hyderabad,Telangana,0.0,0.0001,0,1,0,11,0.0,11.0,2.75,509.0,0.0091,0.1649
IND621010AAA,Thuraiyur_Mthrapuri_D (Tamil Nadu),Thuraiyur,Tamil Nadu,0.0,0.0002,1,1,15,16,0.0,31.0,1.4643,508.0,0.0091,0.174
IND581400AAB,Mallapur_ShtDRDPP_D (Karnataka),Mallapur,Karnataka,0.0,0.0005,2,1,13,12,0.6667,25.0,1.1727,507.0,0.0091,0.1665
IND484001AAA,Shahdol_Sohagpur_D (Madhya Pradesh),Shahdol,Madhya Pradesh,0.0016,0.0004,2,2,3,7,0.3333,10.0,1.9351,507.0,0.0091,0.155
IND141003AAB,Ludhiana_GillChwk_DC (Punjab),Ludhiana,Punjab,0.0,0.0001,0,3,0,29,1.0,29.0,1.6774,506.0,0.0091,0.1744
IND400612AAA,Mumbai_Mumbra_DC (Maharashtra),Mumbai,Maharashtra,0.0,0.0003,1,1,14,10,0.0,24.0,2.375,504.0,0.009,0.1825
IND788121AAA,Kabuganj_Jantaclg_D (Assam),Kabuganj,Assam,0.0004,0.0002,1,1,2,3,1.0,5.0,3.5,504.0,0.009,0.1579
IND211008AAA,Allahabad_Central_D_3 (Uttar Pradesh),Allahabad,Uttar Pradesh,0.0,0.0001,0,1,0,4,0.0,4.0,8.6562,502.0,0.009,0.2327
IND203131AAA,Khurja_Pnjbiyon_D (Uttar Pradesh),Khurja,Uttar Pradesh,0.0,0.0002,1,1,5,16,0.0,21.0,1.5,502.0,0.009,0.1636
IND571105AAA,Hunsur_RatnaDPP_D (Karnataka),Hunsur,Karnataka,0.0,0.0001,0,2,0,13,1.0,13.0,1.7,502.0,0.009,0.1526
IND415124AAA,Karad_Mundhe_D (Maharashtra),Karad,Maharashtra,0.0016,0.0003,1,1,13,16,0.0,29.0,1.0958,501.0,0.009,0.1699
IND733102AAA,Balurghat_AkhirDPP_D (West Bengal),Balurghat,West Bengal,0.0001,0.0003,2,1,11,1,0.3333,12.0,3.075,501.0,0.009,0.1744
IND507111AAA,Bhadrachalam_ITDARd_D (Telangana),Bhadrachalam,Telangana,0.0,0.0001,0,2,0,20,1.0,20.0,1.7147,501.0,0.009,0.1646
IND282005AAA,Agra (Uttar Pradesh),Agra (Uttar Pradesh),Uttar Pradesh,0.0,0.0002,1,0,2,0,0.0,2.0,0.0,500.0,0.009,0.0815
IND531163AAA,Bheemunipatnam_SaiTempl_D (Andhra Pradesh),Bheemunipatnam,Andhra Pradesh,0.0,0.0005,1,1,12,13,0.0,25.0,2.1818,498.0,0.0089,0.1825
IND732138AAA,Bamangola_Central_D_1 (West Bengal),Bamangola,West Bengal,0.0013,0.0003,1,3,2,7,0.3333,9.0,2.1176,498.0,0.0089,0.153
IND641664AAA,Tirpur_Palladam_DC (Tamil Nadu),Tirpur,Tamil Nadu,0.0,0.0006,2,1,15,15,0.3333,30.0,1.5,497.0,0.0089,0.1774
IND627811AAA,Tenkasi_RailwyRd_D (Tamil Nadu),Tenkasi,Tamil Nadu,0.0,0.0004,1,1,10,10,1.0,20.0,1.5232,496.0,0.0089,0.1639
IND562117AAA,Kanakapura_VaniThtr_D (Karnataka),Kanakapura,Karnataka,0.0004,0.0002,1,1,11,10,0.0,21.0,1.1563,496.0,0.0089,0.1586
IND796081AAA,Kolasib_Diakkawn_D (Mizoram),Kolasib,Mizoram,0.0004,0.0003,1,1,3,1,1.0,4.0,2.6389,495.0,0.0089,0.1397
IND487001AAB,Narsinghpur_KndliDPP_D (Madhya Pradesh),Narsinghpur,Madhya Pradesh,0.0,0.0004,1,1,5,4,0.0,9.0,1.6277,495.0,0.0089,0.1447
IND712602AAA,Arambag_BalibDPP_D (West Bengal),Arambag,West Bengal,0.0016,0.0007,2,2,4,3,0.3333,7.0,3.5385,494.0,0.0088,0.1737
IND332713AAA,NeemKaThana_War5DPP_D (Rajasthan),NeemKaThana,Rajasthan,0.0008,0.0003,1,2,2,7,0.0,9.0,2.2188,494.0,0.0088,0.1544
IND454001AAA,Dhar_Trimurti_D (Madhya Pradesh),Dhar,Madhya Pradesh,0.0,0.0001,0,1,0,17,0.0,17.0,1.1461,493.0,0.0088,0.1509
IND608001AAA,Chidambaram_ARBNorth_DC (Tamil Nadu),Chidambaram,Tamil Nadu,0.0028,0.0006,1,1,11,7,0.0,18.0,2.7333,491.0,0.0088,0.1865
IND271201AAA,Balrampur_PBRDDPP_D (Uttar Pradesh),Balrampur,Uttar Pradesh,0.0,0.0008,1,1,4,6,1.0,10.0,2.3667,491.0,0.0088,0.1627
IND574211AAA,Bantwal_Trmltmpl_D (Karnataka),Bantwal,Karnataka,0.0016,0.0005,1,2,8,6,0.3333,14.0,2.5526,489.0,0.0088,0.1744
IND700144AAA,Baruipur_Bnsibtla_D (West Bengal),Baruipur,West Bengal,0.0004,0.0005,1,1,5,4,1.0,9.0,3.0476,487.0,0.0087,0.1683
IND364710AAA,Botad_DC (Gujarat),Botad,Gujarat,0.0,0.0004,1,0,13,0,0.0,13.0,0.0,484.0,0.0087,0.128
IND125033AAA,Hansi_DelRdDPP_D (Haryana),Hansi,Haryana,0.0,0.0002,2,2,6,5,0.8333,11.0,2.0,480.0,0.0086,0.1537
IND282001AAF,Agra_Central_D_3 (Uttar Pradesh),Agra,Uttar Pradesh,0.0,0.0001,0,1,0,18,0.0,18.0,2.2442,479.0,0.0086,0.1695
IND781003AAA,Guwahati_Chandmari (Assam),Guwahati,Assam,0.0,0.0004,1,1,7,3,0.0,10.0,3.1081,478.0,0.0086,0.1705
IND423105AAA,Malegaon_Rawlgaon_D (Maharashtra),Malegaon,Maharashtra,0.0,0.0003,2,2,9,8,0.3333,17.0,1.4706,477.0,0.0085,0.1581
IND636016AAA,Salem (Tamil Nadu),Salem (Tamil Nadu),Tamil Nadu,0.0,0.0002,1,2,4,16,0.3333,20.0,1.5162,476.0,0.0085,0.1617
IND403507AAA,Panaji Goa (Goa),Panaji Goa (Goa),Goa,0.0,0.0005,1,1,5,3,0.0,8.0,1.6129,476.0,0.0085,0.1421
IND638401AAA,Sathyamangalam_Mlydpthr_D (Tamil Nadu),Sathyamangalam,Tamil Nadu,0.0,0.0006,1,1,12,12,0.0,24.0,1.0015,476.0,0.0085,0.1632
IND414001AAA,AhmedNagar_DC (Maharashtra),AhmedNagar,Maharashtra,0.0012,0.0002,1,3,3,3,0.6667,6.0,1.814,472.0,0.0085,0.136
IND400016AAB,Mumbai_MhimWest_C (Maharashtra),Mumbai,Maharashtra,0.0,0.0001,0,2,0,16,0.0,16.0,2.9199,470.0,0.0084,0.1768
IND799250AAA,Dharmanagr_Ranakant_D (Tripura),Dharmanagr,Tripura,0.0004,0.0002,1,1,1,1,0.0,2.0,2.7258,470.0,0.0084,0.1245
IND127201AAA,Loharu_BstndDPP_D (Haryana),Loharu,Haryana,0.0012,0.0005,1,1,8,3,0.0,11.0,2.4375,470.0,0.0084,0.1647
IND531001AAA,Anakapalle_Kothuru_D (Andhra Pradesh),Anakapalle,Andhra Pradesh,0.0004,0.0003,2,2,6,6,1.0,12.0,2.0,470.0,0.0084,0.1574
IND383001AAA,Himmatnagar_DC (Gujarat),Himmatnagar,Gujarat,0.0008,0.0004,1,1,11,13,1.0,24.0,1.2195,469.0,0.0084,0.1657
IND123106AAB,Dharuhera_Central_DPP_2 (Haryana),Dharuhera,Haryana,0.0,0.0004,1,0,10,0,0.0,10.0,0.0,467.0,0.0084,0.1206
IND602001AAA,Chennai_Thiruvlr_DC (Tamil Nadu),Chennai,Tamil Nadu,0.0,0.0006,1,1,9,3,1.0,12.0,3.6667,466.0,0.0083,0.1855
IND124001AAB,Rohtak (Haryana),Rohtak (Haryana),Haryana,0.0012,0.0002,1,1,4,4,0.0,8.0,2.5203,466.0,0.0083,0.1548
IND786184AAA,Chabua_CollgeRD_D (Assam),Chabua,Assam,0.002,0.0005,1,2,10,7,1.0,17.0,2.5333,466.0,0.0083,0.1795
IND384265AAB,Patan_Central_D_2 (Gujarat),Patan,Gujarat,0.0012,0.0004,1,2,12,12,0.3333,24.0,1.298,466.0,0.0083,0.1667
IND600048AAA,Chennai_Vandalur_Dc (Tamil Nadu),Chennai,Tamil Nadu,0.0,0.0004,2,1,15,1,1.0,16.0,2.2727,465.0,0.0083,0.1699
IND673573AAA,Thamarassery_Chungam_D (Kerala),Thamarassery,Kerala,0.0,0.0001,0,1,0,12,0.0,12.0,1.6019,464.0,0.0083,0.148
IND246701AAA,Bijnor_NaginaRd_D (Uttar Pradesh),Bijnor,Uttar Pradesh,0.002,0.0007,1,1,10,12,0.0,22.0,1.9231,464.0,0.0083,0.1786
IND247776AAA,Shamli_KarnalRd_D (Uttar Pradesh),Shamli,Uttar Pradesh,0.0008,0.0003,1,1,11,9,0.0,20.0,1.7778,463.0,0.0083,0.1676
IND121004AAC,Faridabad_MohnVRTL_D (Haryana),Faridabad,Haryana,0.0,0.0003,1,1,9,6,0.0,15.0,4.0956,462.0,0.0083,0.1951
IND303002AAA,Achrol_BgwriDPP_D (Rajasthan),Achrol,Rajasthan,0.0008,0.0003,1,1,9,10,1.0,19.0,1.8571,461.0,0.0083,0.1673
IND560064AAA,Bengaluru_NwYlhnka_DC (Karnataka),Bengaluru,Karnataka,0.0,0.0006,1,0,39,0,0.0,39.0,0.0,461.0,0.0083,0.1606
IND591237AAB,Nipani_AkkolRD_D (Karnataka),Nipani,Karnataka,0.002,0.0004,1,1,10,4,0.0,14.0,1.5682,459.0,0.0082,0.1582
IND742147AAA,Khargram_BoiDPP_D (West Bengal),Khargram,West Bengal,0.0016,0.0008,1,1,11,3,0.0,14.0,1.8333,458.0,0.0082,0.1652
IND586101AAB,Bijapur_Central_D_2 (Karnataka),Bijapur,Karnataka,0.0016,0.0003,2,1,5,5,0.3333,10.0,2.0698,458.0,0.0082,0.1548
IND483770AAA,Barhi_Central_DPP_1 (Madhya Pradesh),Barhi,Madhya Pradesh,0.0008,0.001,1,1,3,2,1.0,5.0,2.4853,455.0,0.0081,0.1498
IND688524AAA,Cherthala_Mulapali_D (Kerala),Cherthala,Kerala,0.0,0.0001,0,1,0,7,0.0,7.0,2.2692,455.0,0.0081,0.1443
IND425405AAA,Shirpur_KrantiNgr_D (Maharashtra),Shirpur,Maharashtra,0.0004,0.0005,2,2,7,3,0.6667,10.0,2.3256,453.0,0.0081,0.1592
IND303106AAA,Paota_SmClyDPP_D (Rajasthan),Paota,Rajasthan,0.0004,0.0002,1,2,9,11,0.3333,20.0,1.7143,452.0,0.0081,0.1651
IND581320AAA,Bhatkal_KmkshBul_D (Karnataka),Bhatkal,Karnataka,0.0083,0.0007,2,2,5,5,0.0,10.0,1.7222,451.0,0.0081,0.1635
IND173220AAA,Parwanoo_Central_D_1 (Himachal Pradesh),Parwanoo,Himachal Pradesh,0.0,0.0004,1,2,5,3,1.0,8.0,3.1905,447.0,0.008,0.1653
IND534001AAA,Eluru_Agraharm_DC (Andhra Pradesh),Eluru,Andhra Pradesh,0.0012,0.0004,1,2,4,15,0.6667,19.0,1.8,447.0,0.008,0.1682
IND424101AAA,Chalisgaon_BhadgDPP_D (Maharashtra),Chalisgaon,Maharashtra,0.0,0.0003,1,1,8,1,0.0,9.0,1.625,446.0,0.008,0.142
IND211013AAA,Allahabad_Phaphamu_DC (Uttar Pradesh),Allahabad,Uttar Pradesh,0.0,0.0003,1,0,7,0,0.0,7.0,0.0,446.0,0.008,0.1101
IND781001AAA,Guwahati_UzanBazr_DC (Assam),Guwahati,Assam,0.0,0.0001,0,1,0,10,0.0,10.0,2.4204,443.0,0.0079,0.1556
IND343001AAA,Jalore_RoopNgr_D (Rajasthan),Jalore,Rajasthan,0.002,0.0002,1,1,5,2,0.0,7.0,1.3154,443.0,0.0079,0.133
IND000000AFF,Darjeeling_Hillcard_DC (West Bengal),Darjeeling,West Bengal,0.0,0.0002,1,1,3,3,0.0,6.0,4.8421,440.0,0.0079,0.1818
IND244921AAB,Bilaspur_GrmNgriya_D (Uttar Pradesh),Bilaspur,Uttar Pradesh,0.0016,0.0005,2,2,6,3,0.5,9.0,2.0241,440.0,0.0079,0.1527
IND383315AAC,Modasa_Central_D_1 (Gujarat),Modasa,Gujarat,0.0008,0.0005,1,2,13,13,0.6667,26.0,1.2151,439.0,0.0079,0.1677
IND623407AAA,Thiruvadanai_RamnadRD_D (Tamil Nadu),Thiruvadanai,Tamil Nadu,0.0,0.0005,1,1,15,15,0.0,30.0,1.0417,439.0,0.0079,0.1678
IND226004AAA,Lucknow_Hub (Uttar Pradesh),Lucknow,Uttar Pradesh,0.0,0.0001,0,2,0,7,0.0,7.0,3.85,438.0,0.0078,0.1689
IND787059AAB,Silapathar_Hejunagr_D (Assam),Silapathar,Assam,0.0016,0.0004,1,1,10,1,0.0,11.0,2.7183,438.0,0.0078,0.1686
IND614616AAA,Aranthangi_HsptlRod_D (Tamil Nadu),Aranthangi,Tamil Nadu,0.0,0.0003,1,1,16,16,0.0,32.0,1.5971,437.0,0.0078,0.1762
IND691506AAA,Kottarakkara_Amankovl_D (Kerala),Kottarakkara,Kerala,0.0,0.001,1,1,21,20,0.0,41.0,1.5279,435.0,0.0078,0.1893
IND273155AAA,Anandnagar_LohiaDPP_D (Uttar Pradesh),Anandnagar,Uttar Pradesh,0.0,0.0003,1,2,5,2,0.0,7.0,2.1417,435.0,0.0078,0.144
IND629001AAA,Nagarcoil_AsrplmRd_DC (Tamil Nadu),Nagarcoil,Tamil Nadu,0.0,0.0005,2,0,12,0,1.0,12.0,0.0,430.0,0.0077,0.1255
IND577132AAD,Mudigere_HesglDPP_D (Karnataka),Mudigere,Karnataka,0.0008,0.0006,1,1,7,11,1.0,18.0,1.84,430.0,0.0077,0.1681
IND232104AAB,Chandauli_ShubsNGR_D (Uttar Pradesh),Chandauli,Uttar Pradesh,0.0,0.0002,1,3,7,4,0.0,11.0,2.2525,429.0,0.0077,0.1562
IND733140AAA,Gangarampr_FulbaDPP_D (West Bengal),Gangarampr,West Bengal,0.0,0.0002,1,2,2,10,0.6667,12.0,1.8113,428.0,0.0077,0.1511
IND784125AAA,Mangaldoi_LNBRoad_D (Assam),Mangaldoi,Assam,0.0004,0.0003,1,1,4,3,1.0,7.0,2.5833,427.0,0.0076,0.151
IND767017AAA,Sonepur_BrezeDPP_D (Orissa),Sonepur,Orissa,0.0,0.0013,2,2,4,3,0.0,7.0,2.2785,426.0,0.0076,0.1565
IND332404AAA,Reengus_Shop2DPP_D (Rajasthan),Reengus,Rajasthan,0.008,0.0003,2,1,9,12,0.6667,21.0,1.4189,423.0,0.0076,0.1743
IND571111AAB,Gundlupet_Swamylyt_D (Karnataka),Gundlupet,Karnataka,0.0008,0.0005,1,1,8,10,0.0,18.0,1.7169,423.0,0.0076,0.1652
IND274304AAA,Kushinagar_KasyaDPP_D (Uttar Pradesh),Kushinagar,Uttar Pradesh,0.0,0.0005,2,1,3,6,0.0,9.0,5.0385,423.0,0.0076,0.1972
IND764059AAA,Nabarangpr_PhdofDPP_D (Orissa),Nabarangpr,Orissa,0.0016,0.0004,1,1,7,3,0.0,10.0,1.8889,423.0,0.0076,0.1522
IND231205AAA,Chopan_PreetDPP_D (Uttar Pradesh),Chopan,Uttar Pradesh,0.0,0.0003,1,1,4,3,1.0,7.0,3.3,422.0,0.0076,0.1619
IND176110AAB,Sujanpur_SainkSCL_D (Himachal Pradesh),Sujanpur,Himachal Pradesh,0.0004,0.0002,1,1,7,9,0.0,16.0,2.1,420.0,0.0075,0.1642
IND410210AAA,Mumbai_Kharghar_D (Maharashtra),Mumbai,Maharashtra,0.0,0.0003,1,0,13,0,0.0,13.0,0.0,419.0,0.0075,0.1259
IND686540AAA,Karukachal_MnimlaRd_D (Kerala),Karukachal,Kerala,0.0,0.0003,2,1,9,2,0.3333,11.0,1.9459,418.0,0.0075,0.1519
IND505302AAB,Vemulawada_Central_DPP_2 (Telangana),Vemulawada,Telangana,0.002,0.0005,2,3,13,10,0.4,23.0,1.1629,418.0,0.0075,0.1654
IND141115AAA,Machhiwara_MnBzrDPP_D (Punjab),Machhiwara,Punjab,0.0006,0.0005,2,1,9,14,0.3333,23.0,1.4474,416.0,0.0075,0.1673
IND226016AAA,Lucknow_Indira Nagar (Uttar Pradesh),Lucknow,Uttar Pradesh,0.0,0.0002,1,0,6,0,0.0,6.0,0.0,416.0,0.0075,0.1045
IND786125AAA,Tinusukia_Chrwpaty_D (Assam),Tinusukia,Assam,0.0,0.0005,2,1,6,7,1.0,13.0,3.0625,416.0,0.0075,0.1757
IND625516AAA,Cumbum_LFRoad_D (Tamil Nadu),Cumbum,Tamil Nadu,0.0,0.0004,2,1,8,7,0.3333,15.0,1.9348,415.0,0.0074,0.1611
IND591201AAA,Chikodi_IndraNgr_D (Karnataka),Chikodi,Karnataka,0.002,0.0005,1,2,4,11,0.3333,15.0,1.4426,415.0,0.0074,0.1574
IND854334AAA,Raniganj_Central_DPP_1 (Bihar),Raniganj,Bihar,0.0012,0.0005,2,3,9,16,0.6,25.0,1.2857,415.0,0.0074,0.1677
IND621112AAA,Tiruchi_Samyaprm_D (Tamil Nadu),Tiruchi,Tamil Nadu,0.0,0.0002,1,1,25,1,0.0,26.0,6.4583,414.0,0.0074,0.2457
IND131021AAA,Sonipat_AmzonDev_V (Haryana),Sonipat,Haryana,0.0,0.0001,0,1,0,58,0.0,58.0,1.625,414.0,0.0074,0.191
IND410503AAA,Ambegaon_Manchar_D (Maharashtra),Ambegaon,Maharashtra,0.0,0.0002,1,1,3,2,1.0,5.0,4.1087,414.0,0.0074,0.1645
IND131028AAA,Sonipat_Kundli_P (Haryana),Sonipat,Haryana,0.0,0.0002,1,0,58,0,0.0,58.0,0.0,414.0,0.0074,0.1663
IND122001AAJ,Mahbubabad_Yellanda_D (Telangana),Mahbubabad,Telangana,0.0012,0.0008,1,1,19,13,0.0,32.0,0.7759,412.0,0.0074,0.1693
IND516227AAA,Badvel_Sidrd_D (Andhra Pradesh),Badvel,Andhra Pradesh,0.0012,0.0004,1,1,2,2,0.0,4.0,2.1595,408.0,0.0073,0.1326
IND410501AAF,Talegaon_Central_DPP_4 (Maharashtra),Talegaon,Maharashtra,0.0004,0.0003,1,1,5,4,1.0,9.0,5.2009,405.0,0.0073,0.1987
IND488001AAA,Panna_Mohnprwa_D (Madhya Pradesh),Panna,Madhya Pradesh,0.0012,0.0002,1,1,3,4,1.0,7.0,2.1687,402.0,0.0072,0.1446
IND626117AAA,Rajpalayam_AshkTalk_D (Tamil Nadu),Rajpalayam,Tamil Nadu,0.0,0.0018,1,1,17,9,0.0,26.0,1.24,401.0,0.0072,0.1794
IND246725AAB,Chandpur_NorprRD_D (Uttar Pradesh),Chandpur,Uttar Pradesh,0.002,0.0007,1,1,14,10,0.0,24.0,1.4844,401.0,0.0072,0.1723
IND284001AAA,Jhansi_LVMColge_D (Uttar Pradesh),Jhansi,Uttar Pradesh,0.0,0.0001,0,1,0,6,0.0,6.0,1.7266,399.0,0.0071,0.1304
IND602001AAB,Kumbakonam_Mettu_DC (Tamil Nadu),Kumbakonam,Tamil Nadu,0.0,0.0001,0,1,0,11,0.0,11.0,2.2963,399.0,0.0071,0.155
IND781354AAA,Rangia_HosptlRd_D (Assam),Rangia,Assam,0.0032,0.0005,1,1,8,2,0.0,10.0,3.1333,397.0,0.0071,0.1743
IND673506AAA,Kallachi_ZamQuatr_D (Kerala),Kallachi,Kerala,0.0012,0.0005,1,1,17,17,0.0,34.0,1.4583,396.0,0.0071,0.179
IND281401AAA,Chhata_GvrdnDPP_D (Uttar Pradesh),Chhata,Uttar Pradesh,0.0,0.0001,0,2,0,12,1.0,12.0,1.4459,396.0,0.0071,0.1438
IND140401AAA,Rajpura_DC (Punjab),Rajpura,Punjab,0.0004,0.0004,2,3,8,7,0.5,15.0,1.5806,393.0,0.007,0.155
IND562108AAA,Gauribidanur_Gurukrpa_D (Karnataka),Gauribidanur,Karnataka,0.0,0.0008,1,1,12,2,1.0,14.0,2.9288,393.0,0.007,0.1781
IND282001AAC,Agra_Idgah_L (Uttar Pradesh),Agra,Uttar Pradesh,0.0,0.0001,1,1,1,2,1.0,3.0,1.6307,392.0,0.007,0.1127
IND477001AAA,Bhind_BhrolDPP_D (Madhya Pradesh),Bhind,Madhya Pradesh,0.0008,0.0005,1,1,6,1,1.0,7.0,3.3636,392.0,0.007,0.1649
IND243201AAA,Baheri_HoliCDPP_D (Uttar Pradesh),Baheri,Uttar Pradesh,0.0,0.0004,2,1,3,4,1.0,7.0,2.0205,392.0,0.007,0.1418
IND361315AAA,Bhatiya_Kalyanpr_D (Gujarat),Bhatiya,Gujarat,0.0,0.0003,1,1,10,11,1.0,21.0,1.5556,390.0,0.007,0.1623
IND573103AAA,Arsikere_HsnRdDPP_D (Karnataka),Arsikere,Karnataka,0.0004,0.0004,2,2,6,7,0.6667,13.0,1.44,390.0,0.007,0.1494
IND160102AAD,Chandigarh_Raiprkln_C (Chandigarh),Chandigarh,Chandigarh,0.0,0.0001,0,2,0,15,0.0,15.0,1.6176,386.0,0.0069,0.1523
IND609110AAA,Sirkazhi_Pngktgudi_D (Tamil Nadu),Sirkazhi,Tamil Nadu,0.0028,0.0006,1,1,7,8,0.0,15.0,1.9292,386.0,0.0069,0.1665
IND762001AAA,Phulbani_Krusphrma_D (Orissa),Phulbani,Orissa,0.0,0.0004,1,1,1,1,0.0,2.0,2.3242,385.0,0.0069,0.1178
IND505326AAB,UNKNOWN,UNKNOWN,UNKNOWN,0.0004,0.0003,2,3,5,3,0.6,8.0,2.0435,385.0,0.0069,0.1451
IND000000ACS,BLR_HSR_Layout_PC (Karnataka),BLR,Karnataka,0.0,0.0004,4,0,9,0,0.5,9.0,0.0,384.0,0.0069,0.116
IND231217AAA,Renukoot_Govind_D (Uttar Pradesh),Renukoot,Uttar Pradesh,0.0,0.0002,1,1,6,7,0.0,13.0,2.4,384.0,0.0069,0.1617
IND332709AAA,Khandela_PlsrdDPP_D (Rajasthan),Khandela,Rajasthan,0.0,0.0004,1,0,6,0,0.0,6.0,0.0,382.0,0.0068,0.1052
IND223101AAB,Shahganj_KcharaRD_D (Uttar Pradesh),Shahganj,Uttar Pradesh,0.0008,0.0003,1,1,7,7,0.0,14.0,2.0741,381.0,0.0068,0.1609
IND144401AAB,Phagwara_Lovely_D (Punjab),Phagwara,Punjab,0.0,0.0007,1,1,14,17,0.0,31.0,1.9167,380.0,0.0068,0.1826
IND231225AAB,Anpara_Parasi_D (Uttar Pradesh),Anpara,Uttar Pradesh,0.0,0.0003,1,1,7,7,0.0,14.0,1.6296,373.0,0.0067,0.1521
IND803213AAA,Barh_Malahi_D (Bihar),Barh,Bihar,0.0,0.0001,0,2,0,5,1.0,5.0,2.4167,373.0,0.0067,0.1361
IND732103AAA,Malda_krshnPly_DC (West Bengal),Malda,West Bengal,0.0017,0.0002,2,1,2,2,0.3333,4.0,2.8514,373.0,0.0067,0.1409
IND276305AAA,Saraimeer_MsmcyDPP_D (Uttar Pradesh),Saraimeer,Uttar Pradesh,0.0012,0.0002,1,1,6,7,0.0,13.0,2.0769,373.0,0.0067,0.1585
IND241124AAB,Shahabad_KDRoad_D (Uttar Pradesh),Shahabad,Uttar Pradesh,0.0024,0.0008,1,1,11,4,0.0,15.0,2.1857,372.0,0.0067,0.1714
IND322001AAC,SawaiMadhopur_Central_DPP_1 (Rajasthan),SawaiMadhopur,Rajasthan,0.0,0.0005,1,1,1,3,1.0,4.0,1.7131,372.0,0.0067,0.1232
IND486001AAA,Rewa_Dc (Madhya Pradesh),Rewa,Madhya Pradesh,0.0009,0.0003,2,1,2,2,1.0,4.0,2.6643,371.0,0.0066,0.1376
IND561207AAB,Bagepalli_TBCross_D (Karnataka),Bagepalli,Karnataka,0.0004,0.0008,1,2,13,13,0.6667,26.0,1.3404,370.0,0.0066,0.1707
IND421802AAA,Khandala_Satara_D (Maharashtra),Khandala,Maharashtra,0.0004,0.0004,1,1,2,7,0.0,9.0,1.6933,369.0,0.0066,0.1432
IND803212AAB,Bakhtiarpur_BypassRD_D (Bihar),Bakhtiarpur,Bihar,0.0,0.0003,2,0,4,0,1.0,4.0,0.0,369.0,0.0066,0.0945
IND591115AAB,Kittur_ColageRD_D (Karnataka),Kittur,Karnataka,0.0012,0.0004,2,2,6,6,1.0,12.0,1.8333,368.0,0.0066,0.1536
IND144001AAA,Jalandhar_DC (Punjab),Jalandhar,Punjab,0.0008,0.0002,1,1,2,16,1.0,18.0,1.8724,365.0,0.0065,0.1633
IND606803AAA,Polur_StationRD_D (Tamil Nadu),Polur,Tamil Nadu,0.0004,0.0004,1,1,11,13,0.0,24.0,1.3478,365.0,0.0065,0.1636
IND431107AAB,Paithan_SantaNGR_D (Maharashtra),Paithan,Maharashtra,0.0012,0.0005,1,1,7,6,0.0,13.0,1.87,364.0,0.0065,0.1573
IND423106AAA,Manmad_Malegaon_D (Maharashtra),Manmad,Maharashtra,0.0,0.0002,2,1,6,8,1.0,14.0,1.5276,364.0,0.0065,0.1497
IND521105AAA,HanumanJNC_VijywdRD_D (Andhra Pradesh),HanumanJNC,Andhra Pradesh,0.0012,0.0007,1,2,3,8,0.3333,11.0,2.143,363.0,0.0065,0.1595
IND535558AAA,Bobbili_ColegRd_D (Andhra Pradesh),Bobbili,Andhra Pradesh,0.0016,0.0007,1,1,3,20,0.0,23.0,1.5652,358.0,0.0064,0.1713
IND210301AAA,Hamirpur_KanpurRd_D (Uttar Pradesh),Hamirpur,Uttar Pradesh,0.0,0.0006,1,0,15,0,0.0,15.0,0.0,358.0,0.0064,0.1305
IND174021AAA,Ghumarwin_Gndhichk_D (Himachal Pradesh),Ghumarwin,Himachal Pradesh,0.0,0.0001,0,1,0,12,0.0,12.0,2.0867,357.0,0.0064,0.1528
IND506001AAC,Warangal_Central_D_2 (Telangana),Warangal,Telangana,0.0,0.0001,0,2,0,15,1.0,15.0,1.5882,357.0,0.0064,0.1509
IND480106AAA,Sausar_Central_DPP_1 (Madhya Pradesh),Sausar,Madhya Pradesh,0.0,0.0005,1,0,21,0,0.0,21.0,0.0,357.0,0.0064,0.1391
IND721434AAB,Manglamaro_Bypassrd_D (West Bengal),Manglamaro,West Bengal,0.0008,0.0003,1,1,2,2,0.0,4.0,2.47,356.0,0.0064,0.1342
IND695572AAB,Kallikkad_Mutyvila_D (Kerala),Kallikkad,Kerala,0.0004,0.0006,3,2,19,14,0.6667,33.0,1.5,355.0,0.0064,0.1765
IND792110AAA,Roing_DibngVly_D (Arunachal Pradesh),Roing,Arunachal Pradesh,0.0,0.0005,1,1,2,2,1.0,4.0,2.5051,354.0,0.0063,0.1357
IND781005AAA,Guwahati_North (Assam),Guwahati,Assam,0.0,0.0004,1,1,6,10,0.0,16.0,1.3333,354.0,0.0063,0.1513
IND507167AAA,Tallada_PtrlBunk_D (Telangana),Tallada,Telangana,0.0,0.0003,1,0,9,0,0.0,9.0,0.0,353.0,0.0063,0.1145
IND757025AAA,Betnoti_MhliaDPP_D (Orissa),Betnoti,Orissa,0.0004,0.0007,1,1,8,6,1.0,14.0,2.0889,351.0,0.0063,0.1637
IND781014AAA,Guwahati_Jalukbari (Assam),Guwahati,Assam,0.0,0.0001,0,2,0,12,0.0,12.0,2.2889,351.0,0.0063,0.1558
IND486886AAA,Singrauli_Waidhan_D (Madhya Pradesh),Singrauli,Madhya Pradesh,0.0,0.0004,1,1,7,7,0.0,14.0,2.4,350.0,0.0063,0.1643
IND125121AAA,Barwala_Central_DPP_1 (Haryana),Barwala,Haryana,0.0016,0.0007,1,1,2,3,0.0,5.0,3.9,350.0,0.0063,0.1674
IND110014AAA,Delhi_Bhogal (Delhi),Delhi,Delhi,0.0,0.0018,1,1,9,11,0.0,20.0,3.4286,350.0,0.0063,0.2048
IND801103AAA,Bihta_ShivNgar_D (Bihar),Bihta,Bihar,0.0,0.0001,0,1,0,11,0.0,11.0,2.6667,349.0,0.0063,0.1594
IND781102AAA,Hajo_Sardala_D (Assam),Hajo,Assam,0.0004,0.0002,2,1,5,2,0.0,7.0,4.3456,348.0,0.0062,0.1756
IND759122AAC,Angul_Central_I_2 (Orissa),Angul,Orissa,0.0,0.0005,1,1,1,1,0.0,2.0,1.6795,347.0,0.0062,0.1071
IND415409AAB,Islampur_Shantanu_D (Maharashtra),Islampur,Maharashtra,0.0016,0.0002,1,1,4,13,0.0,17.0,1.6667,347.0,0.0062,0.1592
IND712406AAA,Khanakul_Ramnagar_D (West Bengal),Khanakul,West Bengal,0.0016,0.0004,1,2,6,4,0.0,10.0,2.3231,346.0,0.0062,0.1572
IND388121AAA,Anand_VUNagar_DC (Gujarat),Anand,Gujarat,0.0004,0.0002,1,1,1,11,1.0,12.0,1.5581,345.0,0.0062,0.1454
IND628204AAA,Tirchchndr_Shnmgprm_D (Tamil Nadu),Tirchchndr,Tamil Nadu,0.0,0.0006,1,1,17,17,0.0,34.0,1.2439,344.0,0.0062,0.1724
IND680712AAA,Irinjlkuda_Greens_D (Kerala),Irinjlkuda,Kerala,0.0,0.0002,1,1,7,9,1.0,16.0,1.6579,343.0,0.0061,0.1544
IND571430AAA,Malavalli_SulthnRd_D (Karnataka),Malavalli,Karnataka,0.0004,0.0006,2,1,11,10,0.3333,21.0,1.5236,342.0,0.0061,0.1648
IND396445AAA,Navsari_DC (Gujarat),Navsari,Gujarat,0.0,0.0003,1,1,7,7,0.0,14.0,2.2,341.0,0.0061,0.1605
IND562101AAA,Chikblapur_ShntiSgr_D (Karnataka),Chikblapur,Karnataka,0.0008,0.0008,2,1,13,13,0.6667,26.0,1.1579,340.0,0.0061,0.1677
IND275503AAA,Ghosi_Jamalpur_D (Uttar Pradesh),Ghosi,Uttar Pradesh,0.0,0.0007,2,1,3,4,0.3333,7.0,4.2692,340.0,0.0061,0.1785
IND176041AAA,Bhota_BpassDPP_D (Himachal Pradesh),Bhota,Himachal Pradesh,0.0,0.0005,2,0,19,0,1.0,19.0,0.0,340.0,0.0061,0.1361
IND768004AAD,Sambalpur_Central_H_2 (Orissa),Sambalpur,Orissa,0.0,0.0009,1,2,2,3,0.0,5.0,2.8,339.0,0.0061,0.1491
IND400052AAA,Mumbai_Khar West _Dc (Maharashtra),Mumbai,Maharashtra,0.0,0.0002,1,0,8,0,0.0,8.0,0.0,339.0,0.0061,0.1098
IND577101AAA,Chikmagalur_DC (Karnataka),Chikmagalur,Karnataka,0.0008,0.0007,3,2,10,9,0.3333,19.0,2.1429,339.0,0.0061,0.173
IND520011AAA,Vijayawada (Andhra Pradesh),Vijayawada (Andhra Pradesh),Andhra Pradesh,0.0,0.0001,1,1,1,8,0.0,9.0,2.0,339.0,0.0061,0.1435
IND431001AAA,Aurangabad (Maharashtra),Aurangabad (Maharashtra),Maharashtra,0.0,0.0004,1,0,18,0,0.0,18.0,0.0,339.0,0.0061,0.1337
IND341512AAA,Parbatsar_AjmhwDPP_D (Rajasthan),Parbatsar,Rajasthan,0.0016,0.0006,1,1,6,5,0.0,11.0,1.7273,338.0,0.0061,0.1518
IND507123AAA,Yellandu_Sudimala_D (Telangana),Yellandu,Telangana,0.0012,0.0008,1,1,13,12,0.0,25.0,1.4241,337.0,0.006,0.1704
IND639001AAA,Karur (Tamil Nadu),Karur (Tamil Nadu),Tamil Nadu,0.0,0.0001,0,1,0,9,0.0,9.0,1.7091,337.0,0.006,0.1386
IND505327AAA,Jagtial_Aravind_D (Telangana),Jagtial,Telangana,0.0016,0.0006,4,1,9,12,0.4,21.0,1.5476,337.0,0.006,0.166
IND505425AAA,DhrmpuriTS_HanumDPP_D (Telangana),DhrmpuriTS,Telangana,0.002,0.0008,3,2,14,2,0.4,16.0,2.6369,336.0,0.006,0.1787
IND811105AAA,Sheikhpura_Bgwtichk_D (Bihar),Sheikhpura,Bihar,0.0,0.0002,1,1,3,2,1.0,5.0,2.7136,336.0,0.006,0.1402
IND574117AAA,Uchila_Busstand_D (Karnataka),Uchila,Karnataka,0.0038,0.0004,1,2,5,3,0.6667,8.0,1.7143,336.0,0.006,0.1441
IND274402AAA,Kushinagar_JiswlDPP_D (Uttar Pradesh),Kushinagar,Uttar Pradesh,0.0,0.0004,1,2,2,5,0.3333,7.0,3.0,335.0,0.006,0.1555
IND122050AAA,Gurgaon_Manesar (Haryana),Gurgaon,Haryana,0.0,0.0004,2,0,11,0,1.0,11.0,0.0,335.0,0.006,0.1192
IND786602AAA,Duliajan_StatonRd_D (Assam),Duliajan,Assam,0.0,0.0006,1,0,13,0,0.0,13.0,0.0,335.0,0.006,0.1266
IND691574AAA,Kalluvathukal_Pariplly_D (Kerala),Kalluvathukal,Kerala,0.0,0.0004,2,1,21,21,0.3333,42.0,1.55,335.0,0.006,0.181
IND484661AAE,Umaria_Central_DPP_3 (Madhya Pradesh),Umaria,Madhya Pradesh,0.0016,0.0002,1,2,2,3,0.3333,5.0,2.8636,334.0,0.006,0.1457
IND201307AAA,Noida_Chukhndi_D (Uttar Pradesh),Noida,Uttar Pradesh,0.0,0.0002,1,1,5,28,0.0,33.0,1.2566,333.0,0.006,0.1677
IND441904AAB,Bhandara_RjnaiDPP_D (Maharashtra),Bhandara,Maharashtra,0.0,0.0001,0,1,0,12,0.0,12.0,1.7857,331.0,0.0059,0.1472
IND581334AAA,Honnavar_Prbhtngr_D (Karnataka),Honnavar,Karnataka,0.0081,0.0006,2,3,5,6,0.3333,11.0,1.9119,331.0,0.0059,0.1648
IND465333AAA,Shujalpur_AstrdDPP_D (Madhya Pradesh),Shujalpur,Madhya Pradesh,0.0012,0.0003,2,1,4,3,1.0,7.0,1.8654,329.0,0.0059,0.1386
IND852118A1B,UNKNOWN,UNKNOWN,UNKNOWN,0.0002,0.0004,3,1,11,1,0.8333,12.0,3.0588,328.0,0.0059,0.1709
IND811201AAB,Munger_Kaura_D (Bihar),Munger,Bihar,0.0,0.0002,2,2,2,4,0.6667,6.0,2.9808,328.0,0.0059,0.1493
IND785621AAA,Golaghat_BaruaRd_D (Assam),Golaghat,Assam,0.0,0.0003,2,1,2,3,0.6667,5.0,1.5909,328.0,0.0059,0.1239
IND000000AFR,Cochin_PanditRd_D (Kerala),Cochin,Kerala,0.0,0.0001,0,1,0,8,0.0,8.0,2.0616,326.0,0.0058,0.1407
IND414302AAB,Parner_Hindcwk_D (Maharashtra),Parner,Maharashtra,0.0008,0.0003,2,2,2,3,0.5,5.0,2.2143,324.0,0.0058,0.1345
IND791125AAB,Likabali_ZoomCDPP_D (Arunachal Pradesh),Likabali,Arunachal Pradesh,0.0,0.0001,0,1,0,4,0.0,4.0,1.9504,324.0,0.0058,0.1219
IND722101AAA,Bankura_KeranDPP_D (West Bengal),Bankura,West Bengal,0.0002,0.0002,1,1,2,8,1.0,10.0,1.8853,323.0,0.0058,0.1448
IND334803AAA,Nokha_DeVDPP_D (Rajasthan),Nokha,Rajasthan,0.0052,0.0005,2,1,6,3,0.3333,9.0,1.975,322.0,0.0058,0.1549
IND757001AAA,Baripada_KalikDPP_D (Orissa),Baripada,Orissa,0.0004,0.001,3,1,8,2,0.6667,10.0,1.9199,321.0,0.0057,0.1538
IND493118AAC,Bhatpara_TrengaRD_D (Chhattisgarh),Bhatpara,Chhattisgarh,0.0,0.0001,0,1,0,11,0.0,11.0,1.6327,321.0,0.0057,0.1421
IND621306AAA,Manapparai_BypassRd_D (Tamil Nadu),Manapparai,Tamil Nadu,0.0,0.0001,0,1,0,12,0.0,12.0,1.3374,319.0,0.0057,0.1397
IND683565AAA,Kunnathund_Pringla_D (Kerala),Kunnathund,Kerala,0.0004,0.0006,1,1,7,13,1.0,20.0,1.8947,319.0,0.0057,0.1681
IND600016AAA,Airport (Tamil Nadu),Airport (Tamil Nadu),Tamil Nadu,0.0,0.0001,0,1,0,8,0.0,8.0,2.3636,317.0,0.0057,0.1452
IND722202AAA,Barjora_Central_DPP_1 (West Bengal),Barjora,West Bengal,0.0004,0.0003,1,2,4,5,1.0,9.0,1.5517,317.0,0.0057,0.1378
IND713145AAB,Manteswar_MemariRD_D (West Bengal),Manteswar,West Bengal,0.0012,0.0002,1,2,3,3,0.0,6.0,1.7917,317.0,0.0057,0.1317
IND576201AAA,Kundapura_DC (Karnataka),Kundapura,Karnataka,0.0042,0.0005,2,1,4,4,0.3333,8.0,2.0413,314.0,0.0056,0.151
IND140603AAA,Zirakpur_DC (Punjab),Zirakpur,Punjab,0.0,0.0008,1,0,29,0,0.0,29.0,0.0,312.0,0.0056,0.1496
IND226004AAC,Lucknow_Pandriba_L (Uttar Pradesh),Lucknow,Uttar Pradesh,0.0,0.0001,1,0,1,0,0.0,1.0,0.0,311.0,0.0056,0.0642
IND614804AAA,Peravurani_SH71_D (Tamil Nadu),Peravurani,Tamil Nadu,0.0,0.0002,1,1,16,16,0.0,32.0,1.2725,311.0,0.0056,0.1664
IND732123AAC,Chanchal_BargaDPP_D (West Bengal),Chanchal,West Bengal,0.0004,0.0011,3,1,4,1,0.6667,5.0,1.3529,311.0,0.0056,0.1282
IND571440AAA,Kollegala_NarsipuraRd_D (Karnataka),Kollegala,Karnataka,0.0,0.0006,1,1,10,10,0.0,20.0,1.0298,309.0,0.0055,0.1532
IND491995AAB,Kawardha_TrnsptNGR_D (Chhattisgarh),Kawardha,Chhattisgarh,0.0,0.0003,1,0,12,0,0.0,12.0,0.0,308.0,0.0055,0.1201
IND122001AAD,Gurgaon_Kadipur (Haryana),Gurgaon,Haryana,0.0,0.0002,1,1,3,10,1.0,13.0,1.8873,307.0,0.0055,0.1513
IND785675AAA,Moranhat_TiloiDPP_D (Assam),Moranhat,Assam,0.0071,0.0002,1,1,3,1,0.0,4.0,2.1901,307.0,0.0055,0.1375
IND306116AAA,Falna_SbhRDDPP_D (Rajasthan),Falna,Rajasthan,0.0004,0.0005,1,1,1,3,0.0,4.0,1.939,306.0,0.0055,0.1254
IND742137AAA,Kandi_DohalDPP_D (West Bengal),Kandi,West Bengal,0.0016,0.0008,1,1,3,6,0.0,9.0,2.309,305.0,0.0055,0.1564
IND643001AAA,Ooty_Davisdle_D (Tamil Nadu),Ooty,Tamil Nadu,0.0,0.0008,1,1,10,6,0.0,16.0,2.5,305.0,0.0055,0.1729
IND828401AAB,Gomoh_KhsmiDPP_D (Jharkhand),Gomoh,Jharkhand,0.0,0.0003,1,1,3,7,0.0,10.0,2.8571,305.0,0.0055,0.1605
IND441614AAA,Gondia_RamNgr_D (Maharashtra),Gondia,Maharashtra,0.0,0.0001,0,1,0,9,0.0,9.0,2.2963,302.0,0.0054,0.1466
IND641654AAA,Avinashi_Valluvar_D (Tamil Nadu),Avinashi,Tamil Nadu,0.0,0.0004,1,1,11,11,1.0,22.0,1.3846,302.0,0.0054,0.1597
IND481001AAA,Balaghat_Kosmi_D (Madhya Pradesh),Balaghat,Madhya Pradesh,0.0,0.0002,1,0,9,0,0.0,9.0,0.0,302.0,0.0054,0.1114
IND272001AAA,Basti_GndhiNgr_D (Uttar Pradesh),Basti,Uttar Pradesh,0.0004,0.0002,1,2,3,7,0.0,10.0,1.6757,300.0,0.0054,0.1412
IND360370AAA,Jetpur_DC (Gujarat),Jetpur,Gujarat,0.0,0.0005,1,1,10,1,0.0,11.0,2.4615,298.0,0.0053,0.1588
IND721401AAA,Contai_Kanakpur_D (West Bengal),Contai,West Bengal,0.0008,0.0004,1,1,2,2,0.0,4.0,1.9302,298.0,0.0053,0.1244
IND403601AAA,Goa_Margao_Dc (Goa),Goa,Goa,0.0,0.0006,1,1,6,4,0.0,10.0,1.7833,296.0,0.0053,0.1462
IND504201AAA,Chinnur_AsnsdhRD_D (Telangana),Chinnur,Telangana,0.0,0.0006,1,2,5,6,1.0,11.0,1.2456,295.0,0.0053,0.1397
IND679576AAA,Edappal_PonaniRD_D (Kerala),Edappal,Kerala,0.0,0.0006,1,0,17,0,0.0,17.0,0.0,295.0,0.0053,0.1322
IND303008AAB,Dudu_NrainaRD_D (Rajasthan),Dudu,Rajasthan,0.0,0.0002,1,1,5,5,0.0,10.0,1.5333,295.0,0.0053,0.1381
IND306001AAA,MarwarJn_SndbrDPP_D (Rajasthan),MarwarJn,Rajasthan,0.0,0.0005,1,0,3,0,0.0,3.0,0.0,292.0,0.0052,0.0876
IND501101AAB,Vikarabad_Central_DPP_2 (Telangana),Vikarabad,Telangana,0.0004,0.0004,1,2,5,6,0.6667,11.0,1.5,292.0,0.0052,0.1427
IND643217AAA,Kotagiri_CroslySRT_D (Tamil Nadu),Kotagiri,Tamil Nadu,0.0,0.0008,2,1,13,10,0.3333,23.0,0.98,291.0,0.0052,0.1585
IND331023AAA,Rajgarh_SadulDPP_D (Rajasthan),Rajgarh,Rajasthan,0.0012,0.0006,1,1,5,3,0.0,8.0,1.1613,290.0,0.0052,0.1322
IND854105AAA,Katihar_Shyndco_D (Bihar),Katihar,Bihar,0.0008,0.0002,1,1,2,2,0.0,4.0,2.4877,288.0,0.0052,0.1308
IND396191AAB,Vapi_IndEstat_L (Gujarat),Vapi,Gujarat,0.0,0.0001,0,1,0,2,0.0,2.0,2.1444,287.0,0.0051,0.1088
IND562159AAA,Ramanagara_BMRd_DC (Karnataka),Ramanagara,Karnataka,0.0,0.0001,0,1,0,11,0.0,11.0,1.9259,287.0,0.0051,0.1455
IND841226AAB,Siwan_HnmntNgr_D (Bihar),Siwan,Bihar,0.0,0.0003,2,1,4,2,0.3333,6.0,2.553,287.0,0.0051,0.142
IND736165AAA,Pundibari_StatonRD_D (West Bengal),Pundibari,West Bengal,0.0,0.0002,1,0,5,0,0.0,5.0,0.0,285.0,0.0051,0.0961
IND625218AAA,Vadipatti_lalaNGR_D (Tamil Nadu),Vadipatti,Tamil Nadu,0.0,0.0008,1,1,11,1,0.0,12.0,3.3651,285.0,0.0051,0.1775
IND732204AAB,Paranpur_Nijgan_D (West Bengal),Paranpur,West Bengal,0.0,0.0009,1,2,11,8,0.3333,19.0,0.6669,285.0,0.0051,0.1486
IND500055AAC,Hyderabad_North_D_2 (Telangana),Hyderabad,Telangana,0.0,0.0001,0,1,0,17,0.0,17.0,2.5385,284.0,0.0051,0.1668
IND620020AAA,Tiruchi (Tamil Nadu),Tiruchi (Tamil Nadu),Tamil Nadu,0.0,0.0001,0,1,0,25,0.0,25.0,1.7692,283.0,0.0051,0.1653
IND275101AAA,Mau_BaliaMod_D (Uttar Pradesh),Mau,Uttar Pradesh,0.0,0.0005,1,1,3,2,1.0,5.0,4.1364,281.0,0.005,0.1642
IND695614AAA,Kilimanoor_Krvnkuzy_D (Kerala),Kilimanoor,Kerala,0.0004,0.0004,1,1,21,3,0.0,24.0,1.3158,281.0,0.005,0.1609
IND361335AAA,Dwarka_StnRoad_DC (Gujarat),Dwarka,Gujarat,0.0,0.0004,2,1,12,1,0.3333,13.0,1.3369,278.0,0.005,0.143
IND683511AAB,Kerala_Cochin_L (Kerala),Kerala,Kerala,0.0,0.0001,1,0,1,0,0.0,1.0,0.0,277.0,0.005,0.0629
IND575014AAA,Surathkal_DC (Karnataka),Surathkal,Karnataka,0.0,0.0002,1,1,2,1,1.0,3.0,1.7509,276.0,0.0049,0.1115
IND362225AAA,Mangrol_JilRDDPP_D (Gujarat),Mangrol,Gujarat,0.0,0.0006,1,1,6,6,1.0,12.0,1.7824,275.0,0.0049,0.1498
IND754022AAA,Tangi_SriDPP_D (Orissa),Tangi,Orissa,0.0008,0.0004,2,1,2,2,0.3333,4.0,2.2413,275.0,0.0049,0.1292
IND623315AAB,Oriyur_Vllyaprm_D (Tamil Nadu),Oriyur,Tamil Nadu,0.0,0.0005,1,1,15,15,0.0,30.0,1.5172,272.0,0.0049,0.1704
IND626607AAB,Narikkudi_MukkuRD_D (Tamil Nadu),Narikkudi,Tamil Nadu,0.0,0.0005,1,1,7,7,0.0,14.0,1.52,271.0,0.0049,0.1489
IND380006AAA,Ahmedabad_Paldi_D (Gujarat),Ahmedabad,Gujarat,0.0,0.0001,0,1,0,18,0.0,18.0,2.0909,271.0,0.0049,0.1608
IND733129AAB,Kaliyaganj_Central_DPP_1 (West Bengal),Kaliyaganj,West Bengal,0.0004,0.0008,2,1,5,5,0.3333,10.0,1.9524,270.0,0.0048,0.1502
IND680307AAA,Chalakudy_SurbhiTh_D (Kerala),Chalakudy,Kerala,0.0004,0.0002,1,2,13,12,0.3333,25.0,1.6458,270.0,0.0048,0.1645
IND421302AAF,Mumbai_Kalyan (Maharashtra),Mumbai,Maharashtra,0.0,0.0001,1,1,1,12,0.0,13.0,2.9444,269.0,0.0048,0.1655
IND303301AAB,Bassi_DmodrNGR_D (Rajasthan),Bassi,Rajasthan,0.0,0.0003,1,1,10,12,1.0,22.0,1.4924,265.0,0.0047,0.1587
IND574202AAA,Puttur_Darbe_DC (Karnataka),Puttur,Karnataka,0.0008,0.0005,1,1,5,6,0.0,11.0,1.5621,263.0,0.0047,0.1438
IND767001AAA,Balangir_Rjndpara_D (Orissa),Balangir,Orissa,0.0,0.0013,3,2,3,4,0.0,7.0,2.0143,261.0,0.0047,0.1468
IND690548AAA,Haripad_Kumrpurm_D (Kerala),Haripad,Kerala,0.0004,0.0013,2,1,7,15,0.3333,22.0,1.2188,261.0,0.0047,0.165
IND600056AAA,Chennai_Poonamallee (Tamil Nadu),Chennai,Tamil Nadu,0.0004,0.0003,1,1,3,7,0.0,10.0,3.0,260.0,0.0047,0.1615
IND208012AAA,Kanpur_Central_D_7 (Uttar Pradesh),Kanpur,Uttar Pradesh,0.0,0.0006,1,1,21,2,0.0,23.0,4.872,257.0,0.0046,0.2159
IND722101AAB,Bankura_NapitDPP_D (West Bengal),Bankura,West Bengal,0.0,0.0002,1,1,1,1,0.0,2.0,1.5556,256.0,0.0046,0.0986
IND000000ADM,Cochin_Kdvantra_D (Kerala),Cochin,Kerala,0.0,0.0005,1,1,13,1,0.0,14.0,3.3077,255.0,0.0046,0.1764
IND604303AAA,Marakkanam_MJRDPP_D (Tamil Nadu),Marakkanam,Tamil Nadu,0.0004,0.0002,1,1,4,4,0.0,8.0,1.9484,254.0,0.0045,0.1382
IND560077AAA,Bengaluru_ Kothanur_L (Karnataka),Bengaluru,Karnataka,0.0,0.0001,1,1,1,1,0.0,2.0,3.4545,254.0,0.0045,0.1282
IND276129AAA,Chiraiyakot_KamalDPP_D (Uttar Pradesh),Chiraiyakot,Uttar Pradesh,0.0,0.0007,1,1,1,1,0.0,2.0,3.7067,254.0,0.0045,0.1383
IND275303AAA,Dohrighat_AzmrdDPP_D (Uttar Pradesh),Dohrighat,Uttar Pradesh,0.0,0.0007,1,1,4,4,0.0,8.0,2.1526,254.0,0.0045,0.1454
IND689101AAA,Tiruvalla_TKRoad_D (Kerala),Tiruvalla,Kerala,0.0012,0.0014,1,2,16,10,0.3333,26.0,1.4,252.0,0.0045,0.1744
IND277211AAA,Sahatwar_PnchmDPP_D (Uttar Pradesh),Sahatwar,Uttar Pradesh,0.0004,0.0009,1,1,6,5,0.0,11.0,2.5238,251.0,0.0045,0.1618
IND574239AAA,Sullia_Srirampt_D (Karnataka),Sullia,Karnataka,0.0008,0.0005,1,1,6,7,0.0,13.0,1.5128,250.0,0.0045,0.1474
IND721133AAA,Keshiary_MdnprDPP_D (West Bengal),Keshiary,West Bengal,0.0008,0.0002,1,1,2,2,0.0,4.0,2.9148,250.0,0.0045,0.1364
IND793150AAA,Jowai_Ldthlabh_D (Meghalaya),Jowai,Meghalaya,0.0,0.0004,1,1,2,1,1.0,3.0,1.9281,249.0,0.0045,0.1154
IND415301AAB,Atapadi_Vidyangr_D (Maharashtra),Atapadi,Maharashtra,0.0004,0.0005,1,1,6,4,1.0,10.0,1.7663,248.0,0.0044,0.143
IND122503AAA,Pataudi_DC (Haryana),Pataudi,Haryana,0.0004,0.0002,1,1,2,2,0.0,4.0,4.5997,247.0,0.0044,0.1624
IND530026AAA,Vizag_Gajuwaka (Andhra Pradesh),Vizag,Andhra Pradesh,0.0,0.0001,0,1,0,4,0.0,4.0,2.8281,247.0,0.0044,0.1327
IND131028AAE,Sonipat_Central_D_2 (Haryana),Sonipat,Haryana,0.0,0.0002,1,1,3,1,0.0,4.0,1.7333,244.0,0.0044,0.1165
IND212402AAA,Phulpur_Shekhpur_D (Uttar Pradesh),Phulpur,Uttar Pradesh,0.0,0.0005,1,0,13,0,0.0,13.0,0.0,243.0,0.0044,0.122
IND721134AAB,Kolaghat_Central_DPP_2 (West Bengal),Kolaghat,West Bengal,0.0012,0.0004,1,2,17,17,0.3333,34.0,1.625,242.0,0.0043,0.1748
IND802212AAA,Bikramgang_Dehrird_D (Bihar),Bikramgang,Bihar,0.0008,0.0005,1,1,5,1,0.0,6.0,1.6154,242.0,0.0043,0.1283
IND852118AAA,Forbesganj_JhumanCk_D (Bihar),Forbesganj,Bihar,0.0002,0.0003,2,2,8,2,0.6667,10.0,3.0853,241.0,0.0043,0.1617
IND695121AAA,Neyatinkra_Arlumodu_D (Kerala),Neyatinkra,Kerala,0.0,0.0002,1,2,20,18,0.6667,38.0,1.7333,240.0,0.0043,0.1759
IND515411AAA,Tadipatri_CBRoad_D (Andhra Pradesh),Tadipatri,Andhra Pradesh,0.0012,0.0002,1,1,2,2,0.0,4.0,2.0731,240.0,0.0043,0.123
IND504251AAA,Bellmpalli_BasthDPP_D (Telangana),Bellmpalli,Telangana,0.0008,0.0003,2,2,2,5,1.0,7.0,1.2955,239.0,0.0043,0.1254
IND483225AAA,Sihora_KtnRdDPP_D (Madhya Pradesh),Sihora,Madhya Pradesh,0.0008,0.0003,1,1,3,3,1.0,6.0,2.1212,239.0,0.0043,0.1341
IND622001AAA,Pudukkotti_Mrthndpr_D (Tamil Nadu),Pudukkotti,Tamil Nadu,0.0,0.0005,1,0,14,0,0.0,14.0,0.0,239.0,0.0043,0.1233
IND121002AAA,Faridabad_Old (Haryana),Faridabad,Haryana,0.0,0.0001,1,1,1,1,0.0,2.0,19.0833,238.0,0.0043,0.223
IND627657AAA,Thisayanvilai_UdnkdiRD_D (Tamil Nadu),Thisayanvilai,Tamil Nadu,0.0,0.0006,1,1,17,16,0.0,33.0,1.0429,237.0,0.0042,0.1646
IND814133AAA,Godda_PushPlza_D (Jharkhand),Godda,Jharkhand,0.0,0.0002,1,1,2,1,0.0,3.0,2.4375,236.0,0.0042,0.1206
IND518206AAA,Betamcherla_CmtNgRod_D (Andhra Pradesh),Betamcherla,Andhra Pradesh,0.0008,0.0006,1,2,6,5,0.6667,11.0,1.2667,235.0,0.0042,0.1392
IND768216AAA,Brajrajnagar_LamtiDPP_D (Orissa),Brajrajnagar,Orissa,0.0,0.0001,0,1,0,5,0.0,5.0,2.2059,235.0,0.0042,0.1276
IND734214AAB,Mirik_WardNo3_D (West Bengal),Mirik,West Bengal,0.0,0.0001,0,1,0,3,0.0,3.0,3.1795,235.0,0.0042,0.1313
IND781335AAA,Nalbari_Bhgtpura_D (Assam),Nalbari,Assam,0.0032,0.0005,1,1,2,4,0.0,6.0,1.8025,234.0,0.0042,0.1348
IND413307AAB,Sangola_Central_DPP_2 (Maharashtra),Sangola,Maharashtra,0.0004,0.0005,1,1,4,3,1.0,7.0,2.2609,228.0,0.0041,0.1412
IND624619AAA,Oddnchtram_Palani_D (Tamil Nadu),Oddnchtram,Tamil Nadu,0.0,0.0009,2,1,12,10,0.6667,22.0,1.2706,228.0,0.0041,0.16
IND244412AAA,Chandausi_Ganesh_D (Uttar Pradesh),Chandausi,Uttar Pradesh,0.0012,0.0005,1,2,11,13,0.6667,24.0,0.7727,226.0,0.004,0.1522
IND821307AAA,DehriSone_Dilliyan_D (Bihar),DehriSone,Bihar,0.0,0.0002,1,1,4,8,0.0,12.0,1.9474,226.0,0.004,0.1466
IND363001AAA,Surendranagar_DC (Gujarat),Surendranagar,Gujarat,0.0,0.0002,1,1,13,14,0.0,27.0,1.1515,226.0,0.004,0.1562
IND638001AAA,Erode (Tamil Nadu),Erode (Tamil Nadu),Tamil Nadu,0.0,0.0002,1,1,10,3,0.0,13.0,2.1667,221.0,0.004,0.1519
IND487001AAA,Narsingpur_JrjolDPP_D (Madhya Pradesh),Narsingpur,Madhya Pradesh,0.0063,0.0002,1,1,2,4,0.0,6.0,1.3765,219.0,0.0039,0.1294
IND222125AAB,Badlapur_Bhaluahi_D (Uttar Pradesh),Badlapur,Uttar Pradesh,0.0004,0.0004,1,1,7,1,0.0,8.0,2.7778,218.0,0.0039,0.1511
IND751015AAA,Bhubaneshwar_Nayapalli (Orissa),Bhubaneshwar,Orissa,0.0,0.0001,0,4,0,13,0.8333,13.0,2.0,218.0,0.0039,0.1481
IND686507AAA,Parakkdavu_KeRoad_D (Kerala),Parakkdavu,Kerala,0.0,0.0001,1,2,1,16,1.0,17.0,2.3542,218.0,0.0039,0.1612
IND209206AAB,Ghatampur_StatinRD_D (Uttar Pradesh),Ghatampur,Uttar Pradesh,0.0004,0.0005,1,1,18,15,0.0,33.0,2.2,217.0,0.0039,0.1818
IND625531AAA,Theni_Rathnam_D (Tamil Nadu),Theni,Tamil Nadu,0.0,0.0002,1,1,6,7,0.0,13.0,1.2826,217.0,0.0039,0.1376
IND246001AAA,Pauri_Khndyusn_D (Uttarakhand),Pauri,Uttarakhand,0.0,0.0001,0,1,0,4,0.0,4.0,1.2757,216.0,0.0039,0.1067
IND735224AAA,Mainaguri_MilpaDPP_D (West Bengal),Mainaguri,West Bengal,0.0,0.0001,0,1,0,8,0.0,8.0,1.494,216.0,0.0039,0.1272
IND133004AAA,Ambala (Haryana),Ambala (Haryana),Haryana,0.0,0.0001,0,1,0,6,0.0,6.0,1.6608,216.0,0.0039,0.1225
IND799008AAA,Agartala_Chmpmura_I (Tripura),Agartala,Tripura,0.0,0.0002,1,0,1,0,0.0,1.0,0.0,214.0,0.0038,0.0612
IND637408AAA,Rasipurm_Knrpati_D (Tamil Nadu),Rasipurm,Tamil Nadu,0.0,0.0001,0,1,0,10,0.0,10.0,1.7586,214.0,0.0038,0.1371
IND637001AAA,Namakkal_Rkcomplx_DC (Tamil Nadu),Namakkal,Tamil Nadu,0.0,0.0002,1,0,10,0,0.0,10.0,0.0,214.0,0.0038,0.1103
IND625532AAA,Usilampatti_MrutiNGR_D (Tamil Nadu),Usilampatti,Tamil Nadu,0.0,0.0001,0,2,0,7,0.0,7.0,1.5455,213.0,0.0038,0.1244
IND500035AAD,Hyderabad_South_D_12 (Telangana),Hyderabad,Telangana,0.0,0.0004,1,0,8,0,0.0,8.0,0.0,212.0,0.0038,0.1058
IND304001AAA,Tonk_DC (Rajasthan),Tonk,Rajasthan,0.0,0.0004,2,1,4,1,0.6667,5.0,1.4828,210.0,0.0038,0.1179
IND781022AAA,Guwahati_Sixmile (Assam),Guwahati,Assam,0.0,0.0005,1,1,9,12,0.0,21.0,0.9825,210.0,0.0038,0.1487
IND813213AAA,Sultanganj_Wardno3_D (Bihar),Sultanganj,Bihar,0.0,0.0004,2,0,4,0,1.0,4.0,0.0,206.0,0.0037,0.0887
IND000000AFG,Tirur_PmthuKlm_D (Kerala),Tirur,Kerala,0.0,0.0001,0,2,0,4,0.0,4.0,2.0901,205.0,0.0037,0.119
IND734203AAA,Kurseong_ABPath_D (West Bengal),Kurseong,West Bengal,0.0,0.0003,1,0,3,0,0.0,3.0,0.0,205.0,0.0037,0.0814
IND144601AAA,Kapurthala_DC (Punjab),Kapurthala,Punjab,0.0008,0.0002,1,2,3,3,0.6667,6.0,1.9412,205.0,0.0037,0.1289
IND177101AAA,DehraGopipur_Central_D_1 (Himachal Pradesh),DehraGopipur,Himachal Pradesh,0.0,0.0002,1,2,3,3,0.0,6.0,1.5932,205.0,0.0037,0.1219
IND614602AAA,Pattukotai_anthniyr_D (Tamil Nadu),Pattukotai,Tamil Nadu,0.0,0.0001,0,1,0,16,0.0,16.0,1.5,205.0,0.0037,0.1451
IND441603AAA,Chamorshi_Central_DPP_1 (Maharashtra),Chamorshi,Maharashtra,0.0,0.0011,2,1,4,1,1.0,5.0,1.8333,205.0,0.0037,0.1301
IND505001AAA,Karimnagar_DC (Telangana),Karimnagar,Telangana,0.0,0.0001,0,2,0,10,1.0,10.0,1.4265,205.0,0.0037,0.1313
IND770017AAB,Rajgangpur_Central_D_2 (Orissa),Rajgangpur,Orissa,0.0,0.0004,1,0,6,0,0.0,6.0,0.0,204.0,0.0037,0.0984
IND600004AAA,Chennai_Mylapore (Tamil Nadu),Chennai,Tamil Nadu,0.0,0.0002,1,1,1,3,0.0,4.0,5.5,204.0,0.0037,0.1732
IND000000ABA,Cochin_Chtrpuza_D (Kerala),Cochin,Kerala,0.0004,0.0006,1,1,16,7,1.0,23.0,1.0952,202.0,0.0036,0.154
IND110039AAA,Delhi_Barwala (Delhi),Delhi,Delhi,0.0,0.0004,1,1,4,3,0.0,7.0,3.7333,202.0,0.0036,0.1614
IND321401AAB,Bayana_LalBagh_D (Rajasthan),Bayana,Rajasthan,0.0,0.0008,2,0,12,0,1.0,12.0,0.0,200.0,0.0036,0.1201
IND412210AAC,Shirur_Central_DPP_3 (Maharashtra),Shirur,Maharashtra,0.0008,0.0002,1,1,1,2,1.0,3.0,2.4762,200.0,0.0036,0.1205
IND335701AAA,Anupgarh_PrmNrDPP_D (Rajasthan),Anupgarh,Rajasthan,0.0016,0.0008,2,1,11,7,0.3333,18.0,1.0638,199.0,0.0036,0.1504
IND574227AAA,Moodbidri_MrdiVlge_D (Karnataka),Moodbidri,Karnataka,0.0004,0.0002,1,1,2,9,0.0,11.0,1.7857,196.0,0.0035,0.1407
IND303108AAB,Kotputli_LXngrDPP_D (Rajasthan),Kotputli,Rajasthan,0.0,0.0001,0,1,0,9,0.0,9.0,1.5484,196.0,0.0035,0.13
IND841207AAB,Dighwara_SadarHPL_D (Bihar),Dighwara,Bihar,0.0,0.0003,2,0,4,0,0.0,4.0,0.0,193.0,0.0035,0.0873
IND754142AAA,Paradip_Udyabata_D (Orissa),Paradip,Orissa,0.0016,0.0005,2,1,2,2,0.0,4.0,2.9696,193.0,0.0035,0.1389
IND758035AAA,Barbil_PunjbiPd_D (Orissa),Barbil,Orissa,0.0,0.0007,1,1,3,1,0.0,4.0,1.7143,191.0,0.0034,0.118
IND621211AAA,Musiri_ThryrRD_D (Tamil Nadu),Musiri,Tamil Nadu,0.0,0.0001,0,1,0,15,0.0,15.0,1.5,191.0,0.0034,0.1426
IND443201AAA,Chikhli_KKndrDPP_D (Maharashtra),Chikhli,Maharashtra,0.0004,0.0003,1,1,2,1,0.0,3.0,6.25,190.0,0.0034,0.1803
IND695541AAA,Nedumangad_Arsprmbu_D (Kerala),Nedumangad,Kerala,0.0012,0.0006,2,2,14,2,0.3333,16.0,2.2258,186.0,0.0033,0.1621
IND385320AAA,Bhabhar_TirupDPP_D (Gujarat),Bhabhar,Gujarat,0.0,0.0004,1,1,11,16,1.0,27.0,0.7995,186.0,0.0033,0.1504
IND624703AAA,Gujiliam_Parai_D (Tamil Nadu),Gujiliam,Tamil Nadu,0.0,0.0008,2,1,3,1,0.3333,4.0,1.3125,183.0,0.0033,0.1128
IND581343AAC,Kumta_Central_DPP_2 (Karnataka),Kumta,Karnataka,0.0,0.0003,1,1,2,6,1.0,8.0,1.7288,181.0,0.0032,0.1308
IND500018AAA,Hyderabad_PndrgNgr_DC (Telangana),Hyderabad,Telangana,0.0,0.0001,0,1,0,4,0.0,4.0,3.0417,180.0,0.0032,0.1326
IND333028AAA,Sultana_Central_DPP_1 (Rajasthan),Sultana,Rajasthan,0.002,0.0003,2,2,5,2,0.1667,7.0,1.7689,180.0,0.0032,0.1315
IND689503AAB,Manthuka_Central_D_1 (Kerala),Manthuka,Kerala,0.0004,0.0002,1,1,1,1,0.0,2.0,2.25,180.0,0.0032,0.1069
IND413307AAC,Sangola_Central_DPP_3 (Maharashtra),Sangola,Maharashtra,0.0,0.0001,1,1,1,1,0.0,2.0,2.7846,180.0,0.0032,0.1139
IND641008AAA,Cjb_Kovaipudur_Dc (Tamil Nadu),Cjb,Tamil Nadu,0.0,0.0002,1,2,2,4,0.6667,6.0,2.0588,179.0,0.0032,0.1277
IND442001AAA,Wardha_RamaNgr_D (Maharashtra),Wardha,Maharashtra,0.0,0.0001,0,1,0,5,0.0,5.0,3.7143,178.0,0.0032,0.1484
IND635207AAA,Uthangarai_RgstrOFC_D (Tamil Nadu),Uthangarai,Tamil Nadu,0.0,0.0002,1,1,1,1,1.0,2.0,3.8039,177.0,0.0032,0.1301
IND602105AAB,Chennai_Sriperumbudur_Dc (Tamil Nadu),Chennai,Tamil Nadu,0.0,0.0004,1,0,7,0,0.0,7.0,0.0,176.0,0.0032,0.1007
IND623701AAA,Paramakudi_VagaiNgr_D (Tamil Nadu),Paramakudi,Tamil Nadu,0.0,0.0002,1,1,5,7,0.0,12.0,1.1778,176.0,0.0032,0.1319
IND516360AAB,Proddatur_Central_D_2 (Andhra Pradesh),Proddatur,Andhra Pradesh,0.0012,0.0003,1,1,2,2,0.0,4.0,1.613,176.0,0.0032,0.1132
IND202001AAC,Aligarh_Central_D_2 (Uttar Pradesh),Aligarh,Uttar Pradesh,0.0,0.0001,0,1,0,4,0.0,4.0,2.8002,175.0,0.0031,0.1285
IND335803AAA,Pilibanga_BsstdDPP_D (Rajasthan),Pilibanga,Rajasthan,0.0016,0.0007,1,1,9,7,1.0,16.0,1.1429,175.0,0.0031,0.146
IND384170AAA,Unjha_DC (Gujarat),Unjha,Gujarat,0.0012,0.0003,1,1,6,12,0.0,18.0,1.2865,174.0,0.0031,0.1469
IND700136AAB,CCU_Hub (West Bengal),CCU,West Bengal,0.0,0.0002,1,1,1,1,1.0,2.0,5.5357,172.0,0.0031,0.1575
IND623704AAA,Muthukulathur_VaiklSRT_D (Tamil Nadu),Muthukulathur,Tamil Nadu,0.0,0.0004,1,1,8,7,0.0,15.0,1.2708,172.0,0.0031,0.1413
IND508277AAB,Mothkur_Mainroad_D (Telangana),Mothkur,Telangana,0.0,0.0005,1,1,14,11,1.0,25.0,1.3846,172.0,0.0031,0.1578
IND492001AAB,Raipur_Katora_IP (Chhattisgarh),Raipur,Chhattisgarh,0.0,0.0001,0,1,0,8,0.0,8.0,3.0,171.0,0.0031,0.1484
IND492007AAA,Raipur_Central_D_5 (Chhattisgarh),Raipur,Chhattisgarh,0.0,0.0002,1,0,8,0,0.0,8.0,0.0,171.0,0.0031,0.102
IND444303AAA,Khamgaon_WamanDPP_D (Maharashtra),Khamgaon,Maharashtra,0.0,0.0003,1,1,1,2,1.0,3.0,3.2424,171.0,0.0031,0.1306
IND232101AAB,MughalSarai_Central_D_2 (Uttar Pradesh),MughalSarai,Uttar Pradesh,0.0,0.0001,0,1,0,7,0.0,7.0,3.2308,168.0,0.003,0.1484
IND360002AAB,Rajkot_PedakRd_P (Gujarat),Rajkot,Gujarat,0.0,0.0006,3,0,4,0,0.3333,4.0,0.0,167.0,0.003,0.0889
IND421302AAS,Mumbai_East_L_23 (Maharashtra),Mumbai,Maharashtra,0.0,0.0001,1,0,2,0,0.0,2.0,0.0,165.0,0.003,0.0689
IND811213AAA,KharagpurBR_Central_DPP_1 (Bihar),KharagpurBR,Bihar,0.0,0.0003,2,2,3,3,0.6667,6.0,1.6207,164.0,0.0029,0.1204
IND841101AAA,Sonepur_Sabalpur_D (Bihar),Sonepur,Bihar,0.0,0.0001,0,1,0,3,0.0,3.0,2.6111,164.0,0.0029,0.1183
IND335804AAD,Suratgarh_Central_DPP_2 (Rajasthan),Suratgarh,Rajasthan,0.0016,0.0007,2,2,8,11,0.3333,19.0,1.1351,162.0,0.0029,0.1505
IND637301AAA,Sankari_Trchngrd_D (Tamil Nadu),Sankari,Tamil Nadu,0.0,0.0001,0,1,0,10,0.0,10.0,1.8529,162.0,0.0029,0.1355
IND148101AAA,Barnala_DC (Punjab),Barnala,Punjab,0.0004,0.0004,1,1,8,5,1.0,13.0,1.1818,161.0,0.0029,0.1353
IND752056AAA,Khurdha_MdhsnDPP_D (Orissa),Khurdha,Orissa,0.0,0.0002,2,1,7,1,1.0,8.0,1.8947,161.0,0.0029,0.1313
IND562125AAA,Bengaluru_Sarjapur_D (Karnataka),Bengaluru,Karnataka,0.0,0.0002,1,1,1,1,0.0,2.0,7.125,160.0,0.0029,0.1821
IND400706AAA,Mumbai_Nerul_D (Maharashtra),Mumbai,Maharashtra,0.0,0.0001,1,1,2,2,0.0,4.0,4.7121,159.0,0.0028,0.158
IND695582AAA,Kazhakkoottam_Rdiosttn_D (Kerala),Kazhakkoottam,Kerala,0.0,0.0001,0,2,0,20,1.0,20.0,1.1584,158.0,0.0028,0.143
IND676509AAA,Malappuram_Munduprm_D (Kerala),Malappuram,Kerala,0.0,0.0003,1,2,7,4,0.0,11.0,1.7976,158.0,0.0028,0.1392
IND518222AAA,Dhone_RmNyrDPP_D (Andhra Pradesh),Dhone,Andhra Pradesh,0.0,0.0005,1,1,4,5,1.0,9.0,1.5135,158.0,0.0028,0.1313
IND201001AAA,Ghaziabad_Patel Nagar (Uttar Pradesh),Ghaziabad,Uttar Pradesh,0.0,0.0004,1,1,4,5,0.0,9.0,3.0769,157.0,0.0028,0.1548
IND403507AAB,Goa_Mapusa (Goa),Goa,Goa,0.0,0.0002,1,1,1,1,0.0,2.0,4.6136,156.0,0.0028,0.1419
IND754211AAA,Kendrpara_Kapleswr_D (Orissa),Kendrpara,Orissa,0.0016,0.0006,1,1,2,1,0.0,3.0,2.6061,154.0,0.0028,0.1246
IND147301AAA,Mandi_Gobindgarh_DC (Punjab),Mandi,Punjab,0.0004,0.0002,2,2,4,2,1.0,6.0,1.4333,154.0,0.0028,0.1171
IND203001AAA,Bulndshahr_Ymunpurm_D (Uttar Pradesh),Bulndshahr,Uttar Pradesh,0.0,0.0001,0,1,0,5,0.0,5.0,3.6154,153.0,0.0027,0.1451
IND363641AAA,Morbi_DC (Gujarat),Morbi,Gujarat,0.0,0.0001,0,2,0,7,1.0,7.0,1.5152,153.0,0.0027,0.1203
IND620012AAA,Tiruchi_Manikndm_H (Tamil Nadu),Tiruchi,Tamil Nadu,0.0,0.0007,2,0,2,0,0.0,2.0,0.0,153.0,0.0027,0.0743
IND281004AAA,Mathura_DC (Uttar Pradesh),Mathura,Uttar Pradesh,0.0,0.0004,1,0,8,0,0.0,8.0,0.0,152.0,0.0027,0.1021
IND804452AAA,Masaurhi_Blockrd_D (Bihar),Masaurhi,Bihar,0.0,0.0001,0,1,0,6,0.0,6.0,2.9621,152.0,0.0027,0.1392
IND110083AAA,Delhi_Mangol_DC (Delhi),Delhi,Delhi,0.0,0.0003,1,1,3,1,0.0,4.0,2.9412,152.0,0.0027,0.1314
IND385340AAB,Radhanpur_Santalpr_D (Gujarat),Radhanpur,Gujarat,0.0012,0.0005,2,1,17,4,0.3333,21.0,1.4076,150.0,0.0027,0.1534
IND335703AAA,Srivijaynagar_BhwanDPP_D (Rajasthan),Srivijaynagar,Rajasthan,0.0016,0.0006,1,1,9,9,1.0,18.0,1.1562,149.0,0.0027,0.1473
IND431401AAA,Parbhani_Rjndrngr_D (Maharashtra),Parbhani,Maharashtra,0.0,0.0001,1,0,1,0,0.0,1.0,0.0,149.0,0.0027,0.0562
IND363621AAB,Wankaner_JivanDPP_D (Gujarat),Wankaner,Gujarat,0.0,0.0002,1,1,6,2,1.0,8.0,1.7353,149.0,0.0027,0.1278
IND736101AAA,CoochBehar_Psthrjhr_D (West Bengal),CoochBehar,West Bengal,0.0,0.0003,1,0,6,0,0.0,6.0,0.0,149.0,0.0027,0.0936
IND792103AAB,Namsai_HelipadRD_D (Arunachal Pradesh),Namsai,Arunachal Pradesh,0.0008,0.0007,2,1,10,11,0.6667,21.0,0.6809,146.0,0.0026,0.143
IND502295AAA,Sangareddy_Pothredy_D (Telangana),Sangareddy,Telangana,0.0004,0.0002,1,1,4,2,0.0,6.0,2.0,145.0,0.0026,0.1251
IND242001AAA,Shahjhnpur_NavdaCln_D (Uttar Pradesh),Shahjhnpur,Uttar Pradesh,0.0024,0.0008,1,1,4,1,0.0,5.0,6.2308,145.0,0.0026,0.1964
IND125111AAA,Fatehabad_BhunaDPP_D (Haryana),Fatehabad,Haryana,0.0016,0.0007,1,1,4,2,0.0,6.0,3.182,145.0,0.0026,0.1506
IND841301AAC,UNKNOWN,UNKNOWN,UNKNOWN,0.0,0.0002,1,1,1,1,0.0,2.0,2.0,144.0,0.0026,0.0999
IND751014AAA,Bhubaneswar_BjbNgr_DC (Orissa),Bhubaneswar,Orissa,0.0,0.0001,0,1,0,5,0.0,5.0,3.0,143.0,0.0026,0.1347
IND000000AAQ,Barasat_KrshnNgr_D (West Bengal),Barasat,West Bengal,0.0,0.0001,0,1,0,2,0.0,2.0,6.0714,142.0,0.0025,0.1631
IND177001AAA,Hamirpur_GutmgrCl_D (Himachal Pradesh),Hamirpur,Himachal Pradesh,0.0,0.0001,0,1,0,7,0.0,7.0,1.8095,142.0,0.0025,0.1241
IND580030AAA,Hubli_Dc (Karnataka),Hubli,Karnataka,0.0,0.0002,1,0,1,0,0.0,1.0,0.0,142.0,0.0025,0.0557
IND695609AAA,Pangodu_Central_D_1 (Kerala),Pangodu,Kerala,0.0008,0.0005,1,1,3,3,0.0,6.0,2.0769,142.0,0.0025,0.1296
IND576101AAA,Udupi (Karnataka),Udupi (Karnataka),Karnataka,0.0,0.0004,2,1,3,3,0.6667,6.0,1.5667,138.0,0.0025,0.1187
IND686632AAA,Kothanalloor_Majoor_D (Kerala),Kothanalloor,Kerala,0.0004,0.0002,1,1,1,1,0.0,2.0,2.5,137.0,0.0025,0.1077
IND276140AAA,Jiyanpur_Central_DPP_1 (Uttar Pradesh),Jiyanpur,Uttar Pradesh,0.0,0.0007,1,1,4,1,0.0,5.0,2.3784,137.0,0.0025,0.1305
IND851112AAB,Barauni_Wardno10_D (Bihar),Barauni,Bihar,0.0,0.0002,1,0,4,0,0.0,4.0,0.0,136.0,0.0024,0.0823
IND363520AAC,Chotila_Central_D_2 (Gujarat),Chotila,Gujarat,0.0,0.0001,0,1,0,13,0.0,13.0,1.1837,135.0,0.0024,0.1299
IND233221AAC,Aunrihar_Central_D_1 (Uttar Pradesh),Aunrihar,Uttar Pradesh,0.0,0.0002,1,0,2,0,0.0,2.0,0.0,133.0,0.0024,0.0673
IND577126AAA,Koppa_Sangetha_D (Karnataka),Koppa,Karnataka,0.0004,0.0003,1,1,1,1,1.0,2.0,2.7077,133.0,0.0024,0.1114
IND231208AAA,Duddhi_MChwkDPP_D (Uttar Pradesh),Duddhi,Uttar Pradesh,0.0,0.0001,0,1,0,6,0.0,6.0,1.8071,132.0,0.0024,0.1194
IND785634AAA,Mariani_Mainroad_D (Assam),Mariani,Assam,0.0,0.0002,1,0,2,0,0.0,2.0,0.0,132.0,0.0024,0.0673
IND387620AAB,Kapadvanj_Busstand_D (Gujarat),Kapadvanj,Gujarat,0.0004,0.0001,1,1,1,1,0.0,2.0,2.1846,132.0,0.0024,0.1016
IND341030AAA,Tarnau_BsstdDPP_D (Rajasthan),Tarnau,Rajasthan,0.0051,0.0002,1,1,2,3,1.0,5.0,1.4667,130.0,0.0023,0.1187
IND756029AAA,Basta_Central_DPP_1 (Orissa),Basta,Orissa,0.0299,0.0002,1,1,1,1,0.0,2.0,1.8026,128.0,0.0023,0.1422
IND140406AAA,SirhindFatehgarh_DC (Punjab),SirhindFatehgarh,Punjab,0.0,0.0002,1,1,2,7,1.0,9.0,1.5833,127.0,0.0023,0.1263
IND531162AAA,Vishakhapatnam (Andhra Pradesh),Vishakhapatnam (Andhra Pradesh),Andhra Pradesh,0.0,0.0004,2,0,8,0,0.0,8.0,0.0,127.0,0.0023,0.1011
IND160002AAD,Chandigarh_Mehmdpur_P (Punjab),Chandigarh,Punjab,0.0,0.0001,1,0,3,0,0.0,3.0,0.0,126.0,0.0023,0.0743
IND222001AAA,Jaunpur_Katghara_D (Uttar Pradesh),Jaunpur,Uttar Pradesh,0.0,0.0006,2,1,2,1,0.0,3.0,2.9167,126.0,0.0023,0.1254
IND577116AAA,UNKNOWN,UNKNOWN,UNKNOWN,0.0,0.0006,3,1,8,8,0.6667,16.0,0.9506,126.0,0.0023,0.1357
IND504296AAA,Kaghaznagar_Central_DPP_1 (Telangana),Kaghaznagar,Telangana,0.0,0.0003,1,3,3,4,1.0,7.0,1.173,124.0,0.0022,0.1144
IND754202AAA,Cuttack_SliprDPP_DC (Orissa),Cuttack,Orissa,0.0016,0.0006,1,1,1,1,0.0,2.0,3.2581,123.0,0.0022,0.1244
IND505325AAA,Metpally_GunjRDPP_D (Telangana),Metpally,Telangana,0.0,0.0003,1,1,5,6,1.0,11.0,1.4219,122.0,0.0022,0.1305
IND423301AAB,Satana_ThrbadRD_D (Maharashtra),Satana,Maharashtra,0.0,0.0004,1,0,7,0,0.0,7.0,0.0,122.0,0.0022,0.0965
IND733134AAA,Raiganj_SubrtDPP_D (West Bengal),Raiganj,West Bengal,0.0008,0.0006,1,1,5,3,1.0,8.0,1.4783,122.0,0.0022,0.1265
IND464221AAA,GanjBasoda_MnRDDPP_D (Madhya Pradesh),GanjBasoda,Madhya Pradesh,0.0004,0.0002,1,1,1,1,0.0,2.0,1.6412,121.0,0.0022,0.0929
IND516001AAA,Cuddapah_DC (Andhra Pradesh),Cuddapah,Andhra Pradesh,0.0012,0.0003,1,1,2,2,0.0,4.0,1.732,120.0,0.0021,0.1116
IND689650AAA,Kozhenchery_Cherukole_D (Kerala),Kozhenchery,Kerala,0.0,0.0008,1,1,6,3,1.0,9.0,1.6047,119.0,0.0021,0.1328
IND152123AAA,Fazilka_GndhiChk_D (Punjab),Fazilka,Punjab,0.0004,0.0003,1,1,2,1,1.0,3.0,2.3455,119.0,0.0021,0.1128
IND144527AAA,Garhshnker_Jagrata_D (Punjab),Garhshnker,Punjab,0.0,0.0001,0,1,0,4,0.0,4.0,1.8676,118.0,0.0021,0.1094
IND695012AAB,Trivandrum_Mnanthla_D (Kerala),Trivandrum,Kerala,0.0,0.0001,0,1,0,3,0.0,3.0,3.3,118.0,0.0021,0.1255
IND560066AAB,Bengaluru_Whitefld_L (Karnataka),Bengaluru,Karnataka,0.0,0.0001,1,0,2,0,0.0,2.0,0.0,116.0,0.0021,0.0652
IND475661AAB,Datia_TownDPP_D (Madhya Pradesh),Datia,Madhya Pradesh,0.0,0.0001,1,0,1,0,0.0,1.0,0.0,115.0,0.0021,0.0533
IND201005AAA,Ghaziabad_RjndrNgr_DC (Uttar Pradesh),Ghaziabad,Uttar Pradesh,0.0,0.0003,1,1,3,1,0.0,4.0,3.2857,112.0,0.002,0.1335
IND333504AAA,Khetri_NagarDPP_D (Rajasthan),Khetri,Rajasthan,0.0012,0.0003,1,1,1,2,0.0,3.0,1.7542,110.0,0.002,0.1037
IND177203AAA,Amb_Adrshngr_D (Himachal Pradesh),Amb,Himachal Pradesh,0.0,0.0001,0,1,0,3,0.0,3.0,1.5135,109.0,0.002,0.0964
IND784101AAA,Balipara_EragnDPP_D (Assam),Balipara,Assam,0.0004,0.0002,1,1,1,1,1.0,2.0,1.2812,107.0,0.0019,0.0857
IND476001AAA,Morena_Prjapati_D (Madhya Pradesh),Morena,Madhya Pradesh,0.0012,0.0002,1,1,3,1,1.0,4.0,2.2083,107.0,0.0019,0.1166
IND176215AAA,Dharamshala_GrudwrRd_D (Himachal Pradesh),Dharamshala,Himachal Pradesh,0.0,0.0001,0,1,0,3,0.0,3.0,1.8696,106.0,0.0019,0.1017
IND783370AAB,Kokrajhar_HplrdDPP_D (Assam),Kokrajhar,Assam,0.0,0.0001,0,1,0,2,0.0,2.0,2.1277,106.0,0.0019,0.0975
IND676306AAA,Tirurangadi_Kooriyad_D (Kerala),Tirurangadi,Kerala,0.0,0.0003,1,1,4,7,0.0,11.0,1.7,106.0,0.0019,0.1325
IND712612AAA,Kamarpukur_ChatiDPP_D (West Bengal),Kamarpukur,West Bengal,0.0,0.0002,1,1,1,3,0.0,4.0,1.6842,105.0,0.0019,0.1061
IND733124AAA,Gangarmpur_KhdimDPP_D (West Bengal),Gangarmpur,West Bengal,0.0,0.0002,1,0,3,0,0.0,3.0,0.0,104.0,0.0019,0.073
IND790114AAA,Bhalukpong_Khenewa_D (Arunachal Pradesh),Bhalukpong,Arunachal Pradesh,0.0,0.0004,2,0,2,0,1.0,2.0,0.0,104.0,0.0019,0.0663
IND679322AAA,Printhlmna_EmsPnmbi_D (Kerala),Printhlmna,Kerala,0.0,0.0003,1,1,3,1,0.0,4.0,2.2308,104.0,0.0019,0.116
IND757024AAA,Sankerko_AmbkaDPP_D (Orissa),Sankerko,Orissa,0.0,0.0001,0,1,0,1,0.0,1.0,2.6774,104.0,0.0019,0.0942
IND152116AAA,Abohar_DC (Punjab),Abohar,Punjab,0.0,0.0002,1,2,2,2,1.0,4.0,1.8285,102.0,0.0018,0.1078
IND272153AAC,Bansi_GangDPP_D (Uttar Pradesh),Bansi,Uttar Pradesh,0.0,0.0002,1,0,3,0,0.0,3.0,0.0,102.0,0.0018,0.0728
IND272207AAB,Naugarh_Central_D_1 (Uttar Pradesh),Naugarh,Uttar Pradesh,0.0,0.0001,0,1,0,3,0.0,3.0,3.0588,102.0,0.0018,0.1201
IND000000AFS,Mumbai_Skynet_INT (Maharashtra),Mumbai,Maharashtra,0.0,0.0002,1,0,1,0,0.0,1.0,0.0,101.0,0.0018,0.0526
IND400072AAI,Mumbai_Chndivli_D (Maharashtra),Mumbai,Maharashtra,0.0,0.0001,0,1,0,1,0.0,1.0,9.4167,101.0,0.0018,0.2004
IND768201AAA,Jharsuguda_MbRoad_D (Orissa),Jharsuguda,Orissa,0.0,0.0001,0,1,0,1,0.0,1.0,4.3333,100.0,0.0018,0.12
IND122015AAC,UNKNOWN,UNKNOWN,UNKNOWN,0.0,0.0001,1,0,2,0,0.0,2.0,0.0,100.0,0.0018,0.0635
IND000000AFJ,Trivandrum_Pettah_D (Kerala),Trivandrum,Kerala,0.0,0.0001,1,2,1,21,1.0,22.0,1.08,99.0,0.0018,0.1395
IND160003AAA,Chandigarh (Chandigarh),Chandigarh (Chandigarh),Chandigarh,0.0,0.0001,1,1,1,1,0.0,2.0,3.0,99.0,0.0018,0.1108
IND147201AAA,Nabha_Sahni_D (Punjab),Nabha,Punjab,0.0012,0.0003,2,1,7,7,0.3333,14.0,1.0909,98.0,0.0018,0.1302
IND244301AAA,Sambhal_Khwssrai_D (Uttar Pradesh),Sambhal,Uttar Pradesh,0.0012,0.0005,1,1,10,11,1.0,21.0,1.6129,98.0,0.0018,0.1521
IND221303AAA,Gopiganj_Wardno13_D (Uttar Pradesh),Gopiganj,Uttar Pradesh,0.0004,0.0002,1,1,2,3,0.0,5.0,1.625,98.0,0.0018,0.1106
IND394221AAA,Surat_Pandesra_Gateway (Gujarat),Surat,Gujarat,0.0,0.0001,1,0,2,0,0.0,2.0,0.0,97.0,0.0017,0.0632
IND343029AAB,Bhinmal_RwStnDPP_D (Rajasthan),Bhinmal,Rajasthan,0.0016,0.0003,1,1,2,2,0.0,4.0,1.4,97.0,0.0017,0.1041
IND841405AAA,Barauli_SiwanRd_D (Bihar),Barauli,Bihar,0.0,0.0001,0,1,0,1,0.0,1.0,2.1163,96.0,0.0017,0.0845
IND500032AAA,Hyd_Chandanagar_Dc (Telangana),Hyd,Telangana,0.0,0.0001,0,1,0,4,0.0,4.0,1.9795,95.0,0.0017,0.1087
IND560099AAA,Bengaluru_Bomsndra_PC (Karnataka),Bengaluru,Karnataka,0.0,0.0002,1,0,4,0,0.0,4.0,0.0,95.0,0.0017,0.0785
IND412803AAB,Wai_Central_DPP_3 (Maharashtra),Wai,Maharashtra,0.0004,0.0004,1,1,7,2,0.0,9.0,1.1151,95.0,0.0017,0.1184
IND560027AAA,Blr_Domlur (Karnataka),Blr,Karnataka,0.0,0.0001,0,1,0,4,0.0,4.0,2.2056,95.0,0.0017,0.1123
IND683572AAA,Angamaly_CivilStn_D (Kerala),Angamaly,Kerala,0.0,0.0001,0,1,0,13,0.0,13.0,1.3636,95.0,0.0017,0.1288
IND414203AAB,Ashti_SavtaHTL_D (Maharashtra),Ashti,Maharashtra,0.0,0.0002,1,1,1,1,1.0,2.0,1.7838,93.0,0.0017,0.0911
IND306304AAB,Raipur_BypRDDPP_D (Rajasthan),Raipur,Rajasthan,0.0,0.0003,1,1,1,1,1.0,2.0,1.913,92.0,0.0016,0.0943
IND721636AAB,Tamluk_Central_DPP_2 (West Bengal),Tamluk,West Bengal,0.0,0.0007,1,1,1,3,1.0,4.0,1.1951,92.0,0.0016,0.1018
IND152107AAA,Malout_DC (Punjab),Malout,Punjab,0.0,0.0002,2,1,2,1,1.0,3.0,3.0,91.0,0.0016,0.1191
IND125050AAA,Fatehabad_SirsaDPP_D (Haryana),Fatehabad,Haryana,0.0004,0.0002,1,1,1,2,1.0,3.0,1.7186,91.0,0.0016,0.0987
IND811307AAA,Jamui_Mehsouri_D (Bihar),Jamui,Bihar,0.0,0.0001,0,2,0,2,1.0,2.0,1.993,90.0,0.0016,0.0935
IND768028AAA,Bargarh_JJCpxDPP_D (Orissa),Bargarh,Orissa,0.0,0.0006,1,1,2,1,0.0,3.0,0.8289,90.0,0.0016,0.0886
IND148023AAA,Malerkotla_DC (Punjab),Malerkotla,Punjab,0.0008,0.0004,2,2,8,3,0.1667,11.0,1.4483,89.0,0.0016,0.1289
IND221010AAA,Varanasi (Uttar Pradesh),Varanasi (Uttar Pradesh),Uttar Pradesh,0.0004,0.0002,1,1,2,1,0.0,3.0,4.1667,87.0,0.0016,0.1369
IND152024AAA,Jalalabad_Muktsar_D (Punjab),Jalalabad,Punjab,0.0004,0.0002,1,1,2,2,1.0,4.0,1.7323,87.0,0.0016,0.1052
IND232327AAA,Gahmar_Wardnor4_D (Uttar Pradesh),Gahmar,Uttar Pradesh,0.0,0.0002,1,0,1,0,0.0,1.0,0.0,86.0,0.0015,0.0503
IND791110AAA,Naharlagun_JmpuCntr_D (Arunachal Pradesh),Naharlagun,Arunachal Pradesh,0.0,0.0001,0,1,0,1,0.0,1.0,3.5294,86.0,0.0015,0.1056
IND312601AAA,Nimbahera_MsjidDPP_D (Rajasthan),Nimbahera,Rajasthan,0.0008,0.0003,1,1,6,6,0.0,12.0,1.1616,86.0,0.0015,0.1259
IND403002AAA,Central Goa (Goa),Central Goa (Goa),Goa,0.0,0.0004,1,1,4,1,0.0,5.0,2.6207,86.0,0.0015,0.1265
IND673639AAA,Areacode_Puthalam_D (Kerala),Areacode,Kerala,0.0,0.0005,2,0,4,0,0.0,4.0,0.0,86.0,0.0015,0.0804
IND791109AAA,Nirjuli_BageDPP_D (Arunachal Pradesh),Nirjuli,Arunachal Pradesh,0.0,0.0001,0,1,0,1,0.0,1.0,3.5758,85.0,0.0015,0.1062
IND307001AAA,Sirohi_Ricco_D (Rajasthan),Sirohi,Rajasthan,0.0012,0.0004,1,1,2,2,0.0,4.0,1.5577,85.0,0.0015,0.1053
IND176001AAA,Kangra_Gurkhari_D (Himachal Pradesh),Kangra,Himachal Pradesh,0.0,0.0002,1,0,2,0,0.0,2.0,0.0,83.0,0.0015,0.0624
IND333001AAA,Jhunjhunu_DC (Rajasthan),Jhunjhunu,Rajasthan,0.0,0.0002,1,1,3,3,1.0,6.0,1.3784,83.0,0.0015,0.1083
IND577432AAA,Thirthahalli_NadthiCx_D (Karnataka),Thirthahalli,Karnataka,0.0004,0.0002,1,1,1,1,1.0,2.0,2.1,83.0,0.0015,0.0956
IND501301AAC,Ghatkesar_Central_D_1 (Telangana),Ghatkesar,Telangana,0.0004,0.0002,1,1,2,2,0.0,4.0,3.5315,82.0,0.0015,0.1333
IND273303AAA,Maharajganj_PakriDPP_D (Uttar Pradesh),Maharajganj,Uttar Pradesh,0.0,0.0003,1,1,1,1,0.0,2.0,4.0417,81.0,0.0015,0.1262
IND636005AAA,Salem_Kadtmpty_H (Tamil Nadu),Salem,Tamil Nadu,0.0,0.0001,0,2,0,5,0.0,5.0,2.0,81.0,0.0015,0.1126
IND636352AAA,Thoppur_HghsclRD_D (Tamil Nadu),Thoppur,Tamil Nadu,0.0,0.0001,0,1,0,5,0.0,5.0,1.6,79.0,0.0014,0.106
IND331022A1B,UNKNOWN,UNKNOWN,UNKNOWN,0.0,0.0001,0,1,0,1,0.0,1.0,2.6122,79.0,0.0014,0.0902
IND600013AAA,Chennai_Royapuram (Tamil Nadu),Chennai,Tamil Nadu,0.0,0.0002,1,0,2,0,0.0,2.0,0.0,79.0,0.0014,0.0613
IND331001A1C,UNKNOWN,UNKNOWN,UNKNOWN,0.0,0.0002,1,0,1,0,0.0,1.0,0.0,79.0,0.0014,0.0499
IND732139AAA,Samsi_RatuaDPP_D (West Bengal),Samsi,West Bengal,0.0,0.0016,2,2,7,2,0.6667,9.0,2.6427,79.0,0.0014,0.1531
IND389230AAB,Lunawada_VrdhriRD_D (Gujarat),Lunawada,Gujarat,0.0,0.0002,1,0,1,0,0.0,1.0,0.0,77.0,0.0014,0.0497
IND110093AAA,Delhi_Shahdara (Delhi),Delhi,Delhi,0.0,0.0002,1,1,1,1,0.0,2.0,3.2222,76.0,0.0014,0.1116
IND484551AAA,PaliBirsighpr_CtyLgDPP_D (Madhya Pradesh),PaliBirsighpr,Madhya Pradesh,0.0,0.0002,1,1,1,1,1.0,2.0,2.0385,76.0,0.0014,0.0931
IND152101AAA,Giddarbaha_DC (Punjab),Giddarbaha,Punjab,0.0,0.0001,1,1,1,2,0.0,3.0,2.0064,76.0,0.0014,0.1006
IND500035AAA,Hyd_LB-Nagar_Dc (Telangana),Hyd,Telangana,0.0,0.0002,1,1,2,1,0.0,3.0,2.75,75.0,0.0013,0.1125
IND671323AAD,Manjeshwar_Central_D_1 (Kerala),Manjeshwar,Kerala,0.0004,0.0003,1,1,3,1,0.0,4.0,1.5625,74.0,0.0013,0.1015
IND360311AAA,Gondal_DC (Gujarat),Gondal,Gujarat,0.0,0.0002,1,1,2,1,0.0,3.0,1.3778,73.0,0.0013,0.0909
IND584128AAA,Sindhanur_VasaviNg_D (Karnataka),Sindhanur,Karnataka,0.0004,0.0003,1,1,1,2,0.0,3.0,2.2243,71.0,0.0013,0.1051
IND506343AAA,Mulugu_LaxmiNGR_D (Telangana),Mulugu,Telangana,0.0012,0.0002,1,1,2,2,0.0,4.0,1.3476,71.0,0.0013,0.0981
IND364270AAA,Palitana_STRdDPP_D (Gujarat),Palitana,Gujarat,0.0,0.0001,0,1,0,2,0.0,2.0,1.8967,70.0,0.0013,0.0893
IND364001AAA,Bhavnagar_Dc (Gujarat),Bhavnagar,Gujarat,0.0,0.0002,1,0,2,0,0.0,2.0,0.0,70.0,0.0013,0.0603
IND360410AAA,Dhoraji_JmnvadRd_DC (Gujarat),Dhoraji,Gujarat,0.0,0.0006,1,1,1,2,0.0,3.0,2.8242,68.0,0.0012,0.1168
IND505503AAA,Mahadevpur_Kataram_D (Telangana),Mahadevpur,Telangana,0.0004,0.0003,1,1,1,1,0.0,2.0,2.2821,68.0,0.0012,0.0981
IND571438AAB,Srirangapatna_Bburynkpl_D (Karnataka),Srirangapatna,Karnataka,0.0,0.0001,0,1,0,9,0.0,9.0,1.2581,68.0,0.0012,0.1137
IND495004AAA,Bilaspur_Torwa_DC (Chhattisgarh),Bilaspur,Chhattisgarh,0.0,0.0001,0,1,0,1,0.0,1.0,2.5581,67.0,0.0012,0.0875
IND495671AAA,Champa_Brplicwk_D (Chhattisgarh),Champa,Chhattisgarh,0.0,0.0002,1,0,1,0,0.0,1.0,0.0,67.0,0.0012,0.0481
IND752055AAA,Khurdha_MunplDPP_D (Orissa),Khurdha,Orissa,0.0,0.0001,1,2,2,2,1.0,4.0,1.4615,66.0,0.0012,0.0967
IND244901AAC,Rampur_ThanaDPP_D (Uttar Pradesh),Rampur,Uttar Pradesh,0.0,0.0002,1,1,2,1,0.0,3.0,1.75,66.0,0.0012,0.0953
IND505326AAA,Koratla_BhemuDPP_D (Telangana),Koratla,Telangana,0.0,0.0001,0,1,0,1,0.0,1.0,2.8286,64.0,0.0011,0.0913
IND411033AAB,Pune_Chinchwad DC (Maharashtra),Pune,Maharashtra,0.0,0.0001,0,1,0,1,0.0,1.0,5.2667,64.0,0.0011,0.1298
IND411057AAF,Pune_East_D_7 (Maharashtra),Pune,Maharashtra,0.0,0.0002,1,0,1,0,0.0,1.0,0.0,64.0,0.0011,0.0476
IND148102AAA,Bhadaur_BChwkDPP_D (Punjab),Bhadaur,Punjab,0.0004,0.0005,1,1,5,1,1.0,6.0,1.8276,64.0,0.0011,0.1159
IND584123AAA,Manvi_APMCYard_D (Karnataka),Manvi,Karnataka,0.0008,0.0002,1,1,2,1,0.0,3.0,1.4444,63.0,0.0011,0.0912
IND752050AAA,Khurdha_JatniDPP_D (Orissa),Khurdha,Orissa,0.0,0.0002,2,2,2,3,0.8333,5.0,2.3333,63.0,0.0011,0.1157
IND462021AAA,Bhopal_Indrapri_DC (Madhya Pradesh),Bhopal,Madhya Pradesh,0.0,0.0001,0,1,0,1,0.0,1.0,6.7273,63.0,0.0011,0.1527
IND500055AAA,Hyd_Trimulgherry_Dc (Telangana),Hyd,Telangana,0.0,0.0002,1,2,1,2,1.0,3.0,2.4961,61.0,0.0011,0.1063
IND445101AAA,Nagpur_Gondkhry_H (Maharashtra),Nagpur,Maharashtra,0.0,0.0001,0,1,0,1,0.0,1.0,3.8095,59.0,0.0011,0.1059
IND440014AAA,Nagpur_Jaripatk_DC (Maharashtra),Nagpur,Maharashtra,0.0,0.0002,1,0,1,0,0.0,1.0,0.0,59.0,0.0011,0.0467
IND473551AAA,Shivpuri_BypassRD_D (Madhya Pradesh),Shivpuri,Madhya Pradesh,0.0,0.0001,1,0,1,0,0.0,1.0,0.0,59.0,0.0011,0.046
IND638052AAA,Perundurai_Viveka_DC (Tamil Nadu),Perundurai,Tamil Nadu,0.0,0.0003,1,0,3,0,0.0,3.0,0.0,59.0,0.0011,0.0676
IND571401AAA,Mandya_Dc (Karnataka),Mandya,Karnataka,0.0,0.0002,1,1,9,10,0.0,19.0,0.9891,58.0,0.001,0.1288
IND246761AAA,Dhampur_NaginaRD_D (Uttar Pradesh),Dhampur,Uttar Pradesh,0.002,0.0006,1,3,11,12,0.5,23.0,0.48,58.0,0.001,0.133
IND122002AAD,Gurgaon_Central_D_15 (Haryana),Gurgaon,Haryana,0.0,0.0001,0,1,0,2,0.0,2.0,2.285,57.0,0.001,0.0931
IND741101AAB,Krishnanagar_AnadiDPP_D (West Bengal),Krishnanagar,West Bengal,0.0004,0.0002,1,1,1,1,0.0,2.0,2.6667,57.0,0.001,0.1004
IND360003AAA,Rajkot_Kothriya_DC (Gujarat),Rajkot,Gujarat,0.0,0.0001,0,1,0,2,0.0,2.0,2.1023,56.0,0.001,0.0901
IND583121AAA,Siruguppa_Wrd12DPP_D (Karnataka),Siruguppa,Karnataka,0.0,0.0003,1,0,2,0,0.0,2.0,0.0,55.0,0.001,0.059
IND733202AAB,Islampure_ShbdnDPP_D (West Bengal),Islampure,West Bengal,0.0,0.0002,1,1,1,1,0.0,2.0,1.3226,52.0,0.0009,0.078
IND303338AAB,Phulera_NarenaRD_D (Rajasthan),Phulera,Rajasthan,0.0,0.0004,2,1,6,6,0.0,12.0,0.9386,52.0,0.0009,0.1158
IND332715AAB,Shrimadhopur_RLSTNDPP_D (Rajasthan),Shrimadhopur,Rajasthan,0.0,0.0002,1,0,1,0,0.0,1.0,0.0,52.0,0.0009,0.0447
IND506164AAA,Parkal_AmbedDPP_D (Telangana),Parkal,Telangana,0.0,0.0004,1,0,1,0,0.0,1.0,0.0,50.0,0.0009,0.0469
IND636005AAC,Salem_Kadtmpty_D (Tamil Nadu),Salem,Tamil Nadu,0.0,0.0001,1,0,1,0,0.0,1.0,0.0,49.0,0.0009,0.0438
IND600056AAD,Chennai_Poonamallee_L (Tamil Nadu),Chennai,Tamil Nadu,0.0,0.0002,1,0,1,0,0.0,1.0,0.0,48.0,0.0009,0.0438
IND491001AAA,Durg_Pulgaon_DC (Chhattisgarh),Durg,Chhattisgarh,0.0,0.0001,0,1,0,1,0.0,1.0,1.4393,47.0,0.0008,0.0659
IND506169AAB,Bhupalpally_JwahrNGR_D (Telangana),Bhupalpally,Telangana,0.0008,0.0003,1,1,2,1,0.0,3.0,2.125,47.0,0.0008,0.0997
IND768028AAB,Bargarh_GurpdDPP_D (Orissa),Bargarh,Orissa,0.0,0.0004,1,1,1,1,0.0,2.0,0.9803,46.0,0.0008,0.0728
IND764073AAA,Umerkote_Central_DPP_1 (Orissa),Umerkote,Orissa,0.0,0.0003,1,0,2,0,0.0,2.0,0.0,45.0,0.0008,0.0565
IND110087AAA,Delhi_Paschim_DC (Delhi),Delhi,Delhi,0.0,0.0003,1,0,3,0,0.0,3.0,0.0,45.0,0.0008,0.065
IND425401AAA,Amalner_Murtingr_D (Maharashtra),Amalner,Maharashtra,0.0,0.0001,1,1,1,1,0.0,2.0,1.5484,44.0,0.0008,0.0789
IND231001AAA,Mirzapur_JangiRd_D (Uttar Pradesh),Mirzapur,Uttar Pradesh,0.0,0.0003,1,0,3,0,0.0,3.0,0.0,43.0,0.0008,0.0643
IND306902AAA,Sumerpur_BazarDPP_D (Rajasthan),Sumerpur,Rajasthan,0.0008,0.0004,1,1,2,1,0.0,3.0,1.5185,43.0,0.0008,0.0907
IND250609AAA,Baghpat_Barout_D (Uttar Pradesh),Baghpat,Uttar Pradesh,0.0,0.0001,1,0,1,0,0.0,1.0,0.0,43.0,0.0008,0.0424
IND638452AAA,Gobicheti_Ward25_D (Tamil Nadu),Gobicheti,Tamil Nadu,0.0,0.0007,1,1,12,3,0.0,15.0,1.1667,42.0,0.0008,0.1263
IND733201AAA,Dalkhola_DltprDPP_D (West Bengal),Dalkhola,West Bengal,0.0,0.0001,0,1,0,1,0.0,1.0,2.0,42.0,0.0008,0.0736
IND623526AAA,Rameswram_Kdthdstrt_D (Tamil Nadu),Rameswram,Tamil Nadu,0.0,0.0004,1,1,7,8,0.0,15.0,1.0608,41.0,0.0007,0.1216
IND733210AAA,Lodhan_GoalpDPP_D (West Bengal),Lodhan,West Bengal,0.0,0.0004,2,0,2,0,0.0,2.0,0.0,40.0,0.0007,0.0561
IND110005AAA,Delhi_Todapur_DC (Delhi),Delhi,Delhi,0.0,0.0002,1,0,2,0,0.0,2.0,0.0,39.0,0.0007,0.0533
IND828205AAA,Nirsa_ShantiDPP_D (Jharkhand),Nirsa,Jharkhand,0.0,0.0002,1,0,1,0,0.0,1.0,0.0,39.0,0.0007,0.0418
IND390018AAB,Vadodara_Karelibaug_DC (Gujarat),Vadodara,Gujarat,0.0,0.0002,1,1,1,1,0.0,2.0,2.0,38.0,0.0007,0.0848
IND679329AAA,Nilambur_StteHW28_D (Kerala),Nilambur,Kerala,0.0,0.0001,0,1,0,3,0.0,3.0,1.619,38.0,0.0007,0.0865
IND221005A1A,UNKNOWN,UNKNOWN,UNKNOWN,0.0,0.0002,1,0,1,0,0.0,1.0,0.0,38.0,0.0007,0.0422
IND517325AAA,Madnapalle_PngnrRd_D (Andhra Pradesh),Madnapalle,Andhra Pradesh,0.0,0.0001,0,1,0,1,0.0,1.0,2.1562,37.0,0.0007,0.0746
IND464001AAA,Vidisha_ShrprDPP_D (Madhya Pradesh),Vidisha,Madhya Pradesh,0.0,0.0001,0,1,0,1,0.0,1.0,1.5441,37.0,0.0007,0.065
IND517408AAA,Palamaner_Lakshmi_D (Andhra Pradesh),Palamaner,Andhra Pradesh,0.0,0.0002,1,0,1,0,0.0,1.0,0.0,37.0,0.0007,0.0416
IND272175AAA,Khalilabad_MrgnjDPP_D (Uttar Pradesh),Khalilabad,Uttar Pradesh,0.0,0.0002,1,0,2,0,0.0,2.0,0.0,37.0,0.0007,0.0529
IND741121AAA,Badkulla_Central_DPP_1 (West Bengal),Badkulla,West Bengal,0.0,0.0001,0,1,0,1,0.0,1.0,2.7895,34.0,0.0006,0.0837
IND250221AAA,Daurala_Sardhnrd_D (Uttar Pradesh),Daurala,Uttar Pradesh,0.0,0.0001,0,1,0,1,0.0,1.0,3.125,34.0,0.0006,0.089
IND591126AAA,Saundatti_ShanthiS_D (Karnataka),Saundatti,Karnataka,0.0,0.0001,0,1,0,2,0.0,2.0,1.5225,33.0,0.0006,0.0751
IND500084AAB,Hyderabad_Kondapur_D (Telangana),Hyderabad,Telangana,0.0,0.0002,1,0,1,0,0.0,1.0,0.0,33.0,0.0006,0.0398
IND396210AAA,Daman_DC (Daman & Diu),Daman,Daman & Diu,0.0,0.0001,1,0,1,0,0.0,1.0,0.0,32.0,0.0006,0.0393
IND623503AAA,Ramnthpurm_TnhbBlkC_D (Tamil Nadu),Ramnthpurm,Tamil Nadu,0.0,0.0003,1,1,7,7,0.0,14.0,0.9014,31.0,0.0006,0.1135
IND425109AAA,Erandol_BsStdDPP_D (Maharashtra),Erandol,Maharashtra,0.0004,0.0002,1,1,1,1,0.0,2.0,1.35,31.0,0.0006,0.0736
IND733202AAC,Islampure_Central_DPP_2 (West Bengal),Islampure,West Bengal,0.0,0.0001,0,1,0,1,0.0,1.0,2.1538,30.0,0.0005,0.0723
IND690537AAA,Kayamkulam_Bhrnikvu_D (Kerala),Kayamkulam,Kerala,0.0,0.0001,0,1,0,1,0.0,1.0,2.0714,30.0,0.0005,0.071
IND110046AAA,Delhi_Lajwanti (Delhi),Delhi,Delhi,0.0,0.0001,1,0,1,0,0.0,1.0,0.0,30.0,0.0005,0.0385
IND686141AAA,Vaikom_KotyamRD_D (Kerala),Vaikom,Kerala,0.0,0.0003,1,0,1,0,0.0,1.0,0.0,30.0,0.0005,0.04
IND844101AAB,Hajipur_ThaneDPP_D (Bihar),Hajipur,Bihar,0.0,0.0001,0,1,0,1,0.0,1.0,2.6111,29.0,0.0005,0.0792
IND741316AAA,Nabadwip_Srirmpur_D (West Bengal),Nabadwip,West Bengal,0.0,0.0002,1,0,2,0,0.0,2.0,0.0,28.0,0.0005,0.0505
IND754160AAA,Tirtol_Central_D_2 (Orissa),Tirtol,Orissa,0.0,0.0001,0,1,0,1,0.0,1.0,2.0,28.0,0.0005,0.0692
IND826001AAC,Dhanbad_Central_D_4 (Jharkhand),Dhanbad,Jharkhand,0.0,0.0001,0,1,0,2,0.0,2.0,2.5556,28.0,0.0005,0.0897
IND600083AAA,Chennai_AshokNagar_DC (Tamil Nadu),Chennai,Tamil Nadu,0.0,0.0001,0,1,0,2,0.0,2.0,2.0357,27.0,0.0005,0.0811
IND530018AAA,Vizag _NAD (Andhra Pradesh),Vizag,Andhra Pradesh,0.0,0.0001,0,1,0,1,0.0,1.0,4.375,27.0,0.0005,0.1063
IND500039AAB,Hyd_Uppal_Dc (Telangana),Hyd,Telangana,0.0,0.0001,0,1,0,2,0.0,2.0,2.325,24.0,0.0004,0.0844
IND272155AAA,Harraiya_MahuGDPP_D (Uttar Pradesh),Harraiya,Uttar Pradesh,0.0,0.0001,0,1,0,3,0.0,3.0,1.2917,23.0,0.0004,0.0759
IND751021AAA,Bhubaneswar_Patia (Orissa),Bhubaneswar,Orissa,0.0,0.0001,0,1,0,1,0.0,1.0,3.2,22.0,0.0004,0.0855
IND226024AAA,Lucknow_Aliganj (Uttar Pradesh),Lucknow,Uttar Pradesh,0.0,0.0001,1,0,1,0,0.0,1.0,0.0,22.0,0.0004,0.0351
IND560099AAG,Bengaluru_Bomsndra_L (Karnataka),Bengaluru,Karnataka,0.0,0.0001,0,1,0,2,0.0,2.0,1.8036,21.0,0.0004,0.0747
IND761020AAA,Berhampur_Chatrpr_DC (Orissa),Berhampur,Orissa,0.0,0.0003,1,0,1,0,0.0,1.0,0.0,21.0,0.0004,0.0367
IND741502AAB,Hanskhali_Central_D_1 (West Bengal),Hanskhali,West Bengal,0.0,0.0003,1,0,1,0,0.0,1.0,0.0,20.0,0.0004,0.0355
IND148001AAA,Sangrur_DC (Punjab),Sangrur,Punjab,0.0,0.0003,1,0,2,0,0.0,2.0,0.0,20.0,0.0004,0.0479
IND302033AAB,Jaipur_Central_D_1 (Rajasthan),Jaipur,Rajasthan,0.0,0.0002,1,0,1,0,0.0,1.0,0.0,19.0,0.0003,0.034
IND400078AAB,Mumbai_Bhandup West_Dc (Maharashtra),Mumbai,Maharashtra,0.0,0.0001,1,0,1,0,0.0,1.0,0.0,19.0,0.0003,0.0335
IND148024AAB,Dhuri_DMComDPP_D (Punjab),Dhuri,Punjab,0.0,0.0002,1,0,1,0,0.0,1.0,0.0,18.0,0.0003,0.0339
IND000000ACO,Kasaragod_Nullipad_D (Kerala),Kasaragod,Kerala,0.0,0.0003,1,0,1,0,0.0,1.0,0.0,18.0,0.0003,0.0351
IND756045AAB,Soro_UttarDPP_D (Orissa),Soro,Orissa,0.0299,0.0002,1,1,1,1,0.0,2.0,1.6875,18.0,0.0003,0.1191
IND211010AAB,Allahabad_Mirapati_L (Uttar Pradesh),Allahabad,Uttar Pradesh,0.0,0.0001,0,1,0,1,0.0,1.0,4.0,18.0,0.0003,0.0961
IND360050AAA,Jasdan_MotiDPP_D (Gujarat),Jasdan,Gujarat,0.0,0.0003,1,0,1,0,0.0,1.0,0.0,17.0,0.0003,0.0341
IND505172AAA,Peddapalli_UdaynDPP_D (Telangana),Peddapalli,Telangana,0.0,0.0002,1,0,1,0,0.0,1.0,0.0,17.0,0.0003,0.0331
IND431103AAA,Kannad_KolheDPP_D (Maharashtra),Kannad,Maharashtra,0.0,0.0003,1,0,1,0,0.0,1.0,0.0,15.0,0.0003,0.0333
IND752030AAA,Balugaon_Thikiri_D (Orissa),Balugaon,Orissa,0.0,0.0001,0,1,0,1,0.0,1.0,1.6818,15.0,0.0003,0.0575
IND110085AAA,North Delhi (Delhi),North Delhi (Delhi),Delhi,0.0,0.0002,1,0,1,0,0.0,1.0,0.0,14.0,0.0003,0.0309
IND176001AAB,Kangra_Central_D_2 (Himachal Pradesh),Kangra,Himachal Pradesh,0.0,0.0002,1,0,1,0,0.0,1.0,0.0,13.0,0.0002,0.0301
IND396105AAA,Bhilad_Umargaon_DC (Gujarat),Bhilad,Gujarat,0.0,0.0002,1,1,2,2,0.0,4.0,2.1587,13.0,0.0002,0.0906
IND560099AAH,Bengaluru_South_D_20 (Karnataka),Bengaluru,Karnataka,0.0,0.0001,0,1,0,1,0.0,1.0,1.7647,13.0,0.0002,0.0573
IND600073AAA,Chennai_Selaiyur_DC (Tamil Nadu),Chennai,Tamil Nadu,0.0,0.0001,0,1,0,1,0.0,1.0,1.9167,11.0,0.0002,0.058
IND141010AAA,Ludhiana_DC (Punjab),Ludhiana,Punjab,0.0,0.0001,0,1,0,1,0.0,1.0,1.8182,9.0,0.0002,0.0544
IND400016AAA,Mumbai Mahim (Maharashtra),Mumbai Mahim (Maharashtra),Maharashtra,0.0,0.0001,0,1,0,1,0.0,1.0,1.8,8.0,0.0001,0.053
IND333502AAA,Buhana_CourtDPP_D (Rajasthan),Buhana,Rajasthan,0.0,0.0003,1,0,1,0,0.0,1.0,0.0,7.0,0.0001,0.0247
IND395010AAB,Surat_Brpc (Gujarat),Surat,Gujarat,0.0,0.0001,0,1,0,1,0.0,1.0,1.4375,7.0,0.0001,0.0459
IND484224AAA,Anuppur_JthriDPP_DC (Madhya Pradesh),Anuppur,Madhya Pradesh,0.0,0.0003,1,1,3,1,1.0,4.0,0.9688,7.0,0.0001,0.0666
IND122101AAC,Gurgaon_SohnaRd_D (Haryana),Gurgaon,Haryana,0.0,0.0002,1,0,1,0,0.0,1.0,0.0,6.0,0.0001,0.0221
IND678583AAA,Thachnttukra_Nattukal_D (Kerala),Thachnttukra,Kerala,0.0,0.0002,1,0,1,0,0.0,1.0,0.0,6.0,0.0001,0.0225
IND110077AAA,Delhi_Palam (Delhi),Delhi,Delhi,0.0,0.0001,0,1,0,1,0.0,1.0,1.3333,5.0,0.0001,0.0411
IND781018AAA,Guwahati_East (Assam),Guwahati,Assam,0.0,0.0001,0,1,0,2,0.0,2.0,1.0629,4.0,0.0001,0.0465
IND711409AAA,Howrah_Salap_DC (West Bengal),Howrah,West Bengal,0.0,0.0001,1,0,1,0,0.0,1.0,0.0,3.0,0.0001,0.0156
IND690573AAA,Karungaply_Mrtrklgr_D (Kerala),Karungaply,Kerala,0.0,0.0002,1,0,1,0,0.0,1.0,0.0,3.0,0.0001,0.0159
IND465333A1B,UNKNOWN,UNKNOWN,UNKNOWN,0.0,0.0002,1,2,2,2,1.0,4.0,0.9457,0.0,0.0,0.0425
IND624601AAA,Palani_RjndraRd_D (Tamil Nadu),Palani,Tamil Nadu,0.0,0.0009,1,2,10,17,0.3333,27.0,0.7852,-5.0,-0.0001,
IND562160AAB,Chanapatna_Central_D_2 (Karnataka),Chanapatna,Karnataka,0.0,0.0003,1,0,10,0,0.0,10.0,0.0,-10.0,-0.0002,
IND151505AAA,Mansa_GreenVly_D (Punjab),Mansa,Punjab,0.0008,0.0007,1,1,16,5,0.0,21.0,1.7692,-31.0,-0.0006,
IND345001AAA,Jaisalmer_Gopa3PL_D (Rajasthan),Jaisalmer,Rajasthan,0.0,0.0002,1,2,6,5,1.0,11.0,1.3377,-50.0,-0.0009,
IND624202AAA,Batlagundu_RTOofice_D (Tamil Nadu),Batlagundu,Tamil Nadu,0.0,0.0008,1,1,10,11,0.0,21.0,1.5217,-107.0,-0.0019,
IND792001AAA,Tezu_Farmnala_D (Arunachal Pradesh),Tezu,Arunachal Pradesh,0.0008,0.0007,1,2,11,3,0.6667,14.0,1.6512,-110.0,-0.002,
IND151302AAA,TalwandiSabo_Wardno3_D (Punjab),TalwandiSabo,Punjab,0.0008,0.0007,1,1,17,16,0.0,33.0,0.8704,-262.0,-0.0047,
IND244501AAA,Kanth_Dayanand_D (Uttar Pradesh),Kanth,Uttar Pradesh,0.0,0.0005,1,1,10,8,1.0,18.0,1.3099,-354.0,-0.0063,
IND624101AAA,Kodaikanal_Athithnr_DC (Tamil Nadu),Kodaikanal,Tamil Nadu,0.0,0.0008,1,1,15,10,0.0,25.0,0.712,-682.0,-0.0122,
